Listing Title,Price,Total Sales,Est. Mo. Sales,Favorites,Shop Name,Tags,URL,_pt
Handmade Personalized Custom Shape Acrylic Ornament For Sister Mother's Day Gift Gift 2026,15.59,1632,272,1818,Shop807Studio,"gift for him,custom,gift for her,personalized gift",https://www.etsy.com/listing/495652217,acrylic-ornament
Custom Custom acrylic ornament - Free Shipping,24.58,1068,178,953,Shop814Studio,"personalized gift,ornaments,acrylic,custom",https://www.etsy.com/listing/467675779,acrylic-ornament
Unique Personalized acrylic ornament gift For Sister Christmas Gift Keepsake,20.12,1722,287,1923,Shop363Studio,"handmade,gift for her,personalized gift,custom",https://www.etsy.com/listing/250275627,acrylic-ornament
Custom Custom Shape Acrylic Ornament For Couple Gift 2026,22.05,606,101,294,Shop547Studio,"ornaments,keepsake,custom,personalized gift",https://www.etsy.com/listing/715330595,acrylic-ornament
Custom Acrylic Ornament For Dad Wedding Gift Keepsake,18.02,1326,221,794,Shop787Studio,"ornaments,gift for her,personalized gift,gift for him",https://www.etsy.com/listing/763227638,acrylic-ornament
Personalized Custom Shape Acrylic Ornament,23.91,192,32,175,Shop591Studio,"acrylic,gift for him,personalized gift,handmade",https://www.etsy.com/listing/696968211,acrylic-ornament
Custom Custom Shape Acrylic Ornament | Best Gift Idea,22.79,366,61,137,Shop261Studio,"ornaments,gift for him,keepsake,personalized gift",https://www.etsy.com/listing/257666661,acrylic-ornament
Handmade Acrylic Ornament,24.79,264,44,94,Shop236Studio,"personalized gift,custom,gift for her,handmade",https://www.etsy.com/listing/348262521,acrylic-ornament
Handmade Custom Custom Shape Acrylic Ornament - Free Shipping,23.18,132,22,87,Shop589Studio,"handmade,custom,gift for him,personalized gift",https://www.etsy.com/listing/108924576,acrylic-ornament
Custom Personalized acrylic ornament gift Mother's Day Gift | Best Gift Idea,29.78,882,147,971,Shop704Studio,"acrylic,gift for her,ornaments,handmade",https://www.etsy.com/listing/133671300,acrylic-ornament
Custom Custom Shape Acrylic Ornament For Dad Gift 2026,26.1,408,68,254,Shop659Studio,"gift for him,ornaments,personalized gift,handmade",https://www.etsy.com/listing/579841149,acrylic-ornament
Custom Shape Acrylic Ornament - Free Shipping,22.7,3834,639,4703,Shop204Studio,"personalized gift,keepsake,gift for him,acrylic",https://www.etsy.com/listing/436291955,acrylic-ornament
Personalized acrylic ornament gift Christmas Gift Keepsake,29.26,270,45,314,Shop901Studio,"acrylic,gift for her,personalized gift,ornaments",https://www.etsy.com/listing/140306353,acrylic-ornament
Personalized Custom Shape Acrylic Ornament,21.28,918,153,318,Shop256Studio,"gift for him,ornaments,handmade,acrylic",https://www.etsy.com/listing/366881684,acrylic-ornament
Unique Acrylic Ornament Graduation Gift Keepsake,16.16,2112,352,980,Shop822Studio,"handmade,custom,acrylic,personalized gift",https://www.etsy.com/listing/370853822,acrylic-ornament
Personalized Custom Shape Acrylic Ornament | Best Gift Idea,21.02,492,82,437,Shop357Studio,"handmade,custom,acrylic,gift for him",https://www.etsy.com/listing/477202887,acrylic-ornament
Unique Custom Shape Acrylic Ornament Gift 2026,19.4,246,41,86,Shop823Studio,"keepsake,custom,personalized gift,acrylic",https://www.etsy.com/listing/309376667,acrylic-ornament
Custom Custom Custom Shape Acrylic Ornament Gift 2026,18.14,570,95,561,Shop642Studio,"gift for him,custom,gift for her,ornaments",https://www.etsy.com/listing/312996126,acrylic-ornament
Handmade Personalized acrylic ornament gift Housewarming Gift,23.5,660,110,764,Shop386Studio,"keepsake,ornaments,gift for him,handmade",https://www.etsy.com/listing/240274778,acrylic-ornament
Custom Personalized Custom Shape Acrylic Ornament For Grandma Memorial Gift,19.56,1140,190,1053,Shop563Studio,"custom,keepsake,personalized gift,gift for her",https://www.etsy.com/listing/762412006,acrylic-ornament
Handmade Personalized acrylic ornament gift For Sister Housewarming Gift,28.92,6096,1016,4569,Shop353Studio,"gift for him,acrylic,handmade,personalized gift",https://www.etsy.com/listing/183988903,acrylic-ornament
Personalized acrylic ornament gift Christmas Gift Keepsake,17.11,1392,232,1580,Shop858Studio,"personalized gift,gift for her,gift for him,keepsake",https://www.etsy.com/listing/221096987,acrylic-ornament
Custom Custom acrylic ornament Keepsake,22.78,744,124,446,Shop516Studio,"handmade,custom,gift for him,acrylic",https://www.etsy.com/listing/309312946,acrylic-ornament
Personalized Custom Custom Shape Acrylic Ornament For Couple Wedding Gift,27.72,684,114,854,Shop716Studio,"gift for her,gift for him,handmade,personalized gift",https://www.etsy.com/listing/863704439,acrylic-ornament
Custom Custom Custom Shape Acrylic Ornament Gift 2026,26.35,492,82,263,Shop668Studio,"custom,gift for her,personalized gift,keepsake",https://www.etsy.com/listing/652941766,acrylic-ornament
Acrylic Ornament Birthday Gift Keepsake,16.84,870,145,986,Shop465Studio,"personalized gift,gift for him,keepsake,handmade",https://www.etsy.com/listing/181094889,acrylic-ornament
Handmade Personalized Custom Shape Acrylic Ornament For Teacher,24.68,2622,437,2095,Shop253Studio,"custom,gift for him,keepsake,handmade",https://www.etsy.com/listing/542937893,acrylic-ornament
Custom Personalized Custom Shape Acrylic Ornament Memorial Gift,23.62,3498,583,2630,Shop928Studio,"custom,gift for him,gift for her,ornaments",https://www.etsy.com/listing/835402856,acrylic-ornament
Custom Custom acrylic ornament For Mom Wedding Gift,26.4,1308,218,1008,Shop763Studio,"ornaments,acrylic,handmade,gift for him",https://www.etsy.com/listing/424704689,acrylic-ornament
Custom Custom acrylic ornament For Best Friend,24.44,1974,329,2336,Shop745Studio,"acrylic,gift for her,handmade,custom",https://www.etsy.com/listing/717486728,acrylic-ornament
Acrylic Ornament For Couple Housewarming Gift Keepsake,23.93,450,75,563,Shop512Studio,"acrylic,custom,keepsake,gift for her",https://www.etsy.com/listing/891280021,acrylic-ornament
Custom acrylic ornament Graduation Gift Keepsake,22.61,510,85,216,Shop711Studio,"acrylic,ornaments,gift for him,gift for her",https://www.etsy.com/listing/868911978,acrylic-ornament
Handmade Custom acrylic ornament,21.48,726,121,279,Shop837Studio,"keepsake,gift for him,handmade,custom",https://www.etsy.com/listing/320394511,acrylic-ornament
Handmade Custom Shape Acrylic Ornament Gift 2026,27.84,2466,411,921,Shop510Studio,"ornaments,gift for him,acrylic,keepsake",https://www.etsy.com/listing/593440995,acrylic-ornament
Acrylic Ornament For Sister,25.54,666,111,874,Shop273Studio,"keepsake,acrylic,gift for him,custom",https://www.etsy.com/listing/138115496,acrylic-ornament
Unique Personalized Custom Shape Acrylic Ornament Wedding Gift,17.29,570,95,451,Shop588Studio,"keepsake,custom,ornaments,gift for her",https://www.etsy.com/listing/323460565,acrylic-ornament
Custom Personalized acrylic ornament gift,26.9,684,114,329,Shop515Studio,"handmade,keepsake,personalized gift,gift for her",https://www.etsy.com/listing/976065263,acrylic-ornament
Unique Custom Shape Acrylic Ornament For Mom Gift 2026,23.38,900,150,667,Shop649Studio,"handmade,ornaments,gift for her,keepsake",https://www.etsy.com/listing/132453850,acrylic-ornament
Personalized Personalized Custom Shape Acrylic Ornament For Grandma,20.21,1266,211,1242,Shop627Studio,"custom,personalized gift,gift for him,ornaments",https://www.etsy.com/listing/277275771,acrylic-ornament
Custom Custom Custom Shape Acrylic Ornament For Dog Mom Gift 2026,24.56,1002,167,838,Shop762Studio,"ornaments,gift for him,keepsake,custom",https://www.etsy.com/listing/445533484,acrylic-ornament
Custom Custom Shape Acrylic Ornament For Grandma Gift 2026,24.0,714,119,361,Shop149Studio,"ornaments,acrylic,custom,gift for him",https://www.etsy.com/listing/844456081,acrylic-ornament
Unique Custom acrylic ornament For Couple,8.96,234,39,302,Shop168Studio,"gift for her,custom,gift for him,personalized gift",https://www.etsy.com/listing/229652183,acrylic-ornament
Handmade Custom acrylic ornament Wedding Gift Gift 2026,24.94,1260,210,629,Shop287Studio,"keepsake,personalized gift,gift for him,handmade",https://www.etsy.com/listing/855162757,acrylic-ornament
Unique Custom acrylic ornament For Teacher Anniversary Gift,23.14,1038,173,833,Shop171Studio,"ornaments,acrylic,personalized gift,gift for her",https://www.etsy.com/listing/140184179,acrylic-ornament
Acrylic Ornament For Grandma - Free Shipping,18.54,102,17,58,Shop855Studio,"gift for her,handmade,gift for him,keepsake",https://www.etsy.com/listing/814998468,acrylic-ornament
Custom Custom acrylic ornament For Grandpa Keepsake,24.45,1308,218,1441,Shop404Studio,"gift for her,custom,personalized gift,gift for him",https://www.etsy.com/listing/628411546,acrylic-ornament
Unique Custom Shape Acrylic Ornament For Teacher - Free Shipping,21.69,414,69,517,Shop665Studio,"acrylic,ornaments,custom,personalized gift",https://www.etsy.com/listing/333250320,acrylic-ornament
Custom Custom Shape Acrylic Ornament For Boss Mother's Day Gift | Best Gift Idea,23.15,870,145,901,Shop572Studio,"gift for her,custom,handmade,keepsake",https://www.etsy.com/listing/986289939,acrylic-ornament
Custom Custom acrylic ornament Keepsake,17.28,708,118,316,Shop555Studio,"custom,gift for her,gift for him,keepsake",https://www.etsy.com/listing/475159544,acrylic-ornament
Personalized acrylic ornament gift For Boss Keepsake,14.73,630,105,235,Shop774Studio,"personalized gift,gift for her,keepsake,custom",https://www.etsy.com/listing/518476110,acrylic-ornament
Unique Personalized Custom Shape Acrylic Ornament For Grandpa Memorial Gift,24.38,522,87,603,Shop599Studio,"acrylic,keepsake,ornaments,personalized gift",https://www.etsy.com/listing/198354061,acrylic-ornament
Handmade Personalized acrylic ornament gift,25.14,288,48,110,Shop878Studio,"ornaments,handmade,acrylic,gift for her",https://www.etsy.com/listing/104050112,acrylic-ornament
Custom Personalized acrylic ornament gift Memorial Gift - Free Shipping,28.0,636,106,363,Shop473Studio,"custom,gift for her,personalized gift,keepsake",https://www.etsy.com/listing/738676234,acrylic-ornament
Personalized Acrylic Ornament For Dad Keepsake,24.31,1560,260,1639,Shop268Studio,"handmade,gift for her,personalized gift,custom",https://www.etsy.com/listing/467147755,acrylic-ornament
Acrylic Ornament Keepsake,22.72,192,32,239,Shop730Studio,"keepsake,handmade,personalized gift,ornaments",https://www.etsy.com/listing/160450001,acrylic-ornament
Custom Custom Shape Acrylic Ornament For Dad - Free Shipping,20.58,2760,460,3567,Shop965Studio,"custom,keepsake,handmade,gift for him",https://www.etsy.com/listing/447690018,acrylic-ornament
Custom Personalized Custom Shape Acrylic Ornament,25.45,90,15,88,Shop122Studio,"personalized gift,keepsake,ornaments,gift for him",https://www.etsy.com/listing/886882928,acrylic-ornament
Custom Shape Acrylic Ornament | Best Gift Idea,24.75,1932,322,2565,Shop804Studio,"gift for her,personalized gift,keepsake,ornaments",https://www.etsy.com/listing/808830852,acrylic-ornament
Custom Custom Shape Acrylic Ornament Anniversary Gift | Best Gift Idea,23.38,630,105,482,Shop225Studio,"gift for him,keepsake,handmade,acrylic",https://www.etsy.com/listing/146123688,acrylic-ornament
Custom Personalized Custom Shape Acrylic Ornament For Grandpa Gift 2026,17.46,738,123,529,Shop381Studio,"keepsake,gift for him,custom,acrylic",https://www.etsy.com/listing/371864411,acrylic-ornament
Personalized Custom Custom Shape Acrylic Ornament For Grandma Christmas Gift - Free Shipping,21.07,912,152,750,Shop875Studio,"ornaments,acrylic,custom,personalized gift",https://www.etsy.com/listing/857083335,acrylic-ornament
Acrylic Ornament For Teacher,28.43,402,67,266,Shop321Studio,"gift for her,custom,acrylic,personalized gift",https://www.etsy.com/listing/272221529,acrylic-ornament
Custom Custom Shape Acrylic Ornament For Grandpa,25.55,1866,311,828,Shop108Studio,"keepsake,ornaments,gift for him,custom",https://www.etsy.com/listing/631175844,acrylic-ornament
Unique Custom acrylic ornament For Mom Keepsake,20.36,1470,245,1747,Shop361Studio,"ornaments,gift for her,keepsake,gift for him",https://www.etsy.com/listing/918488781,acrylic-ornament
Personalized acrylic ornament gift Wedding Gift | Best Gift Idea,27.5,1380,230,1031,Shop818Studio,"gift for him,ornaments,custom,acrylic",https://www.etsy.com/listing/411830789,acrylic-ornament
Custom Custom Shape Acrylic Ornament For Dog Mom Gift 2026,27.98,4392,732,5372,Shop232Studio,"keepsake,ornaments,acrylic,personalized gift",https://www.etsy.com/listing/154205202,acrylic-ornament
Handmade Personalized Custom Shape Acrylic Ornament Birthday Gift Keepsake,25.93,4674,779,2151,Shop114Studio,"acrylic,personalized gift,handmade,gift for him",https://www.etsy.com/listing/659612826,acrylic-ornament
Personalized Custom Shape Acrylic Ornament For Best Friend Birthday Gift - Free Shipping,21.46,180,30,167,Shop696Studio,"gift for him,ornaments,acrylic,keepsake",https://www.etsy.com/listing/649693119,acrylic-ornament
Custom Personalized Custom Shape Acrylic Ornament For Couple Gift 2026,21.42,2490,415,3278,Shop234Studio,"custom,gift for him,handmade,personalized gift",https://www.etsy.com/listing/422588018,acrylic-ornament
Personalized Acrylic Ornament For Best Friend | Best Gift Idea,23.2,1152,192,1491,Shop455Studio,"ornaments,gift for him,gift for her,handmade",https://www.etsy.com/listing/921324469,acrylic-ornament
Personalized Custom Shape Acrylic Ornament For Sister Gift 2026,21.48,948,158,1019,Shop686Studio,"handmade,custom,gift for him,keepsake",https://www.etsy.com/listing/800809586,acrylic-ornament
Handmade Personalized acrylic ornament gift Housewarming Gift,20.52,4842,807,6355,Shop283Studio,"gift for her,personalized gift,gift for him,handmade",https://www.etsy.com/listing/455166899,acrylic-ornament
Acrylic Ornament - Free Shipping,20.41,2214,369,1773,Shop467Studio,"acrylic,personalized gift,custom,ornaments",https://www.etsy.com/listing/217997823,acrylic-ornament
Personalized Custom Shape Acrylic Ornament Christmas Gift Keepsake,15.65,378,63,410,Shop625Studio,"personalized gift,custom,ornaments,gift for her",https://www.etsy.com/listing/530980018,acrylic-ornament
Acrylic Ornament For Best Friend Christmas Gift - Free Shipping,22.28,1776,296,1472,Shop894Studio,"keepsake,handmade,acrylic,ornaments",https://www.etsy.com/listing/371463893,acrylic-ornament
Handmade Personalized acrylic ornament gift Keepsake,17.19,318,53,149,Shop946Studio,"handmade,gift for him,custom,ornaments",https://www.etsy.com/listing/768665971,acrylic-ornament
Personalized Acrylic Ornament For Teacher Anniversary Gift,19.03,2382,397,2545,Shop765Studio,"personalized gift,keepsake,ornaments,gift for him",https://www.etsy.com/listing/127145195,acrylic-ornament
Custom acrylic ornament Father's Day Gift,22.31,288,48,339,Shop905Studio,"gift for her,handmade,ornaments,custom",https://www.etsy.com/listing/320733075,acrylic-ornament
Handmade Personalized acrylic ornament gift Gift 2026,28.0,1488,248,860,Shop405Studio,"acrylic,handmade,keepsake,ornaments",https://www.etsy.com/listing/799622841,acrylic-ornament
Custom Personalized Custom Shape Acrylic Ornament For Best Friend | Best Gift Idea,22.33,750,125,344,Shop264Studio,"acrylic,custom,gift for her,keepsake",https://www.etsy.com/listing/598974896,acrylic-ornament
Personalized acrylic ornament gift For Sister Christmas Gift,24.16,2058,343,1642,Shop924Studio,"handmade,personalized gift,gift for her,custom",https://www.etsy.com/listing/989743508,acrylic-ornament
Handmade Custom Shape Acrylic Ornament Keepsake,16.89,1422,237,545,Shop237Studio,"keepsake,gift for her,personalized gift,acrylic",https://www.etsy.com/listing/775754726,acrylic-ornament
Handmade Acrylic Ornament For Mom Keepsake,21.84,834,139,1106,Shop352Studio,"custom,ornaments,acrylic,gift for him",https://www.etsy.com/listing/490652979,acrylic-ornament
Handmade Custom Shape Acrylic Ornament For Dog Mom | Best Gift Idea,26.86,360,60,357,Shop386Studio,"custom,gift for him,handmade,acrylic",https://www.etsy.com/listing/408442278,acrylic-ornament
Acrylic Ornament | Best Gift Idea,23.46,258,43,279,Shop136Studio,"custom,ornaments,gift for him,gift for her",https://www.etsy.com/listing/372232252,acrylic-ornament
Unique Custom Custom Shape Acrylic Ornament For Couple Gift 2026,25.37,1272,212,1071,Shop751Studio,"handmade,gift for her,ornaments,personalized gift",https://www.etsy.com/listing/726870951,acrylic-ornament
Personalized Custom Custom Shape Acrylic Ornament For Best Friend Wedding Gift Gift 2026,25.33,660,110,233,Shop897Studio,"ornaments,gift for her,keepsake,handmade",https://www.etsy.com/listing/776121551,acrylic-ornament
Unique Personalized Custom Shape Acrylic Ornament For Dog Mom Memorial Gift,23.5,1614,269,2007,Shop766Studio,"ornaments,gift for him,gift for her,custom",https://www.etsy.com/listing/624141615,acrylic-ornament
Handmade Acrylic Ornament Father's Day Gift Gift 2026,19.8,1110,185,395,Shop977Studio,"gift for her,personalized gift,gift for him,handmade",https://www.etsy.com/listing/499548597,acrylic-ornament
Unique Personalized Custom Shape Acrylic Ornament Housewarming Gift | Best Gift Idea,22.45,1734,289,1157,Shop827Studio,"keepsake,personalized gift,ornaments,handmade",https://www.etsy.com/listing/942478527,acrylic-ornament
Personalized acrylic ornament gift Gift 2026,15.94,8370,1395,4800,Shop644Studio,"custom,personalized gift,handmade,gift for him",https://www.etsy.com/listing/468984149,acrylic-ornament
Personalized Custom Shape Acrylic Ornament | Best Gift Idea,17.28,876,146,990,Shop250Studio,"acrylic,gift for him,handmade,ornaments",https://www.etsy.com/listing/204133750,acrylic-ornament
Personalized Custom Shape Acrylic Ornament Valentine's Day Gift,34.36,3036,506,3844,Shop360Studio,"handmade,acrylic,custom,gift for her",https://www.etsy.com/listing/324494350,acrylic-ornament
Personalized Personalized Custom Shape Acrylic Ornament Housewarming Gift Gift 2026,20.78,1668,278,1477,Shop848Studio,"personalized gift,ornaments,custom,gift for him",https://www.etsy.com/listing/992837804,acrylic-ornament
Unique Custom Shape Acrylic Ornament Graduation Gift Gift 2026,27.46,2226,371,1768,Shop259Studio,"ornaments,personalized gift,handmade,acrylic",https://www.etsy.com/listing/713069497,acrylic-ornament
Unique Custom acrylic ornament For Sister Father's Day Gift Gift 2026,16.93,720,120,882,Shop340Studio,"custom,keepsake,handmade,acrylic",https://www.etsy.com/listing/377079184,acrylic-ornament
Acrylic Ornament For Grandpa Christmas Gift - Free Shipping,21.19,744,124,733,Shop771Studio,"ornaments,personalized gift,acrylic,gift for her",https://www.etsy.com/listing/341571947,acrylic-ornament
Custom Custom acrylic ornament Birthday Gift - Free Shipping,22.27,2952,492,3204,Shop454Studio,"handmade,ornaments,custom,keepsake",https://www.etsy.com/listing/470431192,acrylic-ornament
Custom Personalized Custom Shape Acrylic Ornament Father's Day Gift Gift 2026,26.48,654,109,756,Shop177Studio,"gift for her,personalized gift,acrylic,handmade",https://www.etsy.com/listing/688185842,acrylic-ornament
Personalized Personalized Custom Shape Acrylic Ornament For Grandma Keepsake,15.76,102,17,56,Shop525Studio,"handmade,gift for him,custom,personalized gift",https://www.etsy.com/listing/771324503,acrylic-ornament
Personalized Acrylic Ornament Housewarming Gift | Best Gift Idea,13.6,324,54,192,Shop144Studio,"personalized gift,handmade,keepsake,ornaments",https://www.etsy.com/listing/241980086,acrylic-ornament
Handmade Custom Custom Shape Acrylic Ornament Father's Day Gift - Free Shipping,24.78,450,75,150,Shop607Studio,"acrylic,gift for her,ornaments,handmade",https://www.etsy.com/listing/254764316,acrylic-ornament
Unique Personalized acrylic ornament gift For Sister - Free Shipping,30.51,1818,303,1670,Shop517Studio,"ornaments,handmade,gift for her,acrylic",https://www.etsy.com/listing/473271320,acrylic-ornament
Personalized Custom Shape Acrylic Ornament For Best Friend Graduation Gift Keepsake,18.87,504,84,195,Shop572Studio,"handmade,ornaments,personalized gift,keepsake",https://www.etsy.com/listing/821011236,acrylic-ornament
Personalized acrylic ornament gift For Boss Christmas Gift,16.74,120,20,142,Shop965Studio,"handmade,acrylic,custom,gift for him",https://www.etsy.com/listing/498345799,acrylic-ornament
Custom Shape Acrylic Ornament For Best Friend,19.58,1542,257,2023,Shop618Studio,"ornaments,handmade,custom,personalized gift",https://www.etsy.com/listing/442659124,acrylic-ornament
Personalized Custom acrylic ornament Graduation Gift,28.83,1614,269,1935,Shop127Studio,"keepsake,personalized gift,gift for him,custom",https://www.etsy.com/listing/820606899,acrylic-ornament
Personalized Acrylic Ornament Valentine's Day Gift Gift 2026,28.67,2208,368,1755,Shop396Studio,"personalized gift,gift for her,ornaments,custom",https://www.etsy.com/listing/411157724,acrylic-ornament
Personalized Custom Shape Acrylic Ornament For Dad,25.5,1008,168,903,Shop781Studio,"custom,gift for him,ornaments,gift for her",https://www.etsy.com/listing/263320357,acrylic-ornament
Acrylic Ornament For Dog Mom Keepsake,19.26,1296,216,437,Shop452Studio,"keepsake,custom,acrylic,gift for him",https://www.etsy.com/listing/123879193,acrylic-ornament
Handmade Custom Custom Shape Acrylic Ornament,23.1,978,163,649,Shop518Studio,"keepsake,gift for her,gift for him,personalized gift",https://www.etsy.com/listing/343307609,acrylic-ornament
Custom acrylic ornament,15.07,1980,330,2354,Shop582Studio,"gift for her,ornaments,keepsake,handmade",https://www.etsy.com/listing/437017542,acrylic-ornament
Custom Shape Acrylic Ornament,17.62,96,16,72,Shop607Studio,"acrylic,personalized gift,custom,gift for her",https://www.etsy.com/listing/815275502,acrylic-ornament
Unique Personalized Custom Shape Acrylic Ornament For Couple,23.65,768,128,612,Shop489Studio,"gift for him,handmade,custom,ornaments",https://www.etsy.com/listing/656843300,acrylic-ornament
Custom Shape Acrylic Ornament For Boss Birthday Gift - Free Shipping,13.74,1806,301,776,Shop225Studio,"gift for him,custom,ornaments,personalized gift",https://www.etsy.com/listing/976975410,acrylic-ornament
Personalized Custom Shape Acrylic Ornament Keepsake,23.88,450,75,166,Shop670Studio,"ornaments,handmade,personalized gift,custom",https://www.etsy.com/listing/136359305,acrylic-ornament
Handmade Personalized Custom Shape Acrylic Ornament For Teacher Valentine's Day Gift,23.55,288,48,336,Shop941Studio,"handmade,acrylic,gift for him,gift for her",https://www.etsy.com/listing/737099605,acrylic-ornament
Handmade Custom Custom Shape Acrylic Ornament For Best Friend,23.66,654,109,848,Shop379Studio,"keepsake,gift for him,gift for her,acrylic",https://www.etsy.com/listing/214259111,acrylic-ornament
Custom Personalized acrylic ornament gift Housewarming Gift Keepsake,22.78,1524,254,1877,Shop815Studio,"custom,ornaments,gift for him,handmade",https://www.etsy.com/listing/876294355,acrylic-ornament
Custom Custom Shape Acrylic Ornament For Dad Memorial Gift,17.97,1254,209,1585,Shop850Studio,"acrylic,personalized gift,keepsake,custom",https://www.etsy.com/listing/354385791,acrylic-ornament
Handmade Personalized acrylic ornament gift,27.2,258,43,98,Shop419Studio,"keepsake,gift for him,ornaments,acrylic",https://www.etsy.com/listing/427912826,acrylic-ornament
Personalized acrylic ornament gift Birthday Gift | Best Gift Idea,15.1,6894,1149,8839,Shop819Studio,"handmade,keepsake,acrylic,personalized gift",https://www.etsy.com/listing/658831199,acrylic-ornament
Unique Personalized acrylic ornament gift - Free Shipping,28.17,1314,219,1296,Shop256Studio,"handmade,acrylic,keepsake,custom",https://www.etsy.com/listing/251985737,acrylic-ornament
Unique Custom acrylic ornament For Sister,21.63,1146,191,882,Shop348Studio,"handmade,gift for her,custom,acrylic",https://www.etsy.com/listing/975971488,acrylic-ornament
Handmade Custom Shape Acrylic Ornament For Teacher | Best Gift Idea,28.67,7518,1253,9247,Shop145Studio,"ornaments,personalized gift,gift for him,acrylic",https://www.etsy.com/listing/683365356,acrylic-ornament
Handmade Custom acrylic ornament For Best Friend | Best Gift Idea,29.86,1002,167,997,Shop799Studio,"keepsake,custom,handmade,gift for him",https://www.etsy.com/listing/666187003,acrylic-ornament
Personalized Custom acrylic ornament | Best Gift Idea,14.22,252,42,117,Shop447Studio,"handmade,personalized gift,acrylic,gift for her",https://www.etsy.com/listing/759199383,acrylic-ornament
Wood Ornament Gift 2026,24.85,228,38,241,Shop234Studio,"wood,keepsake,custom,handmade",https://www.etsy.com/listing/370244720,wood-ornament
Personalized Personalized wood ornament gift For Couple Father's Day Gift,28.57,66,11,50,Shop416Studio,"personalized gift,custom,gift for her,ornaments",https://www.etsy.com/listing/829467743,wood-ornament
Handmade Personalized Engraved Wood Ornament For Sister - Free Shipping,26.51,12,2,6,Shop617Studio,"keepsake,wood,handmade,personalized gift",https://www.etsy.com/listing/610676149,wood-ornament
Personalized Personalized wood ornament gift Father's Day Gift,28.18,36,6,39,Shop931Studio,"gift for him,handmade,ornaments,custom",https://www.etsy.com/listing/170340525,wood-ornament
Unique Engraved Wood Ornament - Free Shipping,26.22,264,44,283,Shop475Studio,"gift for him,wood,gift for her,custom",https://www.etsy.com/listing/525221809,wood-ornament
Custom Custom wood ornament For Boss Keepsake,32.1,228,38,126,Shop754Studio,"custom,gift for her,personalized gift,keepsake",https://www.etsy.com/listing/952173888,wood-ornament
Custom Personalized wood ornament gift Wedding Gift | Best Gift Idea,28.53,30,5,30,Shop656Studio,"keepsake,ornaments,custom,gift for him",https://www.etsy.com/listing/871885538,wood-ornament
Custom Engraved Wood Ornament For Grandpa,24.34,18,3,15,Shop356Studio,"gift for him,ornaments,wood,custom",https://www.etsy.com/listing/685715130,wood-ornament
Personalized Engraved Wood Ornament,23.89,84,14,31,Shop227Studio,"handmade,custom,ornaments,personalized gift",https://www.etsy.com/listing/472918394,wood-ornament
Unique Stamped Metal Ornament For Grandpa - Free Shipping,22.41,774,129,1015,Shop361Studio,"ornaments,metal,keepsake,personalized gift",https://www.etsy.com/listing/986819857,metal-ornament
Handmade Personalized Stamped Metal Ornament For Teacher,25.26,444,74,262,Shop936Studio,"gift for him,keepsake,custom,gift for her",https://www.etsy.com/listing/351538636,metal-ornament
Unique Custom Stamped Metal Ornament For Dad | Best Gift Idea,33.96,282,47,102,Shop462Studio,"gift for him,ornaments,custom,keepsake",https://www.etsy.com/listing/556260484,metal-ornament
Personalized Custom metal ornament For Mom Wedding Gift Gift 2026,21.73,216,36,256,Shop150Studio,"keepsake,personalized gift,ornaments,metal",https://www.etsy.com/listing/767105662,metal-ornament
Custom Stamped Metal Ornament For Best Friend Graduation Gift Gift 2026,33.5,462,77,586,Shop303Studio,"custom,metal,handmade,gift for her",https://www.etsy.com/listing/407384435,metal-ornament
Metal Ornament Gift 2026,29.81,1050,175,1324,Shop259Studio,"keepsake,ornaments,custom,metal",https://www.etsy.com/listing/316224053,metal-ornament
Custom Stamped Metal Ornament For Dad Father's Day Gift Keepsake,17.06,462,77,305,Shop440Studio,"metal,gift for her,handmade,ornaments",https://www.etsy.com/listing/780984484,metal-ornament
Unique Metal Ornament Gift 2026,32.81,246,41,270,Shop578Studio,"keepsake,handmade,gift for him,custom",https://www.etsy.com/listing/790188011,metal-ornament
Handmade Custom metal ornament For Grandpa Valentine's Day Gift Keepsake,19.71,552,92,546,Shop993Studio,"metal,gift for him,keepsake,gift for her",https://www.etsy.com/listing/642169227,metal-ornament
Unique Metal Ornament For Couple,35.47,684,114,409,Shop973Studio,"gift for him,personalized gift,ornaments,metal",https://www.etsy.com/listing/874996208,metal-ornament
Unique Personalized metal ornament gift For Best Friend,29.83,468,78,227,Shop475Studio,"handmade,custom,personalized gift,gift for her",https://www.etsy.com/listing/841521124,metal-ornament
Personalized metal ornament gift - Free Shipping,27.89,210,35,180,Shop969Studio,"keepsake,personalized gift,handmade,ornaments",https://www.etsy.com/listing/337104382,metal-ornament
Unique Stamped Metal Ornament For Dad | Best Gift Idea,24.34,234,39,268,Shop111Studio,"keepsake,personalized gift,metal,custom",https://www.etsy.com/listing/441123726,metal-ornament
Personalized Stamped Metal Ornament Valentine's Day Gift,34.06,210,35,162,Shop390Studio,"personalized gift,metal,handmade,gift for her",https://www.etsy.com/listing/383028110,metal-ornament
Personalized metal ornament gift Anniversary Gift Keepsake,25.57,90,15,58,Shop202Studio,"custom,ornaments,personalized gift,gift for her",https://www.etsy.com/listing/271040694,metal-ornament
Unique Metal Ornament For Best Friend Memorial Gift | Best Gift Idea,42.73,312,52,308,Shop134Studio,"metal,personalized gift,gift for him,handmade",https://www.etsy.com/listing/888640509,metal-ornament
Custom Stamped Metal Ornament For Boss - Free Shipping,24.41,846,141,594,Shop588Studio,"custom,handmade,personalized gift,ornaments",https://www.etsy.com/listing/376527711,metal-ornament
Metal Ornament For Dad Keepsake,33.63,474,79,615,Shop793Studio,"custom,ornaments,metal,handmade",https://www.etsy.com/listing/152846813,metal-ornament
Personalized Custom metal ornament Gift 2026,24.8,2184,364,1004,Shop512Studio,"handmade,gift for her,metal,custom",https://www.etsy.com/listing/666053215,metal-ornament
Custom Personalized metal ornament gift | Best Gift Idea,30.91,540,90,296,Shop881Studio,"keepsake,metal,handmade,gift for him",https://www.etsy.com/listing/269293805,metal-ornament
Personalized Personalized metal ornament gift Graduation Gift,29.46,420,70,223,Shop347Studio,"ornaments,handmade,gift for him,keepsake",https://www.etsy.com/listing/293187646,metal-ornament
Custom Personalized Stamped Metal Ornament For Mom | Best Gift Idea,36.99,414,69,530,Shop138Studio,"custom,keepsake,gift for her,ornaments",https://www.etsy.com/listing/492522780,metal-ornament
Stamped Metal Ornament,15.74,720,120,296,Shop637Studio,"metal,ornaments,personalized gift,handmade",https://www.etsy.com/listing/358725716,metal-ornament
Personalized Stamped Metal Ornament | Best Gift Idea,23.46,636,106,468,Shop926Studio,"handmade,custom,personalized gift,metal",https://www.etsy.com/listing/288063646,metal-ornament
Stamped Metal Ornament Gift 2026,36.63,444,74,209,Shop621Studio,"gift for him,personalized gift,metal,custom",https://www.etsy.com/listing/432614445,metal-ornament
Custom Metal Ornament For Dad Mother's Day Gift | Best Gift Idea,36.99,300,50,119,Shop754Studio,"gift for him,keepsake,handmade,gift for her",https://www.etsy.com/listing/121380855,metal-ornament
Personalized metal ornament gift Anniversary Gift | Best Gift Idea,27.04,612,102,503,Shop125Studio,"custom,keepsake,gift for him,personalized gift",https://www.etsy.com/listing/146574770,metal-ornament
Personalized Personalized Stamped Metal Ornament Keepsake,32.43,336,56,235,Shop716Studio,"keepsake,handmade,ornaments,custom",https://www.etsy.com/listing/374932550,metal-ornament
Custom metal ornament For Grandpa,31.02,1650,275,1694,Shop969Studio,"ornaments,custom,metal,gift for her",https://www.etsy.com/listing/142525304,metal-ornament
Handmade Personalized Stamped Metal Ornament Wedding Gift Gift 2026,38.88,942,157,1026,Shop859Studio,"personalized gift,custom,ornaments,metal",https://www.etsy.com/listing/974028704,metal-ornament
Personalized Personalized Stamped Metal Ornament For Grandma | Best Gift Idea,29.78,768,128,941,Shop636Studio,"ornaments,handmade,gift for her,keepsake",https://www.etsy.com/listing/885385383,metal-ornament
Custom Personalized Stamped Metal Ornament Keepsake,32.88,318,53,260,Shop413Studio,"personalized gift,handmade,metal,ornaments",https://www.etsy.com/listing/865669104,metal-ornament
Handmade Personalized metal ornament gift For Grandma Keepsake,15.36,318,53,127,Shop187Studio,"handmade,metal,gift for him,gift for her",https://www.etsy.com/listing/845378067,metal-ornament
Handmade Personalized metal ornament gift Valentine's Day Gift Gift 2026,20.35,252,42,251,Shop470Studio,"gift for him,personalized gift,gift for her,custom",https://www.etsy.com/listing/105758806,metal-ornament
Handmade Personalized Stamped Metal Ornament For Teacher,26.13,372,62,341,Shop144Studio,"gift for her,gift for him,custom,ornaments",https://www.etsy.com/listing/811218839,metal-ornament
Custom Custom metal ornament Gift 2026,27.87,570,95,687,Shop190Studio,"keepsake,personalized gift,metal,gift for her",https://www.etsy.com/listing/299564188,metal-ornament
Handmade Stamped Metal Ornament Keepsake,33.7,246,41,294,Shop631Studio,"personalized gift,metal,handmade,gift for her",https://www.etsy.com/listing/145341764,metal-ornament
Custom metal ornament For Grandma - Free Shipping,40.93,432,72,189,Shop303Studio,"ornaments,keepsake,gift for him,metal",https://www.etsy.com/listing/821264985,metal-ornament
Custom Custom metal ornament,35.97,564,94,708,Shop937Studio,"handmade,gift for her,custom,keepsake",https://www.etsy.com/listing/837505679,metal-ornament
Personalized Custom metal ornament For Dog Mom Gift 2026,26.79,918,153,354,Shop638Studio,"gift for her,custom,metal,keepsake",https://www.etsy.com/listing/892482816,metal-ornament
Handmade Custom Stamped Metal Ornament For Best Friend Memorial Gift,29.07,132,22,73,Shop922Studio,"handmade,ornaments,gift for him,personalized gift",https://www.etsy.com/listing/431283943,metal-ornament
Custom Custom metal ornament Valentine's Day Gift Keepsake,24.55,744,124,717,Shop583Studio,"handmade,custom,gift for him,gift for her",https://www.etsy.com/listing/131753757,metal-ornament
Unique Personalized metal ornament gift Birthday Gift,30.64,396,66,305,Shop111Studio,"ornaments,keepsake,gift for him,personalized gift",https://www.etsy.com/listing/437750325,metal-ornament
Unique Stamped Metal Ornament For Dog Mom Wedding Gift | Best Gift Idea,29.27,3222,537,4134,Shop588Studio,"gift for him,custom,ornaments,handmade",https://www.etsy.com/listing/336149625,metal-ornament
Personalized Personalized Stamped Metal Ornament For Sister | Best Gift Idea,32.15,1734,289,1625,Shop390Studio,"gift for him,metal,personalized gift,ornaments",https://www.etsy.com/listing/995999769,metal-ornament
Custom Stamped Metal Ornament - Free Shipping,19.73,726,121,747,Shop843Studio,"gift for him,metal,keepsake,gift for her",https://www.etsy.com/listing/852579775,metal-ornament
Custom Stamped Metal Ornament For Dad,26.75,1164,194,913,Shop178Studio,"personalized gift,gift for him,keepsake,handmade",https://www.etsy.com/listing/876760554,metal-ornament
Handmade Stamped Metal Ornament Father's Day Gift - Free Shipping,32.88,774,129,576,Shop465Studio,"gift for him,gift for her,handmade,custom",https://www.etsy.com/listing/128423197,metal-ornament
Stamped Metal Ornament Memorial Gift | Best Gift Idea,29.35,96,16,110,Shop574Studio,"metal,gift for him,personalized gift,ornaments",https://www.etsy.com/listing/369780361,metal-ornament
Personalized Personalized Stamped Metal Ornament Keepsake,37.97,456,76,256,Shop625Studio,"gift for her,ornaments,custom,gift for him",https://www.etsy.com/listing/410924559,metal-ornament
Custom Stamped Metal Ornament For Mom Birthday Gift - Free Shipping,29.56,516,86,440,Shop266Studio,"custom,ornaments,gift for her,personalized gift",https://www.etsy.com/listing/439958812,metal-ornament
Handmade Personalized Stamped Metal Ornament Gift 2026,35.97,666,111,809,Shop405Studio,"metal,gift for him,custom,keepsake",https://www.etsy.com/listing/160336229,metal-ornament
Personalized metal ornament gift - Free Shipping,37.43,210,35,152,Shop467Studio,"metal,custom,keepsake,personalized gift",https://www.etsy.com/listing/720687146,metal-ornament
Custom Ceramic Photo Ornament For Best Friend Birthday Gift Gift 2026,22.56,174,29,108,Shop636Studio,"custom,gift for her,keepsake,ceramic",https://www.etsy.com/listing/982681720,ceramic-ornament
Handmade Personalized ceramic ornament gift For Mom,27.01,96,16,75,Shop591Studio,"personalized gift,keepsake,ornaments,gift for him",https://www.etsy.com/listing/957928217,ceramic-ornament
Personalized Ceramic Ornament For Mom Mother's Day Gift Gift 2026,15.96,780,130,451,Shop781Studio,"gift for her,handmade,personalized gift,ornaments",https://www.etsy.com/listing/167883817,ceramic-ornament
Handmade Custom ceramic ornament For Dad,19.57,1944,324,2474,Shop832Studio,"custom,handmade,keepsake,personalized gift",https://www.etsy.com/listing/512107632,ceramic-ornament
Personalized Personalized ceramic ornament gift Birthday Gift,23.88,402,67,298,Shop685Studio,"handmade,ornaments,keepsake,personalized gift",https://www.etsy.com/listing/901484391,ceramic-ornament
Custom Ceramic Photo Ornament For Grandpa Housewarming Gift,18.32,366,61,315,Shop582Studio,"ornaments,gift for him,handmade,ceramic",https://www.etsy.com/listing/378003041,ceramic-ornament
Personalized Personalized Ceramic Photo Ornament For Teacher Anniversary Gift Keepsake,20.04,198,33,95,Shop894Studio,"gift for her,gift for him,custom,keepsake",https://www.etsy.com/listing/759818984,ceramic-ornament
Personalized Ceramic Photo Ornament For Boss | Best Gift Idea,22.22,462,77,222,Shop477Studio,"handmade,personalized gift,gift for him,custom",https://www.etsy.com/listing/971116058,ceramic-ornament
Ceramic Ornament | Best Gift Idea,17.52,306,51,308,Shop733Studio,"personalized gift,keepsake,ceramic,ornaments",https://www.etsy.com/listing/868953511,ceramic-ornament
Personalized ceramic ornament gift | Best Gift Idea,18.64,570,95,224,Shop106Studio,"ornaments,ceramic,gift for him,custom",https://www.etsy.com/listing/428666232,ceramic-ornament
Handmade Custom Ceramic Photo Ornament Valentine's Day Gift | Best Gift Idea,22.29,540,90,434,Shop763Studio,"ceramic,handmade,gift for her,ornaments",https://www.etsy.com/listing/987963325,ceramic-ornament
Personalized ceramic ornament gift Graduation Gift,23.58,672,112,760,Shop118Studio,"keepsake,custom,handmade,gift for her",https://www.etsy.com/listing/269094830,ceramic-ornament
Personalized Ceramic Photo Ornament Valentine's Day Gift Gift 2026,17.35,468,78,609,Shop241Studio,"gift for him,ceramic,handmade,gift for her",https://www.etsy.com/listing/404616248,ceramic-ornament
Unique Personalized Ceramic Photo Ornament Father's Day Gift,20.16,354,59,447,Shop521Studio,"keepsake,personalized gift,custom,gift for her",https://www.etsy.com/listing/739000846,ceramic-ornament
Handmade Personalized Ceramic Photo Ornament Gift 2026,26.3,2952,492,1179,Shop350Studio,"custom,keepsake,ornaments,ceramic",https://www.etsy.com/listing/244304312,ceramic-ornament
Custom Personalized Ceramic Photo Ornament,21.11,1056,176,851,Shop378Studio,"gift for her,custom,ceramic,ornaments",https://www.etsy.com/listing/188271844,ceramic-ornament
Handmade Ceramic Ornament Father's Day Gift Gift 2026,18.39,1842,307,1700,Shop580Studio,"ornaments,keepsake,ceramic,handmade",https://www.etsy.com/listing/385709294,ceramic-ornament
Personalized Personalized ceramic ornament gift Memorial Gift Keepsake,15.32,1470,245,969,Shop737Studio,"personalized gift,custom,keepsake,ornaments",https://www.etsy.com/listing/201444022,ceramic-ornament
Ceramic Ornament For Dad Housewarming Gift Keepsake,19.89,162,27,181,Shop439Studio,"ornaments,personalized gift,custom,ceramic",https://www.etsy.com/listing/215980285,ceramic-ornament
Handmade Custom ceramic ornament For Dog Mom Birthday Gift | Best Gift Idea,17.66,498,83,546,Shop500Studio,"gift for him,keepsake,personalized gift,ornaments",https://www.etsy.com/listing/383152069,ceramic-ornament
Handmade Ceramic Ornament For Boss - Free Shipping,21.04,426,71,403,Shop187Studio,"custom,personalized gift,handmade,gift for her",https://www.etsy.com/listing/342909409,ceramic-ornament
Custom Personalized Ceramic Photo Ornament For Grandma,18.06,4416,736,3281,Shop685Studio,"handmade,keepsake,ceramic,gift for him",https://www.etsy.com/listing/578085658,ceramic-ornament
Personalized ceramic ornament gift Gift 2026,18.15,402,67,379,Shop178Studio,"gift for her,ornaments,handmade,custom",https://www.etsy.com/listing/324731637,ceramic-ornament
Ceramic Ornament Memorial Gift Keepsake,24.23,288,48,360,Shop284Studio,"gift for him,handmade,keepsake,ornaments",https://www.etsy.com/listing/968123083,ceramic-ornament
Personalized Ceramic Photo Ornament For Mom Christmas Gift | Best Gift Idea,22.94,312,52,164,Shop331Studio,"gift for her,ceramic,keepsake,gift for him",https://www.etsy.com/listing/621691138,ceramic-ornament
Handmade Personalized Ceramic Photo Ornament For Dog Mom,16.66,468,78,463,Shop371Studio,"custom,personalized gift,gift for him,ceramic",https://www.etsy.com/listing/705995476,ceramic-ornament
Custom ceramic ornament For Dog Mom Mother's Day Gift Gift 2026,23.98,1848,308,972,Shop397Studio,"ornaments,custom,handmade,keepsake",https://www.etsy.com/listing/212044519,ceramic-ornament
Custom Ceramic Photo Ornament For Boss Father's Day Gift Gift 2026,29.89,612,102,238,Shop164Studio,"personalized gift,custom,handmade,ceramic",https://www.etsy.com/listing/519488949,ceramic-ornament
Personalized ceramic ornament gift,23.08,120,20,143,Shop366Studio,"personalized gift,ornaments,ceramic,keepsake",https://www.etsy.com/listing/826506579,ceramic-ornament
Personalized Ceramic Photo Ornament For Grandma Housewarming Gift,22.96,336,56,442,Shop208Studio,"handmade,gift for him,gift for her,ceramic",https://www.etsy.com/listing/158280718,ceramic-ornament
Custom ceramic ornament For Grandpa Housewarming Gift | Best Gift Idea,17.37,1698,283,1772,Shop602Studio,"keepsake,personalized gift,handmade,gift for her",https://www.etsy.com/listing/764309480,ceramic-ornament
Handmade Custom Ceramic Photo Ornament,14.83,576,96,292,Shop123Studio,"handmade,gift for him,ceramic,keepsake",https://www.etsy.com/listing/229789343,ceramic-ornament
Custom Ceramic Photo Ornament For Mom Father's Day Gift | Best Gift Idea,21.33,162,27,116,Shop330Studio,"gift for her,ceramic,custom,personalized gift",https://www.etsy.com/listing/583365018,ceramic-ornament
Custom ceramic ornament Keepsake,17.32,936,156,315,Shop309Studio,"keepsake,handmade,ornaments,ceramic",https://www.etsy.com/listing/256793925,ceramic-ornament
Unique Custom ceramic ornament Memorial Gift Keepsake,19.09,246,41,151,Shop772Studio,"ornaments,ceramic,personalized gift,gift for him",https://www.etsy.com/listing/783933757,ceramic-ornament
Handmade Personalized Ceramic Photo Ornament For Couple Gift 2026,19.46,744,124,607,Shop251Studio,"handmade,personalized gift,ornaments,ceramic",https://www.etsy.com/listing/562869014,ceramic-ornament
Ceramic Photo Ornament Mother's Day Gift,21.36,282,47,252,Shop419Studio,"keepsake,gift for him,personalized gift,custom",https://www.etsy.com/listing/600596607,ceramic-ornament
Personalized Personalized Ceramic Photo Ornament,23.45,102,17,61,Shop524Studio,"ceramic,gift for her,keepsake,personalized gift",https://www.etsy.com/listing/191291545,ceramic-ornament
Custom ceramic ornament Christmas Gift,17.11,210,35,170,Shop855Studio,"custom,ceramic,keepsake,ornaments",https://www.etsy.com/listing/410121174,ceramic-ornament
Personalized ceramic ornament gift,24.1,426,71,441,Shop598Studio,"ornaments,handmade,gift for her,custom",https://www.etsy.com/listing/958726598,ceramic-ornament
Custom Ceramic Photo Ornament For Dog Mom Mother's Day Gift,20.16,312,52,300,Shop222Studio,"keepsake,personalized gift,ornaments,ceramic",https://www.etsy.com/listing/658152439,ceramic-ornament
Handmade Custom ceramic ornament For Teacher,13.35,552,92,448,Shop968Studio,"handmade,keepsake,ceramic,gift for him",https://www.etsy.com/listing/330345173,ceramic-ornament
Unique Personalized ceramic ornament gift Valentine's Day Gift,26.04,342,57,138,Shop204Studio,"gift for her,gift for him,handmade,keepsake",https://www.etsy.com/listing/492796679,ceramic-ornament
Personalized Personalized Ceramic Photo Ornament Christmas Gift,21.03,648,108,497,Shop176Studio,"keepsake,custom,gift for her,ceramic",https://www.etsy.com/listing/862186782,ceramic-ornament
Personalized Personalized ceramic ornament gift | Best Gift Idea,18.52,1224,204,440,Shop300Studio,"custom,personalized gift,ornaments,ceramic",https://www.etsy.com/listing/572200758,ceramic-ornament
Unique Ceramic Ornament For Boss Birthday Gift Gift 2026,9.0,732,122,612,Shop838Studio,"keepsake,gift for him,gift for her,personalized gift",https://www.etsy.com/listing/396471393,ceramic-ornament
Unique Custom Ceramic Photo Ornament For Grandpa Christmas Gift,16.93,72,12,64,Shop940Studio,"custom,personalized gift,ornaments,gift for her",https://www.etsy.com/listing/260506025,ceramic-ornament
Custom Ceramic Photo Ornament Birthday Gift Gift 2026,19.13,198,33,92,Shop396Studio,"handmade,personalized gift,ornaments,ceramic",https://www.etsy.com/listing/869647551,ceramic-ornament
Ceramic Photo Ornament | Best Gift Idea,28.25,840,140,1081,Shop109Studio,"ceramic,handmade,keepsake,ornaments",https://www.etsy.com/listing/601149174,ceramic-ornament
Ceramic Ornament Keepsake,19.3,918,153,432,Shop949Studio,"gift for her,handmade,ornaments,keepsake",https://www.etsy.com/listing/766400819,ceramic-ornament
Unique Personalized ceramic ornament gift For Couple,23.12,594,99,693,Shop495Studio,"personalized gift,gift for him,keepsake,ceramic",https://www.etsy.com/listing/471058498,ceramic-ornament
Personalized Ceramic Ornament Father's Day Gift Gift 2026,18.87,540,90,209,Shop692Studio,"gift for her,personalized gift,handmade,ornaments",https://www.etsy.com/listing/808108040,ceramic-ornament
Custom ceramic ornament - Free Shipping,21.03,414,69,201,Shop407Studio,"ornaments,custom,gift for her,ceramic",https://www.etsy.com/listing/931860783,ceramic-ornament
Handmade Custom Ceramic Photo Ornament Keepsake,17.9,288,48,190,Shop985Studio,"ceramic,personalized gift,ornaments,custom",https://www.etsy.com/listing/337630331,ceramic-ornament
Custom ceramic ornament For Sister - Free Shipping,21.21,396,66,431,Shop336Studio,"ornaments,gift for him,ceramic,keepsake",https://www.etsy.com/listing/675916260,ceramic-ornament
Custom Acrylic Suncatcher,22.02,18,3,21,Shop181Studio,"gift for her,home decor,custom,handmade",https://www.etsy.com/listing/560378022,acrylic-suncatcher
Personalized Custom acrylic suncatcher - Free Shipping,24.15,54,9,68,Shop409Studio,"handmade,keepsake,home decor,acrylic",https://www.etsy.com/listing/179551211,acrylic-suncatcher
Personalized Acrylic Suncatcher For Best Friend Gift 2026,24.47,24,4,23,Shop689Studio,"gift for her,custom,personalized gift,keepsake",https://www.etsy.com/listing/813182590,acrylic-suncatcher
Personalized Personalized Acrylic Suncatcher Housewarming Gift Gift 2026,16.18,6,1,7,Shop351Studio,"gift for her,personalized gift,handmade,home decor",https://www.etsy.com/listing/275405936,acrylic-suncatcher
Custom Personalized acrylic suncatcher gift For Grandma,20.98,84,14,40,Shop299Studio,"gift for him,acrylic,custom,keepsake",https://www.etsy.com/listing/800524423,acrylic-suncatcher
Personalized Custom acrylic suncatcher For Grandma Christmas Gift,23.96,102,17,50,Shop380Studio,"custom,personalized gift,handmade,gift for him",https://www.etsy.com/listing/818351462,acrylic-suncatcher
Custom Personalized acrylic suncatcher gift For Sister Birthday Gift Gift 2026,23.09,66,11,40,Shop487Studio,"gift for her,acrylic,keepsake,gift for him",https://www.etsy.com/listing/196277326,acrylic-suncatcher
Custom Custom Acrylic Suncatcher,15.02,30,5,38,Shop671Studio,"gift for him,custom,handmade,keepsake",https://www.etsy.com/listing/609302772,acrylic-suncatcher
Custom Acrylic Suncatcher For Mom Keepsake,21.22,24,4,24,Shop135Studio,"keepsake,gift for him,custom,gift for her",https://www.etsy.com/listing/963191654,acrylic-suncatcher
Custom Personalized acrylic suncatcher gift | Best Gift Idea,25.34,30,5,18,Shop312Studio,"gift for him,gift for her,custom,personalized gift",https://www.etsy.com/listing/297901038,acrylic-suncatcher
Handmade Personalized Acrylic Suncatcher For Dog Mom Memorial Gift,24.4,72,12,48,Shop522Studio,"custom,home decor,personalized gift,gift for him",https://www.etsy.com/listing/248868915,acrylic-suncatcher
Handmade Custom acrylic suncatcher For Best Friend Mother's Day Gift,16.65,270,45,201,Shop285Studio,"gift for him,home decor,keepsake,acrylic",https://www.etsy.com/listing/421296387,acrylic-suncatcher
Custom Custom acrylic suncatcher Keepsake,14.7,42,7,49,Shop846Studio,"handmade,personalized gift,home decor,gift for her",https://www.etsy.com/listing/534993234,acrylic-suncatcher
Handmade Personalized Stainless Steel Tumbler 20oz For Grandpa Anniversary Gift - Free Shipping,46.44,90,15,38,Shop423Studio,"drinkware,gift for him,keepsake,metal",https://www.etsy.com/listing/848237026,stainless-tumbler
Personalized Stainless Steel Tumbler 20oz For Sister Housewarming Gift Keepsake,32.37,66,11,85,Shop667Studio,"keepsake,gift for him,metal,gift for her",https://www.etsy.com/listing/281538949,stainless-tumbler
Personalized metal 20oz gift For Boss Wedding Gift,23.84,102,17,61,Shop937Studio,"metal,drinkware,custom,personalized gift",https://www.etsy.com/listing/269823950,stainless-tumbler
Custom Stainless Steel Tumbler 20oz Mother's Day Gift Keepsake,31.94,360,60,192,Shop569Studio,"gift for her,drinkware,metal,keepsake",https://www.etsy.com/listing/686633968,stainless-tumbler
Custom Stainless Steel Tumbler 20oz For Grandpa Birthday Gift,33.76,36,6,28,Shop434Studio,"metal,gift for him,custom,handmade",https://www.etsy.com/listing/480777747,stainless-tumbler
Custom metal 20oz For Grandpa Father's Day Gift Gift 2026,20.43,924,154,474,Shop185Studio,"gift for her,custom,drinkware,personalized gift",https://www.etsy.com/listing/371218511,stainless-tumbler
Custom Metal 20oz For Grandma Anniversary Gift,31.33,54,9,27,Shop270Studio,"handmade,custom,gift for her,metal",https://www.etsy.com/listing/683662356,stainless-tumbler
Handmade Personalized Stainless Steel Tumbler 20oz For Best Friend Keepsake,23.66,48,8,59,Shop299Studio,"custom,drinkware,handmade,gift for her",https://www.etsy.com/listing/696629359,stainless-tumbler
Personalized Metal 20oz,28.17,108,18,49,Shop419Studio,"metal,personalized gift,gift for her,handmade",https://www.etsy.com/listing/440958301,stainless-tumbler
Handmade Stainless Steel Tumbler 20oz For Teacher Memorial Gift Gift 2026,29.6,876,146,503,Shop931Studio,"gift for him,handmade,personalized gift,drinkware",https://www.etsy.com/listing/954642738,stainless-tumbler
Handmade Personalized Stainless Steel Tumbler 20oz | Best Gift Idea,33.1,342,57,440,Shop844Studio,"metal,handmade,keepsake,personalized gift",https://www.etsy.com/listing/733292290,stainless-tumbler
Custom metal 20oz Mother's Day Gift Gift 2026,40.2,126,21,156,Shop893Studio,"custom,metal,gift for her,personalized gift",https://www.etsy.com/listing/999536659,stainless-tumbler
Personalized Stainless Steel Tumbler 20oz For Grandpa - Free Shipping,26.27,48,8,33,Shop616Studio,"gift for him,personalized gift,handmade,drinkware",https://www.etsy.com/listing/892455216,stainless-tumbler
Personalized metal 20oz gift Birthday Gift Gift 2026,28.53,252,42,294,Shop260Studio,"drinkware,keepsake,handmade,personalized gift",https://www.etsy.com/listing/631969855,stainless-tumbler
Custom Stainless Steel Tumbler 20oz - Free Shipping,24.97,156,26,99,Shop365Studio,"gift for him,drinkware,gift for her,metal",https://www.etsy.com/listing/755086341,stainless-tumbler
Ceramic Mug 11oz For Boss - Free Shipping,15.14,954,159,992,Shop370Studio,"personalized gift,drinkware,gift for her,gift for him",https://www.etsy.com/listing/411105900,ceramic-mug
Custom Ceramic 11oz Keepsake,19.92,672,112,694,Shop412Studio,"keepsake,personalized gift,gift for him,handmade",https://www.etsy.com/listing/923341508,ceramic-mug
Ceramic Mug 11oz For Grandpa Anniversary Gift Gift 2026,23.27,438,73,268,Shop991Studio,"gift for him,personalized gift,ceramic,handmade",https://www.etsy.com/listing/905429217,ceramic-mug
Handmade Ceramic Mug 11oz Father's Day Gift,20.12,1002,167,524,Shop652Studio,"handmade,ceramic,custom,keepsake",https://www.etsy.com/listing/729343727,ceramic-mug
Personalized Personalized Ceramic Mug 11oz For Mom,17.42,138,23,55,Shop272Studio,"drinkware,keepsake,custom,gift for her",https://www.etsy.com/listing/772289063,ceramic-mug
Personalized Custom Ceramic Mug 11oz For Grandma Gift 2026,21.4,132,22,77,Shop642Studio,"ceramic,custom,gift for her,gift for him",https://www.etsy.com/listing/795697323,ceramic-mug
Custom ceramic 11oz For Best Friend - Free Shipping,21.14,216,36,241,Shop982Studio,"gift for her,handmade,ceramic,custom",https://www.etsy.com/listing/478913910,ceramic-mug
Personalized Personalized Ceramic Mug 11oz For Sister Graduation Gift Gift 2026,17.26,120,20,62,Shop511Studio,"ceramic,handmade,gift for him,personalized gift",https://www.etsy.com/listing/604474574,ceramic-mug
Custom Custom Ceramic Mug 11oz For Boss Gift 2026,15.45,348,58,354,Shop898Studio,"custom,handmade,personalized gift,gift for him",https://www.etsy.com/listing/813771489,ceramic-mug
Handmade Ceramic Mug 11oz,17.96,96,16,36,Shop825Studio,"keepsake,gift for him,personalized gift,handmade",https://www.etsy.com/listing/730009138,ceramic-mug
Personalized ceramic 11oz gift For Grandma Graduation Gift,18.53,378,63,207,Shop906Studio,"gift for him,keepsake,gift for her,personalized gift",https://www.etsy.com/listing/158749510,ceramic-mug
Personalized Ceramic Mug 11oz - Free Shipping,11.84,60,10,51,Shop462Studio,"custom,drinkware,gift for him,gift for her",https://www.etsy.com/listing/997579668,ceramic-mug
Personalized Personalized Ceramic Mug 11oz For Mom,18.63,732,122,703,Shop123Studio,"personalized gift,drinkware,keepsake,gift for him",https://www.etsy.com/listing/352815407,ceramic-mug
Personalized Ceramic Mug 11oz | Best Gift Idea,18.45,1254,209,1451,Shop914Studio,"ceramic,gift for him,gift for her,personalized gift",https://www.etsy.com/listing/901417028,ceramic-mug
Ceramic 11oz,24.65,600,100,763,Shop390Studio,"gift for him,ceramic,custom,handmade",https://www.etsy.com/listing/332806538,ceramic-mug
Unique Ceramic Mug 11oz,16.61,270,45,287,Shop408Studio,"gift for her,gift for him,keepsake,custom",https://www.etsy.com/listing/499402492,ceramic-mug
Custom Custom ceramic 11oz For Grandma | Best Gift Idea,12.65,408,68,524,Shop146Studio,"personalized gift,drinkware,custom,gift for her",https://www.etsy.com/listing/318501086,ceramic-mug
Custom Custom ceramic 11oz Keepsake,23.47,114,19,105,Shop769Studio,"gift for him,ceramic,custom,personalized gift",https://www.etsy.com/listing/206944787,ceramic-mug
Custom Custom Ceramic Mug 11oz For Boss Birthday Gift - Free Shipping,18.45,378,63,135,Shop750Studio,"personalized gift,gift for him,gift for her,custom",https://www.etsy.com/listing/524442501,ceramic-mug
Unique Ceramic Mug 11oz Birthday Gift,17.14,1224,204,654,Shop209Studio,"drinkware,handmade,custom,keepsake",https://www.etsy.com/listing/592354311,ceramic-mug
Custom Custom Ceramic Mug 11oz Mother's Day Gift Keepsake,26.71,144,24,50,Shop799Studio,"personalized gift,gift for him,drinkware,custom",https://www.etsy.com/listing/927299889,ceramic-mug
Personalized Custom Ceramic Mug 11oz Anniversary Gift - Free Shipping,10.49,360,60,174,Shop664Studio,"gift for him,drinkware,handmade,keepsake",https://www.etsy.com/listing/360941468,ceramic-mug
Handmade Ceramic Mug 11oz For Teacher Birthday Gift | Best Gift Idea,17.14,4056,676,2890,Shop588Studio,"custom,keepsake,drinkware,ceramic",https://www.etsy.com/listing/965446004,ceramic-mug
Handmade Personalized Ceramic Mug 11oz Valentine's Day Gift Gift 2026,26.11,90,15,51,Shop617Studio,"handmade,personalized gift,drinkware,gift for him",https://www.etsy.com/listing/383219076,ceramic-mug
Unique Ceramic Mug 11oz Valentine's Day Gift - Free Shipping,18.06,246,41,218,Shop759Studio,"ceramic,keepsake,gift for him,gift for her",https://www.etsy.com/listing/909111880,ceramic-mug
Ceramic 11oz For Teacher Graduation Gift | Best Gift Idea,17.0,102,17,76,Shop687Studio,"keepsake,personalized gift,gift for him,drinkware",https://www.etsy.com/listing/878534691,ceramic-mug
Custom Ceramic Mug 11oz,21.79,636,106,389,Shop117Studio,"keepsake,handmade,custom,ceramic",https://www.etsy.com/listing/432275968,ceramic-mug
Unique Ceramic 11oz,19.47,66,11,74,Shop740Studio,"keepsake,gift for her,drinkware,personalized gift",https://www.etsy.com/listing/260367190,ceramic-mug
Handmade Ceramic Mug 11oz,13.48,462,77,203,Shop105Studio,"handmade,personalized gift,drinkware,ceramic",https://www.etsy.com/listing/297193936,ceramic-mug
Custom glass glass - Free Shipping,19.6,84,14,55,Shop372Studio,"personalized gift,gift for her,handmade,drinkware",https://www.etsy.com/listing/501937020,glass-can
Custom Glass Glass For Dog Mom Keepsake,15.65,168,28,160,Shop349Studio,"gift for him,personalized gift,custom,gift for her",https://www.etsy.com/listing/429208649,glass-can
Personalized Beer Can Glass For Best Friend Memorial Gift | Best Gift Idea,30.87,114,19,116,Shop254Studio,"gift for him,drinkware,gift for her,glass",https://www.etsy.com/listing/114444340,glass-can
Personalized Custom Beer Can Glass For Grandpa Gift 2026,25.31,570,95,454,Shop925Studio,"custom,keepsake,drinkware,gift for him",https://www.etsy.com/listing/212003963,glass-can
Personalized Glass Glass,20.75,540,90,550,Shop196Studio,"gift for him,personalized gift,custom,gift for her",https://www.etsy.com/listing/621328776,glass-can
Personalized Beer Can Glass Wedding Gift Keepsake,27.09,162,27,103,Shop992Studio,"gift for him,glass,handmade,drinkware",https://www.etsy.com/listing/134493100,glass-can
Personalized Beer Can Glass For Grandma Gift 2026,23.51,324,54,346,Shop948Studio,"gift for him,personalized gift,handmade,custom",https://www.etsy.com/listing/507773908,glass-can
Unique Custom Beer Can Glass Gift 2026,27.65,138,23,101,Shop319Studio,"personalized gift,custom,gift for her,drinkware",https://www.etsy.com/listing/572419341,glass-can
Handmade Personalized glass glass gift Gift 2026,28.07,144,24,60,Shop407Studio,"custom,drinkware,gift for him,personalized gift",https://www.etsy.com/listing/814219974,glass-can
Custom Beer Can Glass - Free Shipping,33.07,636,106,587,Shop609Studio,"personalized gift,glass,drinkware,custom",https://www.etsy.com/listing/588760025,glass-can
Custom glass glass Memorial Gift - Free Shipping,24.47,144,24,135,Shop795Studio,"glass,keepsake,personalized gift,custom",https://www.etsy.com/listing/674255799,glass-can
Unique Personalized Beer Can Glass Keepsake,23.8,78,13,75,Shop629Studio,"keepsake,drinkware,glass,custom",https://www.etsy.com/listing/596214804,glass-can
Beer Can Glass For Grandpa - Free Shipping,18.35,96,16,82,Shop881Studio,"personalized gift,glass,drinkware,custom",https://www.etsy.com/listing/590402488,glass-can
Personalized Custom Beer Can Glass Valentine's Day Gift Keepsake,23.8,216,36,271,Shop845Studio,"personalized gift,custom,gift for him,glass",https://www.etsy.com/listing/176518680,glass-can
Handmade Glass Glass,23.6,246,41,191,Shop953Studio,"keepsake,glass,custom,gift for her",https://www.etsy.com/listing/348098890,glass-can
Custom Custom glass glass For Dog Mom Keepsake,27.82,714,119,857,Shop246Studio,"gift for him,gift for her,personalized gift,drinkware",https://www.etsy.com/listing/508752563,glass-can
Handmade Custom Beer Can Glass For Grandpa | Best Gift Idea,19.49,450,75,365,Shop383Studio,"handmade,custom,gift for him,keepsake",https://www.etsy.com/listing/489176169,glass-can
Beer Can Glass - Free Shipping,21.15,180,30,138,Shop464Studio,"personalized gift,drinkware,handmade,custom",https://www.etsy.com/listing/448821930,glass-can
Custom Personalized glass glass gift For Best Friend Memorial Gift | Best Gift Idea,21.65,450,75,471,Shop504Studio,"personalized gift,drinkware,custom,gift for her",https://www.etsy.com/listing/461952189,glass-can
Personalized glass glass gift For Sister Gift 2026,19.76,594,99,603,Shop646Studio,"drinkware,custom,personalized gift,gift for him",https://www.etsy.com/listing/462276457,glass-can
Handmade Beer Can Glass For Grandma - Free Shipping,29.42,270,45,196,Shop482Studio,"gift for her,handmade,drinkware,glass",https://www.etsy.com/listing/222943962,glass-can
Handmade Custom glass glass For Dad Gift 2026,20.25,216,36,277,Shop567Studio,"keepsake,handmade,gift for her,personalized gift",https://www.etsy.com/listing/826902454,glass-can
Glass Glass For Sister Keepsake,18.96,72,12,41,Shop695Studio,"drinkware,keepsake,gift for him,personalized gift",https://www.etsy.com/listing/569086544,glass-can
Custom glass glass | Best Gift Idea,21.38,90,15,64,Shop899Studio,"drinkware,custom,handmade,keepsake",https://www.etsy.com/listing/419939901,glass-can
Handmade Custom Beer Can Glass Housewarming Gift,11.28,264,44,162,Shop724Studio,"gift for him,personalized gift,handmade,custom",https://www.etsy.com/listing/532817300,glass-can
Beer Can Glass Gift 2026,19.92,666,111,341,Shop812Studio,"glass,gift for her,gift for him,handmade",https://www.etsy.com/listing/891491181,glass-can
Custom Engraved Cutting Board | Best Gift Idea,22.61,480,80,172,Shop198Studio,"handmade,gift for him,keepsake,wood",https://www.etsy.com/listing/378033564,wood-cutting-board
Wood Board Mother's Day Gift | Best Gift Idea,33.45,306,51,148,Shop895Studio,"handmade,custom,wood,kitchen",https://www.etsy.com/listing/999002393,wood-cutting-board
Wood Board Graduation Gift Keepsake,31.83,612,102,545,Shop793Studio,"gift for him,gift for her,wood,custom",https://www.etsy.com/listing/594670429,wood-cutting-board
Custom Personalized wood board gift For Teacher Mother's Day Gift Keepsake,23.76,186,31,157,Shop371Studio,"personalized gift,wood,gift for her,custom",https://www.etsy.com/listing/439337359,wood-cutting-board
Personalized Personalized Engraved Cutting Board For Dad | Best Gift Idea,39.56,654,109,315,Shop984Studio,"personalized gift,keepsake,wood,gift for him",https://www.etsy.com/listing/623216176,wood-cutting-board
Personalized Custom Engraved Cutting Board For Sister Keepsake,25.71,264,44,335,Shop846Studio,"gift for her,kitchen,personalized gift,wood",https://www.etsy.com/listing/120352237,wood-cutting-board
Wood Board Gift 2026,24.01,654,109,410,Shop707Studio,"gift for him,gift for her,wood,handmade",https://www.etsy.com/listing/872779198,wood-cutting-board
Handmade Engraved Cutting Board,19.26,498,83,541,Shop405Studio,"keepsake,wood,gift for her,handmade",https://www.etsy.com/listing/831657798,wood-cutting-board
Unique Custom wood board,26.32,186,31,165,Shop816Studio,"gift for him,wood,personalized gift,custom",https://www.etsy.com/listing/802669257,wood-cutting-board
Custom Personalized wood board gift For Boss Graduation Gift,37.38,66,11,25,Shop310Studio,"wood,gift for him,kitchen,personalized gift",https://www.etsy.com/listing/134624669,wood-cutting-board
Custom Wood Board Wedding Gift,13.3,162,27,198,Shop850Studio,"wood,kitchen,gift for him,custom",https://www.etsy.com/listing/526540792,wood-cutting-board
Wood Board For Dad Christmas Gift | Best Gift Idea,23.68,450,75,596,Shop629Studio,"personalized gift,custom,gift for him,kitchen",https://www.etsy.com/listing/683962240,wood-cutting-board
Handmade Personalized Engraved Cutting Board For Mom Memorial Gift Keepsake,27.98,90,15,105,Shop398Studio,"wood,gift for him,gift for her,kitchen",https://www.etsy.com/listing/272902801,wood-cutting-board
Wood Board - Free Shipping,28.19,252,42,253,Shop691Studio,"keepsake,handmade,kitchen,wood",https://www.etsy.com/listing/577427610,wood-cutting-board
Unique Custom Engraved Cutting Board,25.32,714,119,866,Shop712Studio,"wood,gift for her,custom,gift for him",https://www.etsy.com/listing/777978653,wood-cutting-board
Custom Personalized Engraved Cutting Board For Dog Mom Mother's Day Gift,28.56,132,22,50,Shop512Studio,"wood,gift for him,kitchen,keepsake",https://www.etsy.com/listing/506069600,wood-cutting-board
Personalized wood board gift,27.99,66,11,24,Shop463Studio,"handmade,wood,kitchen,gift for him",https://www.etsy.com/listing/604775415,wood-cutting-board
Personalized wood board gift For Best Friend - Free Shipping,28.2,210,35,110,Shop182Studio,"gift for him,keepsake,kitchen,wood",https://www.etsy.com/listing/394872677,wood-cutting-board
Handmade Custom Engraved Cutting Board Memorial Gift - Free Shipping,32.5,402,67,189,Shop196Studio,"wood,kitchen,gift for her,personalized gift",https://www.etsy.com/listing/514685139,wood-cutting-board
Custom Personalized wood board gift Birthday Gift,35.69,366,61,144,Shop450Studio,"kitchen,gift for him,wood,custom",https://www.etsy.com/listing/997305537,wood-cutting-board
Personalized Wood Board For Best Friend Valentine's Day Gift | Best Gift Idea,30.63,138,23,168,Shop850Studio,"kitchen,handmade,wood,gift for him",https://www.etsy.com/listing/925260927,wood-cutting-board
Personalized Engraved Cutting Board | Best Gift Idea,27.53,1026,171,1118,Shop841Studio,"gift for him,custom,gift for her,keepsake",https://www.etsy.com/listing/758254520,wood-cutting-board
Unique Custom wood board For Boss Valentine's Day Gift Keepsake,28.99,1020,170,905,Shop279Studio,"handmade,kitchen,gift for her,custom",https://www.etsy.com/listing/503521981,wood-cutting-board
Unique Wood Board Keepsake,39.53,96,16,57,Shop624Studio,"handmade,gift for him,wood,gift for her",https://www.etsy.com/listing/753365415,wood-cutting-board
Personalized Wood Board For Dad | Best Gift Idea,21.97,336,56,206,Shop441Studio,"kitchen,handmade,personalized gift,gift for him",https://www.etsy.com/listing/220660248,wood-cutting-board
Custom Custom Engraved Cutting Board,33.25,846,141,818,Shop865Studio,"wood,handmade,personalized gift,gift for her",https://www.etsy.com/listing/642047369,wood-cutting-board
Unique Personalized Engraved Cutting Board For Grandma - Free Shipping,22.4,60,10,29,Shop463Studio,"kitchen,gift for him,personalized gift,keepsake",https://www.etsy.com/listing/342396436,wood-cutting-board
Custom wood board For Mom Graduation Gift Keepsake,31.37,522,87,210,Shop727Studio,"gift for her,custom,kitchen,gift for him",https://www.etsy.com/listing/528832561,wood-cutting-board
Personalized Personalized wood board gift Gift 2026,32.86,174,29,161,Shop394Studio,"personalized gift,keepsake,custom,handmade",https://www.etsy.com/listing/169539427,wood-cutting-board
Personalized wood board gift - Free Shipping,32.42,126,21,146,Shop955Studio,"wood,handmade,gift for her,kitchen",https://www.etsy.com/listing/127197283,wood-cutting-board
Custom Wood Board,37.57,858,143,997,Shop329Studio,"kitchen,gift for him,keepsake,handmade",https://www.etsy.com/listing/270051175,wood-cutting-board
Personalized Custom Coir Doormat Keepsake,28.58,402,67,250,Shop149Studio,"gift for him,handmade,gift for her,keepsake",https://www.etsy.com/listing/899802817,coir-doormat
Unique Personalized Custom Coir Doormat For Grandpa Father's Day Gift | Best Gift Idea,36.58,120,20,79,Shop410Studio,"home decor,keepsake,custom,personalized gift",https://www.etsy.com/listing/665935892,coir-doormat
Custom Coir Doormat Mother's Day Gift | Best Gift Idea,28.23,66,11,80,Shop695Studio,"handmade,fabric,gift for him,keepsake",https://www.etsy.com/listing/876454131,coir-doormat
Personalized fabric doormat gift For Grandma Keepsake,31.78,24,4,24,Shop589Studio,"home decor,custom,handmade,personalized gift",https://www.etsy.com/listing/503509571,coir-doormat
Personalized fabric doormat gift For Teacher Keepsake,37.76,222,37,203,Shop651Studio,"gift for her,keepsake,fabric,personalized gift",https://www.etsy.com/listing/923735126,coir-doormat
Personalized Custom Coir Doormat Keepsake,30.1,288,48,358,Shop577Studio,"custom,keepsake,gift for her,personalized gift",https://www.etsy.com/listing/638155461,coir-doormat
Personalized Fabric Doormat Anniversary Gift Gift 2026,28.59,228,38,218,Shop883Studio,"home decor,fabric,custom,handmade",https://www.etsy.com/listing/981864691,coir-doormat
Custom Custom Coir Doormat For Best Friend,28.51,102,17,108,Shop652Studio,"gift for her,handmade,custom,fabric",https://www.etsy.com/listing/479146204,coir-doormat
Custom fabric doormat For Grandma Christmas Gift - Free Shipping,25.95,132,22,50,Shop701Studio,"handmade,custom,home decor,fabric",https://www.etsy.com/listing/147205749,coir-doormat
Custom Custom Coir Doormat For Dog Mom Gift 2026,29.42,84,14,102,Shop173Studio,"gift for him,gift for her,personalized gift,fabric",https://www.etsy.com/listing/359866931,coir-doormat
Personalized fabric doormat gift,34.91,30,5,10,Shop219Studio,"fabric,custom,handmade,home decor",https://www.etsy.com/listing/953429185,coir-doormat
Custom Personalized Custom Coir Doormat Keepsake,17.86,54,9,37,Shop666Studio,"custom,personalized gift,home decor,gift for her",https://www.etsy.com/listing/988880618,coir-doormat
Fabric Doormat For Couple | Best Gift Idea,25.57,168,28,126,Shop435Studio,"handmade,fabric,gift for her,gift for him",https://www.etsy.com/listing/792396963,coir-doormat
Unique Custom Coir Doormat Father's Day Gift | Best Gift Idea,42.4,36,6,16,Shop625Studio,"handmade,keepsake,gift for him,gift for her",https://www.etsy.com/listing/187491373,coir-doormat
Personalized fabric doormat gift,21.99,90,15,35,Shop472Studio,"keepsake,custom,gift for him,handmade",https://www.etsy.com/listing/967265441,coir-doormat
Custom Custom fabric doormat For Grandma,28.47,48,8,52,Shop996Studio,"home decor,fabric,handmade,personalized gift",https://www.etsy.com/listing/820404830,coir-doormat
Unique Custom fabric doormat Anniversary Gift Keepsake,34.05,186,31,226,Shop222Studio,"handmade,keepsake,gift for her,custom",https://www.etsy.com/listing/917570914,coir-doormat
Unique Fabric Doormat Graduation Gift,32.65,102,17,125,Shop746Studio,"custom,gift for her,fabric,home decor",https://www.etsy.com/listing/958580363,coir-doormat
Unique Custom Custom Coir Doormat Memorial Gift - Free Shipping,32.2,114,19,47,Shop392Studio,"keepsake,custom,gift for him,home decor",https://www.etsy.com/listing/115925737,coir-doormat
Handmade Custom Coir Doormat,20.63,300,50,223,Shop949Studio,"home decor,handmade,gift for her,gift for him",https://www.etsy.com/listing/833762631,coir-doormat
Custom fabric doormat For Sister,35.74,174,29,153,Shop300Studio,"home decor,fabric,keepsake,gift for her",https://www.etsy.com/listing/264964541,coir-doormat
Custom Custom Coir Doormat For Sister Gift 2026,22.85,180,30,143,Shop890Studio,"gift for him,fabric,custom,gift for her",https://www.etsy.com/listing/202765963,coir-doormat
Personalized Fleece Blanket For Dog Mom Graduation Gift | Best Gift Idea,36.23,732,122,593,Shop207Studio,"home decor,custom,keepsake,personalized gift",https://www.etsy.com/listing/352911346,fleece-blanket
Personalized Personalized Fleece Blanket For Best Friend Gift 2026,27.29,126,21,74,Shop530Studio,"gift for him,gift for her,handmade,fabric",https://www.etsy.com/listing/863396453,fleece-blanket
Fabric Blanket Birthday Gift Gift 2026,47.43,18,3,15,Shop798Studio,"keepsake,fabric,gift for her,home decor",https://www.etsy.com/listing/224533623,fleece-blanket
Handmade Custom fabric blanket For Mom Keepsake,35.74,1440,240,672,Shop746Studio,"handmade,gift for her,custom,fabric",https://www.etsy.com/listing/663477744,fleece-blanket
Custom Personalized Personalized Fleece Blanket | Best Gift Idea,24.42,120,20,95,Shop731Studio,"keepsake,handmade,fabric,gift for him",https://www.etsy.com/listing/252370253,fleece-blanket
Handmade Fabric Blanket,25.64,1344,224,863,Shop141Studio,"fabric,handmade,home decor,personalized gift",https://www.etsy.com/listing/315829489,fleece-blanket
Personalized Fabric Blanket,30.01,1332,222,1531,Shop722Studio,"custom,fabric,personalized gift,gift for her",https://www.etsy.com/listing/700686077,fleece-blanket
Personalized Fabric Blanket Father's Day Gift - Free Shipping,29.36,972,162,742,Shop289Studio,"fabric,keepsake,gift for her,custom",https://www.etsy.com/listing/377976479,fleece-blanket
Personalized fabric blanket gift For Boss Anniversary Gift Keepsake,29.5,4752,792,2945,Shop724Studio,"gift for her,home decor,keepsake,custom",https://www.etsy.com/listing/142124447,fleece-blanket
Custom Custom fabric blanket Gift 2026,22.87,468,78,231,Shop298Studio,"keepsake,gift for her,custom,fabric",https://www.etsy.com/listing/844653395,fleece-blanket
Personalized Fabric Blanket Birthday Gift,38.46,468,78,382,Shop680Studio,"fabric,gift for her,personalized gift,gift for him",https://www.etsy.com/listing/980844542,fleece-blanket
Fabric Blanket - Free Shipping,39.72,1434,239,1131,Shop165Studio,"keepsake,gift for her,custom,fabric",https://www.etsy.com/listing/229720188,fleece-blanket
Custom Custom Personalized Fleece Blanket | Best Gift Idea,33.13,3000,500,3109,Shop927Studio,"home decor,handmade,gift for her,fabric",https://www.etsy.com/listing/991690931,fleece-blanket
Personalized Personalized Fleece Blanket Gift 2026,29.68,1350,225,629,Shop678Studio,"fabric,gift for her,gift for him,handmade",https://www.etsy.com/listing/753817028,fleece-blanket
Custom Personalized Fleece Blanket For Boss Christmas Gift - Free Shipping,39.6,2946,491,3564,Shop514Studio,"home decor,gift for him,keepsake,gift for her",https://www.etsy.com/listing/463506810,fleece-blanket
Handmade Custom Personalized Fleece Blanket,30.96,294,49,213,Shop614Studio,"home decor,fabric,custom,keepsake",https://www.etsy.com/listing/149219962,fleece-blanket
Handmade Personalized fabric blanket gift For Mom Valentine's Day Gift,34.01,780,130,951,Shop765Studio,"gift for him,handmade,personalized gift,custom",https://www.etsy.com/listing/846452058,fleece-blanket
Unique Personalized Personalized Fleece Blanket For Sister Christmas Gift,37.73,444,74,170,Shop481Studio,"home decor,gift for him,fabric,handmade",https://www.etsy.com/listing/734757636,fleece-blanket
Custom Fabric Blanket For Dad,35.91,606,101,252,Shop272Studio,"handmade,gift for her,fabric,keepsake",https://www.etsy.com/listing/317357606,fleece-blanket
Personalized Personalized fabric blanket gift Christmas Gift,17.45,8760,1460,11438,Shop752Studio,"handmade,personalized gift,home decor,fabric",https://www.etsy.com/listing/444190301,fleece-blanket
Custom Personalized Fleece Blanket For Teacher,23.02,336,56,441,Shop850Studio,"fabric,keepsake,gift for him,personalized gift",https://www.etsy.com/listing/176354028,fleece-blanket
Personalized Fabric Blanket For Mom Keepsake,30.72,570,95,265,Shop579Studio,"fabric,home decor,personalized gift,gift for her",https://www.etsy.com/listing/219182737,fleece-blanket
Custom fabric blanket For Dad Birthday Gift,36.51,456,76,205,Shop192Studio,"gift for him,personalized gift,home decor,gift for her",https://www.etsy.com/listing/347825765,fleece-blanket
Unique Personalized Personalized Fleece Blanket Father's Day Gift Keepsake,22.59,204,34,99,Shop264Studio,"custom,keepsake,gift for him,fabric",https://www.etsy.com/listing/685146602,fleece-blanket
Handmade Custom Personalized Fleece Blanket For Couple Keepsake,25.58,792,132,547,Shop940Studio,"personalized gift,handmade,gift for him,home decor",https://www.etsy.com/listing/560209604,fleece-blanket
Personalized Fleece Blanket,22.33,1224,204,1106,Shop350Studio,"gift for him,gift for her,handmade,keepsake",https://www.etsy.com/listing/972770299,fleece-blanket
Custom Personalized Fleece Blanket Gift 2026,27.88,528,88,400,Shop302Studio,"handmade,gift for her,keepsake,custom",https://www.etsy.com/listing/993783398,fleece-blanket
Custom Personalized Fleece Blanket,26.83,792,132,840,Shop119Studio,"custom,fabric,gift for him,home decor",https://www.etsy.com/listing/143064273,fleece-blanket
Personalized fabric blanket gift For Grandma Gift 2026,27.31,420,70,202,Shop139Studio,"keepsake,handmade,personalized gift,gift for her",https://www.etsy.com/listing/548491441,fleece-blanket
Custom Personalized Personalized Fleece Blanket For Mom,39.05,390,65,142,Shop231Studio,"handmade,gift for her,custom,fabric",https://www.etsy.com/listing/668186071,fleece-blanket
Unique Fabric Blanket For Mom - Free Shipping,25.83,168,28,130,Shop725Studio,"keepsake,home decor,handmade,gift for her",https://www.etsy.com/listing/558774255,fleece-blanket
Fabric Blanket For Grandma,26.8,132,22,108,Shop965Studio,"custom,home decor,gift for her,gift for him",https://www.etsy.com/listing/660190016,fleece-blanket
Handmade Custom Personalized Fleece Blanket Gift 2026,23.75,594,99,220,Shop250Studio,"home decor,fabric,gift for her,custom",https://www.etsy.com/listing/668326042,fleece-blanket
Personalized Personalized fabric blanket gift For Dog Mom,43.15,294,49,366,Shop284Studio,"keepsake,gift for him,personalized gift,handmade",https://www.etsy.com/listing/533973510,fleece-blanket
Custom fabric blanket Graduation Gift,34.81,258,43,302,Shop266Studio,"gift for him,keepsake,custom,fabric",https://www.etsy.com/listing/832985118,fleece-blanket
Custom Personalized Fleece Blanket Father's Day Gift,37.0,132,22,130,Shop131Studio,"fabric,handmade,personalized gift,gift for her",https://www.etsy.com/listing/450591362,fleece-blanket
Custom Personalized Fleece Blanket Gift 2026,18.66,186,31,227,Shop553Studio,"personalized gift,gift for her,keepsake,handmade",https://www.etsy.com/listing/991926824,fleece-blanket
Fabric Blanket Keepsake,18.81,264,44,141,Shop679Studio,"personalized gift,handmade,gift for her,gift for him",https://www.etsy.com/listing/858153606,fleece-blanket
Personalized Fleece Blanket Graduation Gift,25.38,354,59,455,Shop737Studio,"keepsake,gift for him,fabric,gift for her",https://www.etsy.com/listing/578349398,fleece-blanket
Handmade Custom Personalized Fleece Blanket For Dog Mom Graduation Gift,40.49,3180,530,2960,Shop440Studio,"handmade,home decor,gift for him,keepsake",https://www.etsy.com/listing/462743904,fleece-blanket
Personalized Fleece Blanket For Grandpa Keepsake,25.06,42,7,29,Shop338Studio,"handmade,keepsake,custom,personalized gift",https://www.etsy.com/listing/885727822,fleece-blanket
Unique Personalized fabric blanket gift - Free Shipping,37.47,414,69,438,Shop355Studio,"personalized gift,gift for him,keepsake,handmade",https://www.etsy.com/listing/192145969,fleece-blanket
Personalized Custom fabric blanket For Best Friend - Free Shipping,32.87,246,41,198,Shop395Studio,"fabric,personalized gift,gift for him,handmade",https://www.etsy.com/listing/216144030,fleece-blanket
Unique Personalized fabric blanket gift For Dog Mom Anniversary Gift - Free Shipping,39.76,276,46,286,Shop597Studio,"keepsake,handmade,gift for her,home decor",https://www.etsy.com/listing/888153176,fleece-blanket
Personalized Personalized Fleece Blanket For Teacher Gift 2026,32.13,366,61,185,Shop268Studio,"handmade,custom,home decor,gift for her",https://www.etsy.com/listing/454149825,fleece-blanket
Personalized Personalized Personalized Fleece Blanket Mother's Day Gift,31.0,2484,414,2798,Shop219Studio,"personalized gift,fabric,gift for her,keepsake",https://www.etsy.com/listing/383218344,fleece-blanket
Personalized Personalized Fleece Blanket Christmas Gift,26.54,1506,251,1479,Shop751Studio,"fabric,handmade,personalized gift,home decor",https://www.etsy.com/listing/490604208,fleece-blanket
Unique Custom Personalized Fleece Blanket Christmas Gift - Free Shipping,32.08,168,28,172,Shop206Studio,"home decor,gift for him,custom,keepsake",https://www.etsy.com/listing/333662634,fleece-blanket
Unique Personalized Fleece Blanket For Grandpa Mother's Day Gift - Free Shipping,30.7,450,75,348,Shop384Studio,"gift for her,fabric,custom,keepsake",https://www.etsy.com/listing/208539761,fleece-blanket
Unique Fabric Blanket,35.61,66,11,77,Shop820Studio,"home decor,gift for him,fabric,gift for her",https://www.etsy.com/listing/558949917,fleece-blanket
Custom Personalized Fleece Blanket Graduation Gift,32.66,1860,310,1861,Shop355Studio,"custom,gift for him,keepsake,gift for her",https://www.etsy.com/listing/559393811,fleece-blanket
Handmade Personalized Fleece Blanket For Grandma Gift 2026,25.09,390,65,463,Shop421Studio,"home decor,gift for him,keepsake,gift for her",https://www.etsy.com/listing/819102144,fleece-blanket
Custom Personalized Fleece Blanket | Best Gift Idea,32.5,1464,244,1108,Shop534Studio,"personalized gift,keepsake,home decor,gift for him",https://www.etsy.com/listing/814386965,fleece-blanket
Custom fabric blanket Valentine's Day Gift,48.41,624,104,370,Shop692Studio,"gift for him,keepsake,custom,personalized gift",https://www.etsy.com/listing/863091408,fleece-blanket
Personalized Fleece Blanket For Mom Anniversary Gift,23.28,684,114,624,Shop627Studio,"keepsake,gift for him,handmade,personalized gift",https://www.etsy.com/listing/948511687,fleece-blanket
Personalized Personalized Fleece Blanket Gift 2026,36.11,390,65,423,Shop806Studio,"home decor,fabric,custom,keepsake",https://www.etsy.com/listing/686117735,fleece-blanket
Custom fabric blanket For Grandpa Keepsake,26.62,1368,228,924,Shop229Studio,"personalized gift,home decor,handmade,gift for her",https://www.etsy.com/listing/309449577,fleece-blanket
Personalized Fleece Blanket,42.31,204,34,103,Shop518Studio,"fabric,gift for him,handmade,gift for her",https://www.etsy.com/listing/345654523,fleece-blanket
Personalized fabric blanket gift,29.5,462,77,170,Shop146Studio,"gift for him,handmade,personalized gift,fabric",https://www.etsy.com/listing/420566599,fleece-blanket
Personalized Personalized Fleece Blanket For Sister Mother's Day Gift - Free Shipping,34.47,138,23,166,Shop695Studio,"handmade,custom,home decor,fabric",https://www.etsy.com/listing/576087039,fleece-blanket
Custom Personalized fabric blanket gift - Free Shipping,23.16,498,83,613,Shop364Studio,"handmade,fabric,custom,keepsake",https://www.etsy.com/listing/421970944,fleece-blanket
Custom Personalized Fleece Blanket For Dog Mom - Free Shipping,21.78,366,61,342,Shop971Studio,"custom,home decor,handmade,gift for her",https://www.etsy.com/listing/331574288,fleece-blanket
Fabric Blanket,41.51,462,77,354,Shop561Studio,"home decor,keepsake,gift for her,handmade",https://www.etsy.com/listing/319962738,fleece-blanket
Personalized fabric blanket gift For Grandpa Wedding Gift Keepsake,33.32,660,110,703,Shop202Studio,"gift for her,gift for him,keepsake,fabric",https://www.etsy.com/listing/374100344,fleece-blanket
Personalized Personalized Fleece Blanket For Couple,31.95,2100,350,1565,Shop200Studio,"keepsake,gift for him,home decor,fabric",https://www.etsy.com/listing/827649564,fleece-blanket
Personalized Custom fabric blanket For Teacher Memorial Gift Gift 2026,39.62,1734,289,1708,Shop533Studio,"home decor,fabric,gift for him,handmade",https://www.etsy.com/listing/898125691,sherpa-blanket
Handmade Custom Sherpa Photo Blanket,39.18,1758,293,698,Shop781Studio,"fabric,gift for him,keepsake,home decor",https://www.etsy.com/listing/626300891,sherpa-blanket
Unique Sherpa Photo Blanket Graduation Gift Gift 2026,23.23,330,55,267,Shop573Studio,"custom,gift for her,home decor,gift for him",https://www.etsy.com/listing/695033866,sherpa-blanket
Personalized Custom Sherpa Photo Blanket Gift 2026,35.36,1704,284,1681,Shop181Studio,"keepsake,gift for her,home decor,handmade",https://www.etsy.com/listing/627882804,sherpa-blanket
Personalized Custom Sherpa Photo Blanket For Teacher Wedding Gift,29.1,696,116,910,Shop729Studio,"handmade,personalized gift,home decor,gift for him",https://www.etsy.com/listing/717172095,sherpa-blanket
Fabric Blanket Gift 2026,31.69,2424,404,2524,Shop944Studio,"custom,personalized gift,handmade,keepsake",https://www.etsy.com/listing/795777217,sherpa-blanket
Unique Custom fabric blanket Gift 2026,24.1,408,68,530,Shop441Studio,"gift for him,custom,fabric,gift for her",https://www.etsy.com/listing/338924382,sherpa-blanket
Unique Personalized Sherpa Photo Blanket For Teacher,36.76,252,42,183,Shop420Studio,"gift for her,keepsake,fabric,custom",https://www.etsy.com/listing/255877377,sherpa-blanket
Custom Fabric Blanket Keepsake,28.95,1764,294,1577,Shop425Studio,"keepsake,fabric,gift for her,handmade",https://www.etsy.com/listing/807432685,sherpa-blanket
Handmade Sherpa Photo Blanket | Best Gift Idea,29.04,612,102,589,Shop346Studio,"gift for him,custom,handmade,fabric",https://www.etsy.com/listing/938895086,sherpa-blanket
Sherpa Photo Blanket,47.01,180,30,192,Shop573Studio,"home decor,gift for her,gift for him,keepsake",https://www.etsy.com/listing/911416894,sherpa-blanket
Custom Fabric Blanket Gift 2026,34.56,156,26,52,Shop508Studio,"personalized gift,custom,keepsake,fabric",https://www.etsy.com/listing/104951056,sherpa-blanket
Handmade Custom Sherpa Photo Blanket For Sister Valentine's Day Gift | Best Gift Idea,30.09,792,132,1045,Shop124Studio,"personalized gift,keepsake,gift for him,handmade",https://www.etsy.com/listing/291330530,sherpa-blanket
Fabric Blanket For Teacher Keepsake,25.55,450,75,244,Shop908Studio,"home decor,personalized gift,fabric,custom",https://www.etsy.com/listing/825632627,sherpa-blanket
Custom fabric blanket Keepsake,32.94,264,44,341,Shop982Studio,"gift for her,personalized gift,handmade,fabric",https://www.etsy.com/listing/536628706,sherpa-blanket
Unique Personalized Sherpa Photo Blanket For Boss Valentine's Day Gift - Free Shipping,32.78,450,75,535,Shop900Studio,"gift for her,fabric,personalized gift,gift for him",https://www.etsy.com/listing/880675524,sherpa-blanket
Sherpa Photo Blanket For Mom Mother's Day Gift Gift 2026,29.6,174,29,132,Shop113Studio,"gift for her,keepsake,fabric,custom",https://www.etsy.com/listing/458488260,sherpa-blanket
Fabric Blanket For Couple Anniversary Gift Keepsake,27.31,1524,254,1740,Shop327Studio,"handmade,personalized gift,gift for him,gift for her",https://www.etsy.com/listing/757796965,sherpa-blanket
Custom fabric blanket For Couple Valentine's Day Gift,21.57,3084,514,3609,Shop545Studio,"gift for her,custom,fabric,gift for him",https://www.etsy.com/listing/401892286,sherpa-blanket
Sherpa Photo Blanket For Sister Wedding Gift Gift 2026,30.53,132,22,49,Shop614Studio,"keepsake,handmade,custom,gift for her",https://www.etsy.com/listing/232601140,sherpa-blanket
Unique Personalized fabric blanket gift,30.77,270,45,193,Shop577Studio,"personalized gift,keepsake,home decor,gift for her",https://www.etsy.com/listing/459240066,sherpa-blanket
Fabric Blanket,36.91,1560,260,1235,Shop361Studio,"custom,gift for her,gift for him,personalized gift",https://www.etsy.com/listing/699028450,sherpa-blanket
Personalized fabric blanket gift For Grandpa,16.93,378,63,394,Shop822Studio,"handmade,custom,fabric,personalized gift",https://www.etsy.com/listing/460674108,sherpa-blanket
Handmade Sherpa Photo Blanket Housewarming Gift - Free Shipping,24.52,1620,270,1444,Shop786Studio,"fabric,keepsake,gift for her,handmade",https://www.etsy.com/listing/827846084,sherpa-blanket
Handmade Sherpa Photo Blanket - Free Shipping,24.18,300,50,234,Shop273Studio,"custom,keepsake,personalized gift,fabric",https://www.etsy.com/listing/475674242,sherpa-blanket
Handmade Custom Sherpa Photo Blanket For Best Friend Birthday Gift,38.93,840,140,825,Shop552Studio,"fabric,handmade,gift for her,personalized gift",https://www.etsy.com/listing/975754587,sherpa-blanket
Unique Personalized fabric blanket gift For Best Friend,21.73,846,141,338,Shop134Studio,"handmade,home decor,personalized gift,gift for him",https://www.etsy.com/listing/607082529,sherpa-blanket
Personalized Fabric Blanket For Teacher,26.83,696,116,322,Shop542Studio,"gift for him,personalized gift,home decor,handmade",https://www.etsy.com/listing/436870807,sherpa-blanket
Personalized Custom Sherpa Photo Blanket For Teacher Keepsake,30.32,534,89,199,Shop906Studio,"fabric,personalized gift,handmade,gift for her",https://www.etsy.com/listing/947597338,sherpa-blanket
Unique Fabric Blanket Graduation Gift Keepsake,32.81,138,23,72,Shop721Studio,"handmade,custom,gift for him,home decor",https://www.etsy.com/listing/560168510,sherpa-blanket
Handmade Fabric Blanket For Grandma Housewarming Gift,35.34,2196,366,1219,Shop791Studio,"fabric,keepsake,custom,personalized gift",https://www.etsy.com/listing/959385591,sherpa-blanket
Custom Custom Sherpa Photo Blanket For Dog Mom Keepsake,42.11,354,59,408,Shop611Studio,"personalized gift,handmade,gift for her,fabric",https://www.etsy.com/listing/277259202,sherpa-blanket
Handmade Personalized fabric blanket gift | Best Gift Idea,17.42,1302,217,1134,Shop562Studio,"custom,handmade,personalized gift,fabric",https://www.etsy.com/listing/740563056,sherpa-blanket
Custom Sherpa Photo Blanket Keepsake,27.56,414,69,160,Shop591Studio,"gift for her,gift for him,personalized gift,home decor",https://www.etsy.com/listing/422016073,sherpa-blanket
Unique Personalized Sherpa Photo Blanket Housewarming Gift,31.71,138,23,100,Shop420Studio,"handmade,gift for him,custom,gift for her",https://www.etsy.com/listing/177283718,sherpa-blanket
Custom fabric blanket For Grandma Keepsake,35.59,756,126,686,Shop878Studio,"personalized gift,handmade,fabric,home decor",https://www.etsy.com/listing/817038105,sherpa-blanket
Custom Sherpa Photo Blanket | Best Gift Idea,35.89,126,21,123,Shop288Studio,"gift for her,personalized gift,keepsake,fabric",https://www.etsy.com/listing/406675813,sherpa-blanket
Handmade Fabric Blanket For Best Friend Gift 2026,30.78,510,85,312,Shop213Studio,"gift for him,gift for her,fabric,personalized gift",https://www.etsy.com/listing/255260743,sherpa-blanket
Unique Personalized fabric blanket gift Gift 2026,37.82,198,33,143,Shop393Studio,"handmade,gift for her,gift for him,keepsake",https://www.etsy.com/listing/971241782,sherpa-blanket
Personalized Custom Sherpa Photo Blanket For Dog Mom Anniversary Gift,37.44,2274,379,1642,Shop896Studio,"home decor,gift for her,gift for him,handmade",https://www.etsy.com/listing/218928672,sherpa-blanket
Unique Custom fabric blanket Graduation Gift Keepsake,36.24,900,150,783,Shop116Studio,"handmade,custom,home decor,gift for her",https://www.etsy.com/listing/173465988,sherpa-blanket
Custom Sherpa Photo Blanket,31.31,666,111,693,Shop339Studio,"personalized gift,fabric,gift for him,home decor",https://www.etsy.com/listing/750602976,sherpa-blanket
Handmade Custom fabric blanket Housewarming Gift,28.34,198,33,246,Shop182Studio,"personalized gift,gift for him,custom,gift for her",https://www.etsy.com/listing/582611981,sherpa-blanket
Handmade Sherpa Photo Blanket Christmas Gift,37.42,948,158,648,Shop588Studio,"custom,personalized gift,home decor,gift for him",https://www.etsy.com/listing/573969099,sherpa-blanket
Sherpa Photo Blanket Memorial Gift - Free Shipping,33.14,162,27,56,Shop130Studio,"fabric,home decor,keepsake,gift for him",https://www.etsy.com/listing/908412246,sherpa-blanket
Personalized Custom Sherpa Photo Blanket For Dog Mom Keepsake,31.58,804,134,526,Shop771Studio,"custom,home decor,keepsake,personalized gift",https://www.etsy.com/listing/773427053,sherpa-blanket
Unique Fabric Blanket For Teacher,27.66,162,27,160,Shop762Studio,"handmade,gift for him,custom,home decor",https://www.etsy.com/listing/515332964,sherpa-blanket
Personalized Sherpa Photo Blanket For Teacher Mother's Day Gift Gift 2026,34.99,162,27,214,Shop546Studio,"personalized gift,fabric,keepsake,gift for her",https://www.etsy.com/listing/849256680,sherpa-blanket
Custom Fabric Blanket Housewarming Gift,42.72,336,56,232,Shop187Studio,"home decor,personalized gift,keepsake,custom",https://www.etsy.com/listing/868367080,sherpa-blanket
Handmade Custom fabric blanket For Grandma Gift 2026,43.92,780,130,505,Shop677Studio,"personalized gift,home decor,gift for her,fabric",https://www.etsy.com/listing/584636148,sherpa-blanket
Handmade Fabric Blanket Wedding Gift | Best Gift Idea,39.38,228,38,84,Shop631Studio,"custom,personalized gift,keepsake,gift for her",https://www.etsy.com/listing/108715050,sherpa-blanket
Unique Personalized Sherpa Photo Blanket Memorial Gift Keepsake,26.55,2226,371,1604,Shop831Studio,"handmade,fabric,personalized gift,custom",https://www.etsy.com/listing/482100433,sherpa-blanket
Unique Custom Sherpa Photo Blanket,28.17,516,86,579,Shop594Studio,"fabric,keepsake,home decor,gift for him",https://www.etsy.com/listing/119487587,sherpa-blanket
Unique Personalized Sherpa Photo Blanket,26.52,348,58,231,Shop197Studio,"handmade,keepsake,custom,gift for him",https://www.etsy.com/listing/551386820,sherpa-blanket
Handmade Fabric Blanket For Dad - Free Shipping,24.78,42,7,49,Shop773Studio,"custom,fabric,home decor,gift for her",https://www.etsy.com/listing/377596894,sherpa-blanket
Handmade Sherpa Photo Blanket Gift 2026,29.66,4248,708,2956,Shop659Studio,"gift for her,keepsake,fabric,gift for him",https://www.etsy.com/listing/942034214,sherpa-blanket
Personalized Sherpa Photo Blanket For Grandma Gift 2026,35.56,468,78,207,Shop793Studio,"fabric,handmade,custom,home decor",https://www.etsy.com/listing/400271533,sherpa-blanket
Custom canvas print | Best Gift Idea,24.51,138,23,165,Shop330Studio,"custom,canvas,personalized gift,keepsake",https://www.etsy.com/listing/911572901,canvas-print
Personalized Custom Canvas Print Father's Day Gift Gift 2026,25.25,144,24,82,Shop688Studio,"gift for her,canvas,handmade,custom",https://www.etsy.com/listing/496319673,canvas-print
Personalized Custom Canvas Print For Teacher | Best Gift Idea,36.14,498,83,557,Shop726Studio,"canvas,keepsake,personalized gift,custom",https://www.etsy.com/listing/612411748,canvas-print
Personalized Custom canvas print For Sister | Best Gift Idea,36.86,138,23,62,Shop863Studio,"personalized gift,keepsake,handmade,canvas",https://www.etsy.com/listing/416298352,canvas-print
Unique Custom canvas print For Dog Mom,44.41,246,41,174,Shop335Studio,"gift for him,keepsake,custom,gift for her",https://www.etsy.com/listing/709759830,canvas-print
Personalized canvas print gift For Dog Mom Anniversary Gift Keepsake,43.02,102,17,111,Shop280Studio,"personalized gift,custom,handmade,wall art",https://www.etsy.com/listing/968620958,canvas-print
Handmade Custom Custom Canvas Print Keepsake,34.95,546,91,278,Shop314Studio,"personalized gift,gift for him,keepsake,gift for her",https://www.etsy.com/listing/318898716,canvas-print
Unique Personalized canvas print gift For Grandpa Father's Day Gift | Best Gift Idea,30.25,60,10,33,Shop822Studio,"handmade,custom,gift for her,keepsake",https://www.etsy.com/listing/950571446,canvas-print
Personalized canvas print gift For Sister | Best Gift Idea,37.16,252,42,164,Shop109Studio,"gift for him,personalized gift,gift for her,handmade",https://www.etsy.com/listing/737378894,canvas-print
Custom Canvas Print For Teacher Birthday Gift Keepsake,32.13,456,76,218,Shop461Studio,"gift for her,wall art,custom,handmade",https://www.etsy.com/listing/424579695,canvas-print
Personalized Custom Canvas Print Graduation Gift,13.99,42,7,27,Shop334Studio,"gift for him,handmade,gift for her,personalized gift",https://www.etsy.com/listing/639881060,canvas-print
Custom canvas print For Grandma Birthday Gift - Free Shipping,30.65,570,95,668,Shop293Studio,"keepsake,custom,handmade,canvas",https://www.etsy.com/listing/812859287,canvas-print
Personalized Custom Canvas Print For Couple Keepsake,30.76,642,107,295,Shop906Studio,"handmade,gift for him,personalized gift,canvas",https://www.etsy.com/listing/917166807,canvas-print
Unique Personalized Custom Canvas Print Birthday Gift Keepsake,21.95,228,38,199,Shop138Studio,"canvas,gift for him,keepsake,gift for her",https://www.etsy.com/listing/973464997,canvas-print
Unique Canvas Print For Best Friend Christmas Gift Gift 2026,41.64,528,88,333,Shop736Studio,"keepsake,wall art,handmade,gift for him",https://www.etsy.com/listing/581944684,canvas-print
Unique Custom Custom Canvas Print For Dog Mom Mother's Day Gift Gift 2026,26.86,1230,205,1588,Shop689Studio,"gift for her,handmade,wall art,personalized gift",https://www.etsy.com/listing/950648965,canvas-print
Custom Custom Custom Canvas Print Wedding Gift | Best Gift Idea,34.26,696,116,484,Shop948Studio,"gift for her,keepsake,gift for him,canvas",https://www.etsy.com/listing/928537235,canvas-print
Handmade Personalized canvas print gift Valentine's Day Gift Gift 2026,32.95,90,15,65,Shop935Studio,"gift for him,handmade,keepsake,gift for her",https://www.etsy.com/listing/274394324,canvas-print
Personalized Custom Canvas Print For Mom,38.98,144,24,58,Shop815Studio,"handmade,gift for her,canvas,wall art",https://www.etsy.com/listing/796061032,canvas-print
Personalized Custom Canvas Print Father's Day Gift Gift 2026,36.3,816,136,759,Shop426Studio,"handmade,gift for him,wall art,canvas",https://www.etsy.com/listing/358267542,canvas-print
Unique Custom Custom Canvas Print,30.95,102,17,103,Shop897Studio,"handmade,keepsake,wall art,personalized gift",https://www.etsy.com/listing/736237715,canvas-print
Custom Canvas Print,42.41,204,34,172,Shop618Studio,"custom,canvas,gift for him,gift for her",https://www.etsy.com/listing/287562617,canvas-print
Personalized Custom Canvas Print For Teacher Gift 2026,50.05,90,15,111,Shop908Studio,"personalized gift,custom,gift for her,wall art",https://www.etsy.com/listing/934244915,canvas-print
Unique Custom Custom Canvas Print Housewarming Gift Keepsake,30.96,84,14,100,Shop266Studio,"handmade,keepsake,gift for her,personalized gift",https://www.etsy.com/listing/207426354,canvas-print
Personalized Custom Custom Canvas Print For Grandma Graduation Gift Keepsake,37.74,78,13,47,Shop459Studio,"canvas,handmade,gift for her,gift for him",https://www.etsy.com/listing/833808456,canvas-print
Unique Custom Custom Canvas Print | Best Gift Idea,44.75,384,64,128,Shop747Studio,"wall art,keepsake,custom,personalized gift",https://www.etsy.com/listing/397919930,canvas-print
Custom Canvas Print For Teacher,49.49,168,28,137,Shop746Studio,"wall art,gift for him,keepsake,personalized gift",https://www.etsy.com/listing/632032468,canvas-print
Personalized Custom canvas print Anniversary Gift,33.67,24,4,19,Shop945Studio,"wall art,gift for him,gift for her,canvas",https://www.etsy.com/listing/635427593,canvas-print
Unique Personalized canvas print gift Anniversary Gift Gift 2026,32.28,54,9,55,Shop742Studio,"gift for her,personalized gift,keepsake,handmade",https://www.etsy.com/listing/732750010,canvas-print
Unique Custom canvas print - Free Shipping,34.66,84,14,82,Shop373Studio,"wall art,canvas,gift for her,keepsake",https://www.etsy.com/listing/945426983,canvas-print
Personalized Custom Art Poster For Boss - Free Shipping,20.37,462,77,247,Shop243Studio,"handmade,gift for him,wall art,keepsake",https://www.etsy.com/listing/585681446,paper-poster
Personalized Custom Art Poster,18.53,816,136,479,Shop613Studio,"keepsake,gift for him,handmade,gift for her",https://www.etsy.com/listing/459185049,paper-poster
Unique Custom Art Poster For Dog Mom - Free Shipping,16.18,348,58,411,Shop141Studio,"keepsake,custom,paper,handmade",https://www.etsy.com/listing/753295689,paper-poster
Handmade Paper Poster For Mom Wedding Gift,18.36,108,18,100,Shop915Studio,"handmade,wall art,personalized gift,gift for him",https://www.etsy.com/listing/858965505,paper-poster
Paper Poster For Boss Gift 2026,23.62,1668,278,660,Shop700Studio,"gift for her,wall art,gift for him,custom",https://www.etsy.com/listing/830770589,paper-poster
Personalized paper poster gift Mother's Day Gift Keepsake,18.48,720,120,742,Shop240Studio,"gift for him,custom,paper,keepsake",https://www.etsy.com/listing/587340956,paper-poster
Custom Personalized Custom Art Poster Keepsake,16.29,2598,433,2217,Shop614Studio,"personalized gift,gift for her,handmade,custom",https://www.etsy.com/listing/259457753,paper-poster
Personalized paper poster gift Wedding Gift - Free Shipping,18.77,1308,218,504,Shop239Studio,"personalized gift,gift for him,paper,wall art",https://www.etsy.com/listing/850026384,paper-poster
Handmade Custom Art Poster For Teacher Memorial Gift | Best Gift Idea,22.6,246,41,102,Shop782Studio,"custom,personalized gift,gift for her,handmade",https://www.etsy.com/listing/968087409,paper-poster
Unique Paper Poster For Dog Mom Memorial Gift Keepsake,25.7,708,118,750,Shop538Studio,"gift for her,keepsake,wall art,personalized gift",https://www.etsy.com/listing/772780351,paper-poster
Unique Custom paper poster For Teacher - Free Shipping,17.76,492,82,216,Shop670Studio,"gift for him,personalized gift,paper,custom",https://www.etsy.com/listing/761069089,paper-poster
Unique Personalized Custom Art Poster Gift 2026,13.33,648,108,484,Shop875Studio,"paper,wall art,handmade,custom",https://www.etsy.com/listing/232894511,paper-poster
Unique Custom Custom Art Poster For Mom Gift 2026,21.69,1122,187,789,Shop207Studio,"handmade,keepsake,paper,gift for him",https://www.etsy.com/listing/127981983,paper-poster
Personalized Custom Art Poster For Teacher | Best Gift Idea,13.13,216,36,164,Shop972Studio,"handmade,gift for him,custom,paper",https://www.etsy.com/listing/537737286,paper-poster
Handmade Personalized paper poster gift,15.52,1284,214,674,Shop180Studio,"gift for him,handmade,custom,paper",https://www.etsy.com/listing/356006571,paper-poster
Custom paper poster For Sister - Free Shipping,21.81,990,165,995,Shop759Studio,"custom,keepsake,personalized gift,gift for her",https://www.etsy.com/listing/664295355,paper-poster
Custom paper poster For Grandpa,15.35,504,84,268,Shop570Studio,"custom,personalized gift,paper,gift for him",https://www.etsy.com/listing/905987079,paper-poster
Custom Art Poster For Couple Keepsake,20.54,204,34,268,Shop878Studio,"gift for her,gift for him,paper,wall art",https://www.etsy.com/listing/399176557,paper-poster
Personalized Custom Custom Art Poster For Teacher,13.54,918,153,1073,Shop671Studio,"custom,personalized gift,gift for him,keepsake",https://www.etsy.com/listing/609718040,paper-poster
Personalized Custom Art Poster For Teacher Mother's Day Gift,14.15,2886,481,2595,Shop975Studio,"keepsake,paper,custom,gift for her",https://www.etsy.com/listing/731261016,paper-poster
Custom Custom Art Poster Gift 2026,14.28,180,30,150,Shop780Studio,"custom,wall art,handmade,gift for her",https://www.etsy.com/listing/842779341,paper-poster
Personalized Custom Art Poster Gift 2026,18.0,1860,310,1804,Shop712Studio,"custom,paper,personalized gift,wall art",https://www.etsy.com/listing/948829876,paper-poster
Unique Personalized paper poster gift For Grandpa Christmas Gift,14.75,336,56,227,Shop857Studio,"handmade,custom,wall art,keepsake",https://www.etsy.com/listing/620977320,paper-poster
Paper Poster For Grandpa - Free Shipping,17.41,636,106,479,Shop680Studio,"personalized gift,gift for her,handmade,wall art",https://www.etsy.com/listing/787722759,paper-poster
Custom paper poster For Best Friend - Free Shipping,16.52,678,113,687,Shop366Studio,"gift for him,paper,wall art,handmade",https://www.etsy.com/listing/970949966,paper-poster
Custom Art Poster For Boss Wedding Gift Keepsake,18.56,492,82,435,Shop130Studio,"gift for her,handmade,personalized gift,keepsake",https://www.etsy.com/listing/301885916,paper-poster
Custom Paper Poster For Teacher Gift 2026,13.75,1974,329,2240,Shop569Studio,"personalized gift,gift for him,paper,gift for her",https://www.etsy.com/listing/308567677,paper-poster
Handmade Paper Poster For Grandpa,20.56,444,74,515,Shop807Studio,"personalized gift,keepsake,gift for him,handmade",https://www.etsy.com/listing/792767297,paper-poster
Custom Art Poster Memorial Gift | Best Gift Idea,17.31,900,150,844,Shop937Studio,"gift for him,wall art,paper,custom",https://www.etsy.com/listing/600995716,paper-poster
Custom Custom Art Poster For Sister Memorial Gift Keepsake,20.04,342,57,308,Shop638Studio,"wall art,custom,handmade,keepsake",https://www.etsy.com/listing/359238512,paper-poster
Custom Personalized Custom Art Poster | Best Gift Idea,15.09,1362,227,675,Shop454Studio,"paper,gift for her,handmade,custom",https://www.etsy.com/listing/429114882,paper-poster
Unique Custom paper poster For Dad,15.97,1086,181,1175,Shop755Studio,"custom,handmade,gift for her,wall art",https://www.etsy.com/listing/976109386,paper-poster
Personalized paper poster gift For Couple Father's Day Gift Keepsake,17.7,1866,311,962,Shop614Studio,"wall art,paper,personalized gift,handmade",https://www.etsy.com/listing/574578967,paper-poster
Unique Paper Poster Gift 2026,12.23,1386,231,1362,Shop329Studio,"gift for him,custom,gift for her,wall art",https://www.etsy.com/listing/709906359,paper-poster
Handmade Personalized paper poster gift For Boss Housewarming Gift - Free Shipping,25.5,2994,499,2242,Shop319Studio,"personalized gift,gift for her,gift for him,handmade",https://www.etsy.com/listing/724878039,paper-poster
Handmade Personalized Custom Art Poster Keepsake,14.48,768,128,658,Shop821Studio,"gift for her,custom,personalized gift,paper",https://www.etsy.com/listing/509472701,paper-poster
Paper Poster Wedding Gift | Best Gift Idea,17.65,96,16,74,Shop862Studio,"handmade,keepsake,gift for him,personalized gift",https://www.etsy.com/listing/139171223,paper-poster
Unique Custom Custom Art Poster For Mom,17.19,300,50,228,Shop155Studio,"gift for him,custom,keepsake,personalized gift",https://www.etsy.com/listing/423408282,paper-poster
Personalized Personalized paper poster gift For Dog Mom Christmas Gift Gift 2026,20.27,672,112,327,Shop267Studio,"keepsake,handmade,gift for her,custom",https://www.etsy.com/listing/960097384,paper-poster
Handmade Paper Poster Birthday Gift Keepsake,16.91,1068,178,565,Shop753Studio,"keepsake,gift for her,custom,personalized gift",https://www.etsy.com/listing/372104825,paper-poster
Unique Paper Poster For Sister Keepsake,18.17,954,159,925,Shop515Studio,"handmade,paper,custom,gift for him",https://www.etsy.com/listing/109963219,paper-poster
Paper Poster For Grandpa,21.52,216,36,153,Shop151Studio,"paper,custom,wall art,gift for her",https://www.etsy.com/listing/680377210,paper-poster
Personalized Custom Art Poster - Free Shipping,25.24,174,29,90,Shop207Studio,"paper,custom,personalized gift,gift for her",https://www.etsy.com/listing/345299385,paper-poster
Custom Custom Art Poster Keepsake,16.08,840,140,858,Shop168Studio,"custom,keepsake,handmade,wall art",https://www.etsy.com/listing/414638120,paper-poster
Unique Paper Poster For Dad,16.16,852,142,945,Shop702Studio,"custom,handmade,wall art,paper",https://www.etsy.com/listing/377646549,paper-poster
Personalized Personalized paper poster gift For Mom Gift 2026,22.1,702,117,589,Shop330Studio,"wall art,paper,personalized gift,keepsake",https://www.etsy.com/listing/813360943,paper-poster
Personalized Paper Poster For Best Friend Wedding Gift,17.12,408,68,221,Shop201Studio,"handmade,keepsake,personalized gift,custom",https://www.etsy.com/listing/608405963,paper-poster
Custom Custom Art Poster For Grandpa - Free Shipping,12.71,456,76,153,Shop217Studio,"paper,wall art,custom,personalized gift",https://www.etsy.com/listing/578208794,paper-poster
Personalized paper poster gift Keepsake,18.35,594,99,747,Shop754Studio,"keepsake,gift for him,personalized gift,gift for her",https://www.etsy.com/listing/426914360,paper-poster
Custom Art Poster Memorial Gift - Free Shipping,20.0,498,83,433,Shop777Studio,"keepsake,wall art,paper,gift for him",https://www.etsy.com/listing/755068277,paper-poster
Handmade Paper Poster,21.08,780,130,928,Shop102Studio,"handmade,custom,gift for her,keepsake",https://www.etsy.com/listing/823022565,paper-poster
Custom paper poster For Sister Father's Day Gift,16.9,738,123,388,Shop920Studio,"keepsake,handmade,personalized gift,paper",https://www.etsy.com/listing/458690610,paper-poster
Personalized Custom paper poster,13.65,714,119,929,Shop607Studio,"gift for her,keepsake,custom,personalized gift",https://www.etsy.com/listing/261655841,paper-poster
Personalized Paper Poster,19.51,108,18,139,Shop313Studio,"wall art,custom,gift for him,paper",https://www.etsy.com/listing/654448548,paper-poster
Custom Custom Art Poster For Sister Gift 2026,20.16,1788,298,1926,Shop619Studio,"personalized gift,gift for her,custom,gift for him",https://www.etsy.com/listing/396965822,paper-poster
Custom Art Poster For Best Friend Memorial Gift,18.54,960,160,847,Shop806Studio,"paper,gift for him,keepsake,personalized gift",https://www.etsy.com/listing/997101858,paper-poster
Personalized Custom paper poster Keepsake,14.58,432,72,517,Shop593Studio,"wall art,gift for him,custom,handmade",https://www.etsy.com/listing/179830777,paper-poster
Handmade Custom Custom Art Poster | Best Gift Idea,21.74,600,100,774,Shop552Studio,"handmade,keepsake,gift for her,paper",https://www.etsy.com/listing/593743133,paper-poster
Custom Custom Art Poster For Teacher Birthday Gift | Best Gift Idea,15.3,2280,380,2343,Shop116Studio,"handmade,personalized gift,keepsake,paper",https://www.etsy.com/listing/396254612,paper-poster
Custom paper poster | Best Gift Idea,11.39,348,58,252,Shop272Studio,"paper,gift for him,wall art,keepsake",https://www.etsy.com/listing/643782421,paper-poster
Personalized Custom Art Poster Housewarming Gift,18.5,198,33,234,Shop285Studio,"handmade,personalized gift,custom,paper",https://www.etsy.com/listing/181298514,paper-poster
Personalized Personalized paper poster gift For Best Friend | Best Gift Idea,17.13,54,9,19,Shop829Studio,"paper,wall art,gift for him,keepsake",https://www.etsy.com/listing/408758168,paper-poster
Custom Custom Art Poster Gift 2026,7.74,492,82,187,Shop338Studio,"gift for him,gift for her,handmade,personalized gift",https://www.etsy.com/listing/735749091,paper-poster
Handmade Custom paper poster For Grandma Wedding Gift | Best Gift Idea,20.13,420,70,213,Shop314Studio,"handmade,wall art,personalized gift,paper",https://www.etsy.com/listing/410029932,paper-poster
Unique Custom Custom Art Poster For Boss - Free Shipping,13.0,168,28,117,Shop340Studio,"gift for him,personalized gift,gift for her,wall art",https://www.etsy.com/listing/337549251,paper-poster
Custom Custom paper poster For Grandma Keepsake,22.24,354,59,120,Shop166Studio,"custom,handmade,wall art,gift for her",https://www.etsy.com/listing/751104775,paper-poster
Handmade Personalized paper poster gift For Dad Keepsake,21.44,438,73,500,Shop352Studio,"keepsake,gift for him,personalized gift,wall art",https://www.etsy.com/listing/940248066,paper-poster
Personalized Metal Sign For Boss Birthday Gift Gift 2026,32.2,504,84,291,Shop537Studio,"keepsake,custom,wall art,gift for him",https://www.etsy.com/listing/770961470,metal-sign
Custom Custom Metal Sign For Dad Keepsake,20.15,942,157,1015,Shop662Studio,"gift for him,custom,metal,keepsake",https://www.etsy.com/listing/198275272,metal-sign
Custom Metal Sign Keepsake,26.19,648,108,849,Shop992Studio,"wall art,personalized gift,metal,gift for her",https://www.etsy.com/listing/144144268,metal-sign
Handmade Personalized metal sign gift Gift 2026,26.23,450,75,506,Shop802Studio,"gift for him,keepsake,custom,handmade",https://www.etsy.com/listing/374610756,metal-sign
Personalized Custom Custom Metal Sign | Best Gift Idea,34.13,600,100,217,Shop963Studio,"keepsake,personalized gift,wall art,custom",https://www.etsy.com/listing/954863793,metal-sign
Personalized Custom Custom Metal Sign Graduation Gift,33.37,252,42,292,Shop408Studio,"wall art,gift for her,personalized gift,metal",https://www.etsy.com/listing/452755409,metal-sign
Personalized Metal Sign Memorial Gift Gift 2026,28.05,126,21,132,Shop294Studio,"gift for him,gift for her,personalized gift,custom",https://www.etsy.com/listing/325288575,metal-sign
Handmade Custom Metal Sign Gift 2026,32.57,1332,222,1584,Shop261Studio,"metal,keepsake,personalized gift,handmade",https://www.etsy.com/listing/305930761,metal-sign
Personalized Personalized metal sign gift For Best Friend,26.54,1092,182,805,Shop191Studio,"custom,gift for him,keepsake,metal",https://www.etsy.com/listing/175921388,metal-sign
Custom Metal Sign For Grandma Memorial Gift Keepsake,26.54,570,95,639,Shop881Studio,"handmade,wall art,metal,keepsake",https://www.etsy.com/listing/804429544,metal-sign
Custom Custom Custom Metal Sign Housewarming Gift Keepsake,27.32,1110,185,651,Shop677Studio,"custom,wall art,gift for him,gift for her",https://www.etsy.com/listing/898225728,metal-sign
Personalized Custom metal sign Mother's Day Gift Gift 2026,29.29,492,82,497,Shop973Studio,"gift for her,personalized gift,handmade,custom",https://www.etsy.com/listing/887524759,metal-sign
Metal Sign For Dog Mom Christmas Gift | Best Gift Idea,18.17,600,100,452,Shop822Studio,"gift for him,gift for her,personalized gift,metal",https://www.etsy.com/listing/861610738,metal-sign
Custom Custom Metal Sign For Sister,33.82,276,46,284,Shop618Studio,"custom,keepsake,handmade,metal",https://www.etsy.com/listing/713665166,metal-sign
Custom metal sign For Dog Mom,33.58,1116,186,683,Shop683Studio,"gift for him,metal,personalized gift,keepsake",https://www.etsy.com/listing/131653265,metal-sign
Personalized Personalized Custom Metal Sign Gift 2026,30.67,504,84,210,Shop188Studio,"metal,custom,gift for her,keepsake",https://www.etsy.com/listing/119861172,metal-sign
Personalized Custom Metal Sign For Dad - Free Shipping,35.54,1170,195,949,Shop476Studio,"handmade,custom,keepsake,gift for him",https://www.etsy.com/listing/979725012,metal-sign
Personalized Custom Metal Sign | Best Gift Idea,19.99,1044,174,1046,Shop410Studio,"personalized gift,gift for him,keepsake,metal",https://www.etsy.com/listing/672524905,metal-sign
Personalized Metal Sign For Teacher,30.06,126,21,130,Shop648Studio,"personalized gift,gift for her,custom,keepsake",https://www.etsy.com/listing/322050145,metal-sign
Unique Metal Sign Gift 2026,28.14,174,29,227,Shop461Studio,"custom,metal,handmade,gift for him",https://www.etsy.com/listing/282951300,metal-sign
Custom Personalized Custom Metal Sign Father's Day Gift - Free Shipping,37.21,918,153,761,Shop742Studio,"wall art,gift for him,keepsake,gift for her",https://www.etsy.com/listing/600018457,metal-sign
Personalized metal sign gift | Best Gift Idea,25.38,342,57,355,Shop259Studio,"handmade,custom,wall art,gift for him",https://www.etsy.com/listing/588419953,metal-sign
Custom Custom metal sign For Dad - Free Shipping,34.89,420,70,420,Shop185Studio,"metal,keepsake,gift for her,personalized gift",https://www.etsy.com/listing/795538958,metal-sign
Personalized Metal Sign Valentine's Day Gift,37.78,366,61,208,Shop346Studio,"gift for her,gift for him,wall art,handmade",https://www.etsy.com/listing/303266335,metal-sign
Handmade Metal Sign For Grandma Christmas Gift Keepsake,33.44,216,36,235,Shop428Studio,"custom,wall art,keepsake,gift for him",https://www.etsy.com/listing/209770747,metal-sign
Custom Metal Sign For Couple,32.6,192,32,140,Shop559Studio,"personalized gift,wall art,handmade,gift for him",https://www.etsy.com/listing/173906117,metal-sign
Custom Metal Sign For Dog Mom,38.47,84,14,81,Shop623Studio,"custom,wall art,handmade,keepsake",https://www.etsy.com/listing/509748910,metal-sign
Handmade Metal Sign Mother's Day Gift,29.98,576,96,657,Shop631Studio,"wall art,personalized gift,custom,handmade",https://www.etsy.com/listing/424528792,metal-sign
Personalized Custom Metal Sign For Sister Keepsake,29.08,372,62,155,Shop936Studio,"handmade,custom,metal,personalized gift",https://www.etsy.com/listing/197380596,metal-sign
Personalized Personalized Custom Metal Sign | Best Gift Idea,33.81,252,42,173,Shop513Studio,"wall art,handmade,gift for her,keepsake",https://www.etsy.com/listing/987445320,metal-sign
Unique Personalized metal sign gift For Best Friend | Best Gift Idea,26.7,486,81,501,Shop491Studio,"custom,wall art,personalized gift,handmade",https://www.etsy.com/listing/666254951,metal-sign
Custom Metal Sign For Grandpa Christmas Gift,26.04,348,58,350,Shop674Studio,"wall art,custom,handmade,metal",https://www.etsy.com/listing/687901874,metal-sign
Custom Personalized metal sign gift For Dog Mom Housewarming Gift,27.38,162,27,121,Shop668Studio,"metal,gift for him,gift for her,wall art",https://www.etsy.com/listing/230390108,metal-sign
Handmade Custom Metal Sign For Dog Mom,34.56,96,16,111,Shop989Studio,"gift for him,metal,gift for her,personalized gift",https://www.etsy.com/listing/902442984,metal-sign
Unique Custom metal sign Mother's Day Gift,41.89,360,60,294,Shop921Studio,"wall art,gift for him,personalized gift,keepsake",https://www.etsy.com/listing/586849258,metal-sign
Custom Personalized Custom Metal Sign For Mom Graduation Gift Gift 2026,29.6,594,99,511,Shop264Studio,"gift for him,personalized gift,handmade,wall art",https://www.etsy.com/listing/725432824,metal-sign
Custom Personalized metal sign gift For Mom,24.92,414,69,437,Shop129Studio,"metal,gift for her,gift for him,custom",https://www.etsy.com/listing/773402965,metal-sign
Custom metal sign For Couple Father's Day Gift Keepsake,26.48,612,102,796,Shop719Studio,"gift for her,handmade,wall art,personalized gift",https://www.etsy.com/listing/999604964,metal-sign
Handmade Metal Sign Housewarming Gift Gift 2026,28.64,312,52,135,Shop750Studio,"custom,gift for her,gift for him,keepsake",https://www.etsy.com/listing/550595584,metal-sign
Personalized Custom Metal Sign For Grandpa Keepsake,24.13,288,48,218,Shop512Studio,"keepsake,metal,handmade,gift for her",https://www.etsy.com/listing/783563449,metal-sign
Metal Sign Housewarming Gift Gift 2026,33.18,1368,228,1647,Shop591Studio,"wall art,keepsake,gift for him,gift for her",https://www.etsy.com/listing/165920510,metal-sign
Custom Custom Custom Metal Sign,27.46,768,128,696,Shop342Studio,"keepsake,metal,handmade,gift for him",https://www.etsy.com/listing/915002886,metal-sign
Personalized Custom Metal Sign Housewarming Gift,25.49,114,19,121,Shop236Studio,"custom,keepsake,gift for her,metal",https://www.etsy.com/listing/321249605,metal-sign
Custom Custom Metal Sign For Grandma Graduation Gift,28.41,846,141,541,Shop388Studio,"metal,personalized gift,gift for him,gift for her",https://www.etsy.com/listing/488514179,metal-sign
Custom Metal Sign For Sister - Free Shipping,19.03,414,69,247,Shop817Studio,"metal,gift for her,keepsake,custom",https://www.etsy.com/listing/757147151,metal-sign
Unique Personalized metal sign gift For Grandpa - Free Shipping,40.95,138,23,80,Shop417Studio,"gift for him,keepsake,custom,gift for her",https://www.etsy.com/listing/819687656,metal-sign
Personalized Personalized metal sign gift For Grandma | Best Gift Idea,13.02,276,46,274,Shop121Studio,"handmade,keepsake,custom,wall art",https://www.etsy.com/listing/679047177,metal-sign
Handmade Custom metal sign Keepsake,29.53,990,165,1277,Shop903Studio,"personalized gift,gift for him,gift for her,handmade",https://www.etsy.com/listing/643578351,metal-sign
Personalized Metal Sign Keepsake,29.3,1794,299,665,Shop168Studio,"keepsake,metal,gift for her,personalized gift",https://www.etsy.com/listing/577904888,metal-sign
Unique Wood Sign,18.15,72,12,33,Shop711Studio,"handmade,keepsake,personalized gift,wood",https://www.etsy.com/listing/505425387,wood-sign
Wood Sign Birthday Gift,43.82,30,5,15,Shop272Studio,"handmade,gift for him,keepsake,personalized gift",https://www.etsy.com/listing/403030582,wood-sign
Custom Wood Sign For Teacher Gift 2026,27.98,60,10,36,Shop718Studio,"wood,personalized gift,handmade,keepsake",https://www.etsy.com/listing/779482596,wood-sign
Custom Personalized wood sign gift Housewarming Gift | Best Gift Idea,33.78,198,33,139,Shop401Studio,"keepsake,personalized gift,wood,handmade",https://www.etsy.com/listing/378412604,wood-sign
Custom wood sign For Dad - Free Shipping,34.62,348,58,128,Shop730Studio,"keepsake,handmade,wall art,personalized gift",https://www.etsy.com/listing/351829300,wood-sign
Custom Personalized Personalized Wood Sign,29.52,102,17,129,Shop914Studio,"gift for her,wood,gift for him,handmade",https://www.etsy.com/listing/576693469,wood-sign
Handmade Custom wood sign For Grandma Christmas Gift Keepsake,27.57,24,4,30,Shop259Studio,"wood,wall art,gift for him,keepsake",https://www.etsy.com/listing/776204840,wood-sign
Handmade Personalized wood sign gift For Dog Mom Keepsake,19.77,168,28,143,Shop384Studio,"personalized gift,wood,wall art,gift for him",https://www.etsy.com/listing/424497074,wood-sign
Wood Sign For Dad,31.37,186,31,62,Shop485Studio,"custom,personalized gift,wood,gift for him",https://www.etsy.com/listing/502789463,wood-sign
Custom Personalized Personalized Wood Sign For Grandpa - Free Shipping,20.03,108,18,123,Shop973Studio,"wood,personalized gift,gift for her,wall art",https://www.etsy.com/listing/456746632,wood-sign
Unique Personalized Personalized Wood Sign For Mom,31.13,132,22,149,Shop575Studio,"wall art,wood,gift for her,gift for him",https://www.etsy.com/listing/108211218,wood-sign
Custom Custom wood sign Memorial Gift | Best Gift Idea,26.23,168,28,191,Shop218Studio,"gift for her,handmade,personalized gift,keepsake",https://www.etsy.com/listing/692969915,wood-sign
Personalized Custom Neon LED Sign Gift 2026,21.74,90,15,104,Shop425Studio,"handmade,custom,lighting,keepsake",https://www.etsy.com/listing/788954728,neon-sign
Custom Neon LED Sign For Grandpa,19.77,420,70,282,Shop528Studio,"acrylic,personalized gift,handmade,gift for him",https://www.etsy.com/listing/811519340,neon-sign
Custom Custom Neon LED Sign Christmas Gift | Best Gift Idea,22.56,330,55,145,Shop809Studio,"gift for her,gift for him,keepsake,custom",https://www.etsy.com/listing/234438872,neon-sign
Personalized Custom Neon LED Sign For Teacher Keepsake,18.44,558,93,235,Shop270Studio,"personalized gift,handmade,gift for her,custom",https://www.etsy.com/listing/885734007,neon-sign
Custom Personalized Custom Neon LED Sign For Mom Christmas Gift Gift 2026,26.5,684,114,394,Shop179Studio,"handmade,lighting,personalized gift,acrylic",https://www.etsy.com/listing/374332969,neon-sign
Personalized Personalized Custom Neon LED Sign For Dad Valentine's Day Gift - Free Shipping,20.94,306,51,301,Shop713Studio,"gift for her,custom,gift for him,lighting",https://www.etsy.com/listing/731495891,neon-sign
Custom Custom Neon LED Sign Valentine's Day Gift,21.43,168,28,126,Shop878Studio,"lighting,gift for him,acrylic,custom",https://www.etsy.com/listing/724167975,neon-sign
Acrylic Sign For Grandpa Gift 2026,25.19,438,73,455,Shop770Studio,"keepsake,custom,personalized gift,gift for him",https://www.etsy.com/listing/492934143,neon-sign
Custom Neon LED Sign - Free Shipping,21.2,918,153,1023,Shop713Studio,"gift for him,acrylic,custom,lighting",https://www.etsy.com/listing/738654211,neon-sign
Unique Custom Custom Neon LED Sign For Mom Memorial Gift - Free Shipping,25.39,72,12,27,Shop856Studio,"acrylic,gift for her,lighting,gift for him",https://www.etsy.com/listing/202893996,neon-sign
Handmade Personalized acrylic sign gift For Boss,23.84,264,44,187,Shop375Studio,"gift for him,keepsake,gift for her,custom",https://www.etsy.com/listing/159839276,neon-sign
Custom Neon LED Sign For Couple - Free Shipping,24.42,570,95,317,Shop745Studio,"lighting,keepsake,custom,gift for him",https://www.etsy.com/listing/495489557,neon-sign
Personalized Custom Neon LED Sign,31.42,522,87,524,Shop309Studio,"custom,gift for her,gift for him,handmade",https://www.etsy.com/listing/397405816,neon-sign
Personalized Custom Neon LED Sign Keepsake,26.42,330,55,358,Shop591Studio,"keepsake,personalized gift,gift for him,gift for her",https://www.etsy.com/listing/519604886,neon-sign
Unique Custom acrylic sign - Free Shipping,18.05,486,81,428,Shop419Studio,"lighting,gift for her,personalized gift,keepsake",https://www.etsy.com/listing/290448014,neon-sign
Custom acrylic sign For Grandma | Best Gift Idea,29.61,30,5,35,Shop614Studio,"gift for her,lighting,acrylic,personalized gift",https://www.etsy.com/listing/475649696,neon-sign
Handmade Personalized acrylic sign gift Housewarming Gift | Best Gift Idea,21.69,1158,193,659,Shop449Studio,"personalized gift,acrylic,keepsake,lighting",https://www.etsy.com/listing/151873657,neon-sign
Handmade Personalized acrylic sign gift For Teacher Graduation Gift Keepsake,19.52,5196,866,3343,Shop341Studio,"personalized gift,custom,gift for him,handmade",https://www.etsy.com/listing/989613305,neon-sign
Personalized acrylic sign gift - Free Shipping,32.14,576,96,669,Shop503Studio,"lighting,personalized gift,handmade,custom",https://www.etsy.com/listing/308205092,neon-sign
Custom Custom Custom Neon LED Sign For Dog Mom,18.47,240,40,243,Shop706Studio,"acrylic,personalized gift,gift for him,lighting",https://www.etsy.com/listing/491563129,neon-sign
Personalized Custom Neon LED Sign Housewarming Gift,16.96,684,114,724,Shop900Studio,"custom,personalized gift,keepsake,gift for her",https://www.etsy.com/listing/607904642,neon-sign
Personalized Custom Neon LED Sign Graduation Gift Keepsake,19.38,366,61,354,Shop834Studio,"keepsake,custom,gift for her,lighting",https://www.etsy.com/listing/714885522,neon-sign
Unique Personalized acrylic sign gift Gift 2026,27.6,846,141,617,Shop681Studio,"custom,gift for him,keepsake,gift for her",https://www.etsy.com/listing/237548426,neon-sign
Custom Acrylic Sign Mother's Day Gift,17.76,210,35,205,Shop530Studio,"gift for her,custom,keepsake,lighting",https://www.etsy.com/listing/713244659,neon-sign
Acrylic Sign,21.09,48,8,50,Shop971Studio,"lighting,acrylic,handmade,custom",https://www.etsy.com/listing/975761106,neon-sign
Personalized Acrylic Sign For Best Friend - Free Shipping,21.65,108,18,103,Shop482Studio,"keepsake,lighting,custom,handmade",https://www.etsy.com/listing/297426669,neon-sign
Personalized Custom Neon LED Sign Keepsake,21.76,192,32,253,Shop372Studio,"handmade,gift for him,keepsake,custom",https://www.etsy.com/listing/926463856,neon-sign
Custom Neon LED Sign For Grandpa Gift 2026,16.6,288,48,203,Shop904Studio,"gift for him,handmade,personalized gift,gift for her",https://www.etsy.com/listing/456449682,neon-sign
Custom Custom acrylic sign,22.03,1980,330,2367,Shop114Studio,"acrylic,keepsake,lighting,personalized gift",https://www.etsy.com/listing/329678176,neon-sign
Custom acrylic sign Gift 2026,25.58,360,60,294,Shop850Studio,"gift for him,personalized gift,keepsake,lighting",https://www.etsy.com/listing/976733427,neon-sign
Personalized Custom Neon LED Sign Gift 2026,21.77,300,50,120,Shop335Studio,"keepsake,gift for him,lighting,handmade",https://www.etsy.com/listing/505030560,neon-sign
Custom acrylic light Christmas Gift Gift 2026,27.25,192,32,157,Shop100Studio,"handmade,custom,acrylic,gift for him",https://www.etsy.com/listing/513079243,acrylic-night-light
Custom Custom acrylic light Gift 2026,24.73,72,12,86,Shop730Studio,"personalized gift,keepsake,lighting,gift for him",https://www.etsy.com/listing/130873697,acrylic-night-light
Handmade 3D Acrylic Night Light Father's Day Gift - Free Shipping,21.92,264,44,311,Shop522Studio,"custom,gift for him,acrylic,gift for her",https://www.etsy.com/listing/702684378,acrylic-night-light
Custom acrylic light Gift 2026,19.77,168,28,195,Shop594Studio,"personalized gift,custom,gift for her,handmade",https://www.etsy.com/listing/653211898,acrylic-night-light
Custom acrylic light,27.08,174,29,106,Shop115Studio,"custom,lighting,keepsake,acrylic",https://www.etsy.com/listing/998670484,acrylic-night-light
Handmade 3D Acrylic Night Light,18.53,96,16,100,Shop906Studio,"custom,gift for her,personalized gift,gift for him",https://www.etsy.com/listing/425146960,acrylic-night-light
Personalized Personalized acrylic light gift Graduation Gift Keepsake,24.59,90,15,103,Shop859Studio,"keepsake,acrylic,custom,gift for him",https://www.etsy.com/listing/799424642,acrylic-night-light
Personalized Custom 3D Acrylic Night Light For Grandma Valentine's Day Gift Gift 2026,22.82,210,35,167,Shop596Studio,"custom,gift for him,gift for her,handmade",https://www.etsy.com/listing/970257712,acrylic-night-light
Personalized Custom acrylic light,16.8,144,24,109,Shop622Studio,"gift for him,lighting,acrylic,gift for her",https://www.etsy.com/listing/266075317,acrylic-night-light
Unique Custom 3D Acrylic Night Light For Teacher Memorial Gift Keepsake,26.93,42,7,34,Shop863Studio,"handmade,personalized gift,keepsake,gift for her",https://www.etsy.com/listing/990418469,acrylic-night-light
Wood Frame For Dog Mom Gift 2026,37.76,432,72,557,Shop987Studio,"gift for her,wood,keepsake,keepsakes",https://www.etsy.com/listing/279779999,wood-photo-frame
Custom Wood Frame Gift 2026,27.12,810,135,304,Shop224Studio,"handmade,gift for her,keepsakes,gift for him",https://www.etsy.com/listing/951072141,wood-photo-frame
Custom Engraved Photo Frame For Couple,18.1,534,89,608,Shop797Studio,"keepsakes,wood,handmade,gift for her",https://www.etsy.com/listing/149247933,wood-photo-frame
Handmade Custom wood frame,21.66,1356,226,1666,Shop478Studio,"handmade,gift for him,keepsake,keepsakes",https://www.etsy.com/listing/707317425,wood-photo-frame
Personalized Engraved Photo Frame For Best Friend Memorial Gift,26.2,1698,283,622,Shop287Studio,"wood,gift for him,keepsakes,handmade",https://www.etsy.com/listing/909444147,wood-photo-frame
Custom Engraved Photo Frame For Sister,37.15,132,22,88,Shop606Studio,"handmade,gift for her,keepsake,wood",https://www.etsy.com/listing/790603204,wood-photo-frame
Unique Custom wood frame Christmas Gift | Best Gift Idea,28.09,8478,1413,3338,Shop749Studio,"wood,keepsake,keepsakes,gift for him",https://www.etsy.com/listing/281056513,wood-photo-frame
Handmade Custom wood frame For Boss - Free Shipping,29.79,1764,294,1139,Shop120Studio,"personalized gift,keepsake,custom,handmade",https://www.etsy.com/listing/159593787,wood-photo-frame
Handmade Custom wood frame For Couple Gift 2026,38.8,822,137,814,Shop956Studio,"gift for him,custom,keepsake,wood",https://www.etsy.com/listing/640071471,wood-photo-frame
Handmade Wood Frame For Sister Keepsake,34.18,2664,444,1675,Shop686Studio,"keepsakes,custom,gift for her,personalized gift",https://www.etsy.com/listing/906380335,wood-photo-frame
Personalized Custom wood frame For Dog Mom Gift 2026,25.91,474,79,216,Shop979Studio,"gift for her,handmade,custom,gift for him",https://www.etsy.com/listing/192482122,wood-photo-frame
Wood Frame For Boss - Free Shipping,35.0,294,49,338,Shop942Studio,"handmade,keepsakes,gift for him,personalized gift",https://www.etsy.com/listing/721199610,wood-photo-frame
Custom Custom Engraved Photo Frame Gift 2026,22.63,282,47,232,Shop426Studio,"handmade,personalized gift,keepsakes,gift for her",https://www.etsy.com/listing/376620044,wood-photo-frame
Handmade Custom wood frame For Teacher | Best Gift Idea,29.92,1266,211,1119,Shop948Studio,"keepsake,keepsakes,gift for him,handmade",https://www.etsy.com/listing/487461750,wood-photo-frame
Handmade Personalized Engraved Photo Frame For Best Friend Keepsake,25.56,240,40,116,Shop619Studio,"wood,personalized gift,custom,gift for him",https://www.etsy.com/listing/206179318,wood-photo-frame
Unique Custom Engraved Photo Frame For Dad Keepsake,22.52,2562,427,1317,Shop472Studio,"gift for him,handmade,gift for her,wood",https://www.etsy.com/listing/588736232,wood-photo-frame
Unique Engraved Photo Frame Memorial Gift Keepsake,20.47,186,31,84,Shop485Studio,"keepsake,handmade,gift for her,custom",https://www.etsy.com/listing/652058689,wood-photo-frame
Custom Wood Frame Housewarming Gift Gift 2026,28.43,210,35,154,Shop976Studio,"handmade,keepsakes,wood,gift for him",https://www.etsy.com/listing/941151259,wood-photo-frame
Unique Custom wood frame Graduation Gift Gift 2026,31.6,696,116,575,Shop210Studio,"gift for her,personalized gift,custom,keepsakes",https://www.etsy.com/listing/869728312,wood-photo-frame
Wood Frame Keepsake,30.8,168,28,198,Shop529Studio,"keepsakes,wood,gift for her,personalized gift",https://www.etsy.com/listing/919497078,wood-photo-frame
Custom Wood Frame Gift 2026,28.4,108,18,50,Shop154Studio,"keepsake,keepsakes,custom,gift for him",https://www.etsy.com/listing/925952538,wood-photo-frame
Custom wood frame For Mom - Free Shipping,25.35,306,51,172,Shop173Studio,"keepsake,handmade,keepsakes,personalized gift",https://www.etsy.com/listing/908655179,wood-photo-frame
Personalized Personalized wood frame gift For Dog Mom - Free Shipping,22.1,3426,571,2262,Shop656Studio,"handmade,personalized gift,keepsake,gift for her",https://www.etsy.com/listing/305079021,wood-photo-frame
Handmade Custom wood frame Gift 2026,23.24,1320,220,1758,Shop273Studio,"gift for her,wood,handmade,custom",https://www.etsy.com/listing/630380529,wood-photo-frame
Custom Custom wood frame For Boss Graduation Gift - Free Shipping,30.37,1032,172,1037,Shop138Studio,"personalized gift,wood,custom,keepsake",https://www.etsy.com/listing/898943901,wood-photo-frame
Unique Custom wood frame Graduation Gift,33.83,1614,269,1121,Shop819Studio,"gift for her,personalized gift,wood,gift for him",https://www.etsy.com/listing/482559282,wood-photo-frame
Custom Personalized Engraved Photo Frame For Best Friend Mother's Day Gift,28.78,612,102,540,Shop498Studio,"gift for her,wood,gift for him,keepsakes",https://www.etsy.com/listing/383687821,wood-photo-frame
Personalized Engraved Photo Frame For Grandma,26.79,156,26,80,Shop311Studio,"gift for her,personalized gift,gift for him,keepsakes",https://www.etsy.com/listing/564729973,wood-photo-frame
Personalized Personalized wood frame gift For Best Friend Mother's Day Gift,26.5,222,37,105,Shop477Studio,"gift for him,wood,handmade,custom",https://www.etsy.com/listing/561337970,wood-photo-frame
Custom Custom wood frame For Grandma Memorial Gift Gift 2026,24.65,1362,227,1687,Shop290Studio,"personalized gift,gift for her,keepsakes,custom",https://www.etsy.com/listing/371982878,wood-photo-frame
Handmade Personalized Engraved Photo Frame Keepsake,27.08,540,90,572,Shop477Studio,"custom,gift for him,personalized gift,wood",https://www.etsy.com/listing/902676292,wood-photo-frame
Unique Personalized wood frame gift | Best Gift Idea,33.41,228,38,212,Shop274Studio,"custom,gift for him,keepsakes,wood",https://www.etsy.com/listing/570084182,wood-photo-frame
Engraved Photo Frame - Free Shipping,30.24,588,98,264,Shop800Studio,"personalized gift,keepsakes,custom,gift for her",https://www.etsy.com/listing/149588137,wood-photo-frame
Engraved Photo Frame For Grandma Housewarming Gift Gift 2026,26.69,3936,656,2014,Shop422Studio,"wood,personalized gift,handmade,keepsakes",https://www.etsy.com/listing/781233936,wood-photo-frame
Unique Custom wood frame,34.34,1464,244,716,Shop943Studio,"wood,keepsake,handmade,personalized gift",https://www.etsy.com/listing/791819336,wood-photo-frame
Personalized Wood Frame Memorial Gift - Free Shipping,32.77,2118,353,1327,Shop849Studio,"keepsakes,handmade,custom,gift for her",https://www.etsy.com/listing/994522790,wood-photo-frame
Wood Frame,28.3,1500,250,1609,Shop631Studio,"keepsake,wood,custom,handmade",https://www.etsy.com/listing/550491527,wood-photo-frame
Custom Custom Engraved Photo Frame Keepsake,27.99,2748,458,2368,Shop312Studio,"wood,keepsake,personalized gift,gift for him",https://www.etsy.com/listing/279986665,wood-photo-frame
Personalized Custom wood frame For Couple Father's Day Gift,31.77,408,68,494,Shop538Studio,"custom,handmade,personalized gift,wood",https://www.etsy.com/listing/222999674,wood-photo-frame
Custom Personalized wood frame gift Wedding Gift,30.34,672,112,868,Shop144Studio,"handmade,keepsakes,wood,personalized gift",https://www.etsy.com/listing/569463871,wood-photo-frame
Engraved Photo Frame For Best Friend Father's Day Gift | Best Gift Idea,23.11,516,86,617,Shop788Studio,"personalized gift,keepsakes,keepsake,handmade",https://www.etsy.com/listing/216485901,wood-photo-frame
Personalized Engraved Photo Frame For Sister Graduation Gift | Best Gift Idea,23.84,5352,892,5687,Shop727Studio,"personalized gift,gift for him,gift for her,keepsake",https://www.etsy.com/listing/988797960,wood-photo-frame
Unique Wood Frame,27.97,444,74,152,Shop619Studio,"custom,keepsake,keepsakes,wood",https://www.etsy.com/listing/258234243,wood-photo-frame
Personalized wood frame gift For Grandma Wedding Gift,30.41,132,22,88,Shop722Studio,"custom,handmade,gift for her,keepsake",https://www.etsy.com/listing/406654401,wood-photo-frame
Handmade Engraved Photo Frame For Best Friend Gift 2026,29.94,1326,221,989,Shop968Studio,"wood,keepsake,gift for her,personalized gift",https://www.etsy.com/listing/576845101,wood-photo-frame
Custom Custom Engraved Photo Frame For Teacher,25.63,996,166,1025,Shop262Studio,"wood,custom,gift for him,gift for her",https://www.etsy.com/listing/380651146,wood-photo-frame
Personalized wood frame gift For Grandpa Anniversary Gift,24.98,120,20,102,Shop531Studio,"handmade,keepsakes,keepsake,gift for her",https://www.etsy.com/listing/979290041,wood-photo-frame
Custom Custom Engraved Photo Frame For Sister Gift 2026,31.49,1062,177,1024,Shop930Studio,"personalized gift,handmade,gift for her,keepsakes",https://www.etsy.com/listing/215953505,wood-photo-frame
Unique Personalized Engraved Photo Frame For Sister,20.08,810,135,502,Shop393Studio,"custom,keepsakes,handmade,personalized gift",https://www.etsy.com/listing/393525571,wood-photo-frame
Handmade Custom Engraved Photo Frame For Mom Gift 2026,23.73,774,129,609,Shop251Studio,"custom,gift for her,gift for him,handmade",https://www.etsy.com/listing/711807081,wood-photo-frame
Unique Personalized wood frame gift Wedding Gift Keepsake,25.94,732,122,364,Shop368Studio,"wood,gift for her,handmade,gift for him",https://www.etsy.com/listing/611117427,wood-photo-frame
Custom Engraved Photo Frame For Teacher Mother's Day Gift,25.15,1332,222,1705,Shop314Studio,"custom,gift for him,handmade,keepsake",https://www.etsy.com/listing/441934931,wood-photo-frame
Unique Personalized wood frame gift For Couple Keepsake,34.53,222,37,259,Shop208Studio,"gift for her,wood,handmade,keepsakes",https://www.etsy.com/listing/218988403,wood-photo-frame
Personalized Engraved Photo Frame,19.69,1062,177,607,Shop562Studio,"handmade,keepsake,keepsakes,gift for her",https://www.etsy.com/listing/346437266,wood-photo-frame
Wood Frame For Best Friend Father's Day Gift - Free Shipping,31.09,462,77,404,Shop808Studio,"gift for her,keepsakes,gift for him,handmade",https://www.etsy.com/listing/179506737,wood-photo-frame
Handmade Wood Frame For Sister Father's Day Gift,24.67,486,81,368,Shop907Studio,"custom,gift for her,personalized gift,keepsake",https://www.etsy.com/listing/760911167,wood-photo-frame
Personalized Personalized wood frame gift For Grandma Gift 2026,20.0,666,111,247,Shop110Studio,"keepsakes,custom,keepsake,wood",https://www.etsy.com/listing/871427635,wood-photo-frame
Handmade Custom wood frame - Free Shipping,22.82,2496,416,1530,Shop661Studio,"gift for him,custom,wood,handmade",https://www.etsy.com/listing/309874156,wood-photo-frame
Personalized Custom Custom Acrylic Keychain,28.73,108,18,57,Shop640Studio,"accessories,gift for him,personalized gift,gift for her",https://www.etsy.com/listing/908982336,acrylic-keychain
Personalized Acrylic Keychain Housewarming Gift | Best Gift Idea,21.81,648,108,292,Shop802Studio,"personalized gift,gift for her,custom,acrylic",https://www.etsy.com/listing/516351485,acrylic-keychain
Custom Custom acrylic keychain Valentine's Day Gift,25.88,72,12,86,Shop833Studio,"accessories,handmade,personalized gift,gift for him",https://www.etsy.com/listing/144746824,acrylic-keychain
Custom Acrylic Keychain Birthday Gift - Free Shipping,28.22,126,21,129,Shop142Studio,"personalized gift,accessories,acrylic,gift for her",https://www.etsy.com/listing/439446183,acrylic-keychain
Unique Personalized Custom Acrylic Keychain For Mom Keepsake,16.55,84,14,58,Shop274Studio,"custom,personalized gift,gift for her,acrylic",https://www.etsy.com/listing/461969102,acrylic-keychain
Unique Personalized Custom Acrylic Keychain Anniversary Gift,22.54,294,49,350,Shop237Studio,"keepsake,acrylic,gift for him,gift for her",https://www.etsy.com/listing/701918006,acrylic-keychain
Handmade Custom acrylic keychain Father's Day Gift,24.21,564,94,455,Shop519Studio,"accessories,acrylic,gift for him,handmade",https://www.etsy.com/listing/631131033,acrylic-keychain
Handmade Custom Acrylic Keychain For Dog Mom Father's Day Gift,21.57,354,59,198,Shop555Studio,"personalized gift,handmade,acrylic,keepsake",https://www.etsy.com/listing/123536126,acrylic-keychain
Handmade Personalized acrylic keychain gift,22.83,144,24,49,Shop116Studio,"gift for him,personalized gift,custom,acrylic",https://www.etsy.com/listing/507109043,acrylic-keychain
Unique Custom acrylic keychain Graduation Gift,26.76,612,102,412,Shop701Studio,"custom,personalized gift,keepsake,acrylic",https://www.etsy.com/listing/468460651,acrylic-keychain
Handmade Custom acrylic keychain,22.43,1254,209,666,Shop705Studio,"custom,keepsake,gift for him,handmade",https://www.etsy.com/listing/998195083,acrylic-keychain
Personalized Custom Acrylic Keychain,18.74,444,74,497,Shop313Studio,"keepsake,acrylic,handmade,accessories",https://www.etsy.com/listing/725987216,acrylic-keychain
Custom acrylic keychain For Dog Mom Mother's Day Gift | Best Gift Idea,19.32,234,39,213,Shop180Studio,"acrylic,personalized gift,handmade,custom",https://www.etsy.com/listing/904157401,acrylic-keychain
Personalized acrylic keychain gift For Dog Mom,23.98,222,37,174,Shop870Studio,"keepsake,personalized gift,handmade,gift for him",https://www.etsy.com/listing/258422228,acrylic-keychain
Custom Custom Acrylic Keychain For Dad Father's Day Gift Gift 2026,29.71,48,8,26,Shop902Studio,"keepsake,personalized gift,custom,gift for her",https://www.etsy.com/listing/956670985,acrylic-keychain
Unique Personalized acrylic keychain gift Gift 2026,24.31,588,98,657,Shop429Studio,"accessories,keepsake,gift for her,handmade",https://www.etsy.com/listing/648045705,acrylic-keychain
Handmade Acrylic Keychain For Dog Mom Birthday Gift Keepsake,19.27,126,21,120,Shop812Studio,"personalized gift,gift for him,keepsake,custom",https://www.etsy.com/listing/954433745,acrylic-keychain
Custom acrylic keychain For Couple Valentine's Day Gift,26.81,252,42,122,Shop815Studio,"keepsake,custom,accessories,handmade",https://www.etsy.com/listing/247395453,acrylic-keychain
Personalized Custom Custom Acrylic Keychain For Sister - Free Shipping,26.69,708,118,559,Shop369Studio,"custom,gift for him,accessories,keepsake",https://www.etsy.com/listing/905967619,acrylic-keychain
Custom acrylic keychain - Free Shipping,25.71,654,109,393,Shop415Studio,"gift for her,keepsake,gift for him,handmade",https://www.etsy.com/listing/853498109,acrylic-keychain
Custom Personalized acrylic keychain gift - Free Shipping,22.12,354,59,185,Shop992Studio,"accessories,custom,gift for her,personalized gift",https://www.etsy.com/listing/171134492,acrylic-keychain
Personalized Personalized acrylic keychain gift Memorial Gift - Free Shipping,22.79,276,46,339,Shop671Studio,"gift for him,gift for her,custom,personalized gift",https://www.etsy.com/listing/585962769,acrylic-keychain
Personalized Acrylic Keychain For Best Friend Father's Day Gift - Free Shipping,26.73,174,29,149,Shop667Studio,"keepsake,personalized gift,gift for him,handmade",https://www.etsy.com/listing/174548883,acrylic-keychain
Unique Custom Custom Acrylic Keychain | Best Gift Idea,22.65,240,40,129,Shop779Studio,"accessories,personalized gift,keepsake,acrylic",https://www.etsy.com/listing/321340492,acrylic-keychain
Custom Custom Acrylic Keychain For Boss Memorial Gift Keepsake,24.52,1254,209,702,Shop565Studio,"acrylic,gift for him,personalized gift,custom",https://www.etsy.com/listing/316274709,acrylic-keychain
Personalized Custom Acrylic Keychain For Couple,19.38,180,30,141,Shop141Studio,"gift for her,accessories,acrylic,personalized gift",https://www.etsy.com/listing/667362703,acrylic-keychain
Unique Personalized acrylic keychain gift Graduation Gift | Best Gift Idea,22.31,1872,312,2130,Shop870Studio,"custom,personalized gift,keepsake,acrylic",https://www.etsy.com/listing/655466432,acrylic-keychain
Custom Personalized acrylic keychain gift For Sister,22.16,90,15,51,Shop458Studio,"gift for her,handmade,gift for him,acrylic",https://www.etsy.com/listing/325074212,acrylic-keychain
Unique Custom metal keychain For Sister Birthday Gift,28.79,432,72,229,Shop281Studio,"metal,custom,personalized gift,handmade",https://www.etsy.com/listing/502516301,metal-keychain
Custom Metal Keychain For Couple,21.47,60,10,21,Shop743Studio,"custom,metal,keepsake,accessories",https://www.etsy.com/listing/163365628,metal-keychain
Custom Engraved Metal Keychain For Sister Valentine's Day Gift,42.63,264,44,164,Shop650Studio,"custom,keepsake,accessories,handmade",https://www.etsy.com/listing/801432799,metal-keychain
Custom Personalized Engraved Metal Keychain For Dad | Best Gift Idea,43.96,270,45,195,Shop936Studio,"gift for him,custom,accessories,metal",https://www.etsy.com/listing/204293802,metal-keychain
Custom Custom Engraved Metal Keychain For Teacher Christmas Gift - Free Shipping,31.46,180,30,106,Shop323Studio,"custom,personalized gift,keepsake,gift for her",https://www.etsy.com/listing/776276064,metal-keychain
Custom Custom Engraved Metal Keychain,44.53,210,35,139,Shop669Studio,"keepsake,gift for him,accessories,metal",https://www.etsy.com/listing/707216719,metal-keychain
Unique Personalized metal keychain gift For Grandma,19.49,102,17,104,Shop449Studio,"accessories,personalized gift,custom,keepsake",https://www.etsy.com/listing/643315993,metal-keychain
Custom Engraved Metal Keychain For Mom - Free Shipping,30.02,1002,167,1261,Shop887Studio,"custom,metal,gift for her,accessories",https://www.etsy.com/listing/912503579,metal-keychain
Handmade Custom Engraved Metal Keychain For Boss Keepsake,47.17,162,27,137,Shop852Studio,"personalized gift,accessories,gift for her,keepsake",https://www.etsy.com/listing/576455989,metal-keychain
Personalized Custom metal keychain For Teacher Housewarming Gift,31.39,288,48,111,Shop475Studio,"gift for him,handmade,keepsake,gift for her",https://www.etsy.com/listing/721836868,metal-keychain
Handmade Custom metal keychain For Best Friend - Free Shipping,22.41,984,164,827,Shop281Studio,"personalized gift,accessories,metal,custom",https://www.etsy.com/listing/882401442,metal-keychain
Custom Engraved Metal Keychain For Grandma,27.49,510,85,508,Shop493Studio,"keepsake,gift for him,gift for her,personalized gift",https://www.etsy.com/listing/960786649,metal-keychain
Metal Keychain Father's Day Gift | Best Gift Idea,25.45,294,49,197,Shop434Studio,"gift for her,metal,gift for him,custom",https://www.etsy.com/listing/247293524,metal-keychain
Personalized Metal Keychain Memorial Gift - Free Shipping,32.19,222,37,174,Shop281Studio,"gift for him,gift for her,custom,keepsake",https://www.etsy.com/listing/438849228,metal-keychain
Personalized metal keychain gift | Best Gift Idea,46.94,180,30,146,Shop415Studio,"handmade,gift for her,gift for him,personalized gift",https://www.etsy.com/listing/579829582,metal-keychain
Personalized Engraved Metal Keychain - Free Shipping,17.8,768,128,560,Shop472Studio,"keepsake,accessories,gift for her,handmade",https://www.etsy.com/listing/301320809,metal-keychain
Custom Custom metal keychain For Mom | Best Gift Idea,30.9,606,101,258,Shop888Studio,"gift for her,personalized gift,metal,gift for him",https://www.etsy.com/listing/875814689,metal-keychain
Custom Personalized metal keychain gift,27.24,210,35,102,Shop688Studio,"gift for her,gift for him,accessories,handmade",https://www.etsy.com/listing/257032039,metal-keychain
Handmade Custom Engraved Metal Keychain For Dog Mom - Free Shipping,25.89,1722,287,2286,Shop943Studio,"personalized gift,metal,gift for her,accessories",https://www.etsy.com/listing/659542830,metal-keychain
Unique Metal Keychain Gift 2026,26.05,174,29,214,Shop291Studio,"gift for him,handmade,custom,accessories",https://www.etsy.com/listing/263753073,metal-keychain
Personalized Engraved Metal Keychain For Teacher Keepsake,26.67,264,44,199,Shop130Studio,"handmade,custom,gift for him,personalized gift",https://www.etsy.com/listing/429292370,metal-keychain
Personalized Engraved Metal Keychain | Best Gift Idea,31.01,72,12,78,Shop266Studio,"accessories,keepsake,metal,personalized gift",https://www.etsy.com/listing/590295940,metal-keychain
Unique Custom Engraved Metal Keychain,27.1,372,62,271,Shop729Studio,"gift for him,gift for her,handmade,keepsake",https://www.etsy.com/listing/958672227,metal-keychain
Custom Metal Keychain | Best Gift Idea,28.35,402,67,387,Shop940Studio,"handmade,custom,keepsake,gift for her",https://www.etsy.com/listing/616351576,metal-keychain
Unique Personalized Engraved Metal Keychain For Mom,30.65,120,20,118,Shop109Studio,"handmade,accessories,gift for him,personalized gift",https://www.etsy.com/listing/334126999,metal-keychain
Unique Engraved Metal Keychain For Grandma Keepsake,16.39,234,39,82,Shop822Studio,"keepsake,gift for him,personalized gift,handmade",https://www.etsy.com/listing/514805192,metal-keychain
Handmade Custom Engraved Metal Keychain For Mom Wedding Gift Gift 2026,34.62,90,15,70,Shop488Studio,"accessories,gift for her,personalized gift,gift for him",https://www.etsy.com/listing/741187962,metal-keychain
Unique Metal Keychain For Sister,35.33,228,38,156,Shop815Studio,"gift for her,metal,handmade,keepsake",https://www.etsy.com/listing/800753990,metal-keychain
Custom Engraved Metal Keychain For Mom Father's Day Gift,33.56,66,11,24,Shop759Studio,"keepsake,personalized gift,gift for him,custom",https://www.etsy.com/listing/611739240,metal-keychain
Unique Custom metal keychain For Best Friend Keepsake,34.83,114,19,104,Shop908Studio,"custom,handmade,accessories,gift for him",https://www.etsy.com/listing/859587204,metal-keychain
Personalized Personalized Engraved Metal Keychain For Grandpa Keepsake,37.73,192,32,151,Shop838Studio,"handmade,personalized gift,accessories,keepsake",https://www.etsy.com/listing/473358730,metal-keychain
Custom Personalized Leather Keychain For Best Friend | Best Gift Idea,37.4,186,31,207,Shop820Studio,"accessories,gift for him,keepsake,gift for her",https://www.etsy.com/listing/871677757,leather-keychain
Custom Custom Personalized Leather Keychain For Dog Mom Keepsake,22.51,504,84,270,Shop919Studio,"handmade,gift for her,keepsake,gift for him",https://www.etsy.com/listing/382420503,leather-keychain
Unique Personalized Personalized Leather Keychain Valentine's Day Gift,28.9,300,50,338,Shop199Studio,"personalized gift,custom,handmade,gift for her",https://www.etsy.com/listing/646764560,leather-keychain
Handmade Custom leather keychain Gift 2026,18.97,330,55,281,Shop801Studio,"gift for her,accessories,handmade,keepsake",https://www.etsy.com/listing/755839670,leather-keychain
Unique Custom leather keychain For Mom,28.46,192,32,164,Shop113Studio,"gift for her,personalized gift,custom,keepsake",https://www.etsy.com/listing/644465916,leather-keychain
Personalized Personalized Personalized Leather Keychain Anniversary Gift Gift 2026,24.21,264,44,123,Shop391Studio,"personalized gift,custom,leather,gift for her",https://www.etsy.com/listing/340939292,leather-keychain
Personalized Personalized Leather Keychain For Grandma Gift 2026,18.69,324,54,213,Shop688Studio,"leather,handmade,gift for her,personalized gift",https://www.etsy.com/listing/299950775,leather-keychain
Custom Personalized Leather Keychain For Dog Mom Gift 2026,26.87,90,15,84,Shop346Studio,"handmade,leather,gift for her,accessories",https://www.etsy.com/listing/690078302,leather-keychain
Custom leather keychain Keepsake,24.58,84,14,38,Shop384Studio,"personalized gift,gift for her,gift for him,leather",https://www.etsy.com/listing/231258493,leather-keychain
Custom Custom leather keychain For Boss | Best Gift Idea,26.58,288,48,328,Shop305Studio,"custom,personalized gift,gift for him,handmade",https://www.etsy.com/listing/158546564,leather-keychain
Personalized Leather Keychain Gift 2026,20.12,156,26,88,Shop483Studio,"personalized gift,accessories,leather,gift for him",https://www.etsy.com/listing/533150572,leather-keychain
Unique Personalized Personalized Leather Keychain Graduation Gift Gift 2026,20.49,192,32,140,Shop332Studio,"gift for him,accessories,handmade,personalized gift",https://www.etsy.com/listing/122634550,leather-keychain
Unique Custom leather keychain For Boss,22.47,282,47,277,Shop387Studio,"handmade,leather,custom,gift for her",https://www.etsy.com/listing/802575410,leather-keychain
Unique Personalized leather keychain gift For Grandma Valentine's Day Gift Gift 2026,27.17,192,32,103,Shop742Studio,"keepsake,gift for him,custom,handmade",https://www.etsy.com/listing/865792728,leather-keychain
Personalized Personalized leather keychain gift For Grandma - Free Shipping,21.34,162,27,77,Shop548Studio,"leather,accessories,gift for him,gift for her",https://www.etsy.com/listing/464875907,leather-keychain
Handmade Custom Personalized Leather Keychain Gift 2026,26.11,498,83,219,Shop746Studio,"personalized gift,gift for her,custom,accessories",https://www.etsy.com/listing/595120753,leather-keychain
Personalized Leather Keychain Father's Day Gift - Free Shipping,30.06,60,10,20,Shop348Studio,"gift for her,gift for him,custom,personalized gift",https://www.etsy.com/listing/675592909,leather-keychain
Custom Leather Keychain Birthday Gift - Free Shipping,22.93,210,35,126,Shop738Studio,"handmade,gift for him,custom,accessories",https://www.etsy.com/listing/102366333,leather-keychain
Personalized leather keychain gift,25.69,282,47,356,Shop144Studio,"handmade,custom,leather,keepsake",https://www.etsy.com/listing/672187715,leather-keychain
Handmade Custom Memorial Garden Stone For Dad,33.32,10134,1689,11982,Shop386Studio,"stone,garden & outdoor,personalized gift,handmade",https://www.etsy.com/listing/507652285,garden-stone
Handmade Custom stone stone Christmas Gift,31.8,1032,172,1159,Shop467Studio,"garden & outdoor,handmade,stone,keepsake",https://www.etsy.com/listing/608712929,garden-stone
Handmade Personalized stone stone gift,30.16,360,60,127,Shop380Studio,"personalized gift,handmade,keepsake,garden & outdoor",https://www.etsy.com/listing/706499037,garden-stone
Memorial Garden Stone Keepsake,39.47,642,107,571,Shop209Studio,"handmade,custom,garden & outdoor,gift for her",https://www.etsy.com/listing/497226830,garden-stone
Unique Memorial Garden Stone For Dog Mom Graduation Gift | Best Gift Idea,42.56,624,104,503,Shop709Studio,"keepsake,custom,handmade,stone",https://www.etsy.com/listing/416687211,garden-stone
Personalized Personalized Memorial Garden Stone For Couple,43.68,456,76,386,Shop500Studio,"custom,personalized gift,gift for him,handmade",https://www.etsy.com/listing/336171045,garden-stone
Unique Custom Memorial Garden Stone For Dad Mother's Day Gift Gift 2026,42.35,2040,340,1219,Shop580Studio,"personalized gift,garden & outdoor,handmade,gift for him",https://www.etsy.com/listing/234701155,garden-stone
Custom Personalized stone stone gift Keepsake,54.98,936,156,364,Shop539Studio,"gift for her,custom,stone,personalized gift",https://www.etsy.com/listing/845991101,garden-stone
Unique Stone Stone For Sister,45.79,720,120,296,Shop332Studio,"gift for her,handmade,custom,gift for him",https://www.etsy.com/listing/221205879,garden-stone
Handmade Personalized stone stone gift Christmas Gift Gift 2026,36.49,2346,391,1228,Shop526Studio,"gift for her,stone,personalized gift,custom",https://www.etsy.com/listing/419201445,garden-stone
Unique Custom Memorial Garden Stone Christmas Gift Gift 2026,23.67,900,150,682,Shop854Studio,"gift for her,garden & outdoor,personalized gift,gift for him",https://www.etsy.com/listing/651140003,garden-stone
Handmade Custom Memorial Garden Stone - Free Shipping,57.69,1404,234,716,Shop881Studio,"keepsake,custom,handmade,gift for him",https://www.etsy.com/listing/242059649,garden-stone
Handmade Personalized stone stone gift Anniversary Gift | Best Gift Idea,23.74,780,130,628,Shop197Studio,"personalized gift,keepsake,garden & outdoor,gift for him",https://www.etsy.com/listing/415979618,garden-stone
Custom stone stone For Dog Mom,26.7,936,156,402,Shop680Studio,"handmade,keepsake,gift for her,personalized gift",https://www.etsy.com/listing/888724545,garden-stone
Personalized Custom stone stone Keepsake,48.65,3846,641,1563,Shop155Studio,"garden & outdoor,gift for him,handmade,stone",https://www.etsy.com/listing/643134526,garden-stone
Personalized Personalized Memorial Garden Stone For Mom Keepsake,30.93,900,150,1147,Shop460Studio,"keepsake,garden & outdoor,custom,handmade",https://www.etsy.com/listing/102060583,garden-stone
Handmade Memorial Garden Stone Mother's Day Gift | Best Gift Idea,40.52,756,126,669,Shop948Studio,"gift for him,stone,garden & outdoor,handmade",https://www.etsy.com/listing/803529190,garden-stone
Handmade Personalized stone stone gift - Free Shipping,38.02,708,118,580,Shop484Studio,"custom,gift for her,personalized gift,stone",https://www.etsy.com/listing/876191906,garden-stone
Handmade Personalized Memorial Garden Stone For Best Friend Gift 2026,39.21,1128,188,980,Shop226Studio,"custom,garden & outdoor,stone,gift for her",https://www.etsy.com/listing/980466464,garden-stone
Handmade Memorial Garden Stone For Grandma,49.23,18468,3078,12456,Shop426Studio,"keepsake,garden & outdoor,gift for her,handmade",https://www.etsy.com/listing/187806156,garden-stone
Personalized stone stone gift For Teacher,43.69,912,152,794,Shop907Studio,"gift for her,handmade,custom,garden & outdoor",https://www.etsy.com/listing/848314720,garden-stone
Handmade Personalized stone stone gift For Boss Keepsake,27.51,2526,421,2494,Shop673Studio,"stone,personalized gift,gift for her,handmade",https://www.etsy.com/listing/204695151,garden-stone
Unique Stone Stone For Dad Father's Day Gift | Best Gift Idea,37.6,648,108,334,Shop842Studio,"gift for her,handmade,custom,gift for him",https://www.etsy.com/listing/967525190,garden-stone
Memorial Garden Stone Mother's Day Gift Gift 2026,39.23,1032,172,1023,Shop355Studio,"gift for him,gift for her,custom,personalized gift",https://www.etsy.com/listing/531081969,garden-stone
Handmade Personalized stone stone gift For Grandpa Wedding Gift Gift 2026,33.13,810,135,779,Shop762Studio,"handmade,stone,personalized gift,custom",https://www.etsy.com/listing/809291762,garden-stone
Personalized stone stone gift,26.6,1158,193,965,Shop941Studio,"keepsake,garden & outdoor,gift for him,handmade",https://www.etsy.com/listing/243831303,garden-stone
Personalized stone stone gift For Grandma,49.77,918,153,376,Shop342Studio,"personalized gift,gift for her,gift for him,custom",https://www.etsy.com/listing/264809014,garden-stone
Personalized Memorial Garden Stone For Sister | Best Gift Idea,38.87,6786,1131,5039,Shop977Studio,"stone,gift for her,handmade,keepsake",https://www.etsy.com/listing/401118155,garden-stone
Unique Custom Memorial Garden Stone - Free Shipping,43.79,810,135,554,Shop770Studio,"custom,keepsake,personalized gift,garden & outdoor",https://www.etsy.com/listing/897476500,garden-stone
Custom Personalized stone stone gift | Best Gift Idea,33.56,2268,378,2241,Shop306Studio,"garden & outdoor,stone,keepsake,gift for her",https://www.etsy.com/listing/881738282,garden-stone
Stone Stone,33.57,3138,523,3094,Shop386Studio,"handmade,garden & outdoor,gift for him,custom",https://www.etsy.com/listing/349668247,garden-stone
Personalized Personalized Memorial Garden Stone For Grandma Valentine's Day Gift Keepsake,42.35,1050,175,1316,Shop246Studio,"garden & outdoor,gift for her,stone,handmade",https://www.etsy.com/listing/324027923,garden-stone
Custom Custom stone stone For Grandpa Valentine's Day Gift Gift 2026,26.72,1626,271,1674,Shop255Studio,"keepsake,stone,garden & outdoor,gift for her",https://www.etsy.com/listing/873956088,garden-stone
Custom Personalized Memorial Garden Stone For Dad Keepsake,32.93,2256,376,2515,Shop669Studio,"custom,garden & outdoor,handmade,gift for her",https://www.etsy.com/listing/299362928,garden-stone
Custom Personalized Memorial Garden Stone Gift 2026,29.05,1104,184,372,Shop978Studio,"personalized gift,garden & outdoor,keepsake,gift for him",https://www.etsy.com/listing/687729543,garden-stone
Unique Personalized Memorial Garden Stone Keepsake,39.52,1044,174,1031,Shop998Studio,"keepsake,gift for him,garden & outdoor,stone",https://www.etsy.com/listing/491473775,garden-stone
Custom Memorial Garden Stone Gift 2026,49.51,1626,271,1990,Shop689Studio,"garden & outdoor,custom,gift for her,stone",https://www.etsy.com/listing/641197423,garden-stone
Custom Memorial Garden Stone,44.66,1356,226,689,Shop107Studio,"garden & outdoor,personalized gift,handmade,gift for her",https://www.etsy.com/listing/136849925,garden-stone
Memorial Garden Stone For Grandpa Gift 2026,28.51,1854,309,2301,Shop473Studio,"gift for him,garden & outdoor,keepsake,stone",https://www.etsy.com/listing/893213179,garden-stone
Personalized Custom Memorial Garden Stone For Best Friend - Free Shipping,30.52,420,70,188,Shop441Studio,"keepsake,stone,garden & outdoor,handmade",https://www.etsy.com/listing/241401099,garden-stone
Unique Personalized stone stone gift,31.78,252,42,308,Shop652Studio,"gift for her,handmade,gift for him,custom",https://www.etsy.com/listing/600719370,garden-stone
Custom Memorial Garden Stone For Best Friend Anniversary Gift | Best Gift Idea,43.89,1092,182,1423,Shop252Studio,"keepsake,personalized gift,gift for him,garden & outdoor",https://www.etsy.com/listing/706489140,garden-stone
Custom Stone Stone For Sister Birthday Gift Gift 2026,36.43,2238,373,1206,Shop708Studio,"keepsake,gift for her,garden & outdoor,gift for him",https://www.etsy.com/listing/333638803,garden-stone
Personalized Custom Memorial Garden Stone For Couple,47.73,702,117,828,Shop972Studio,"keepsake,gift for him,personalized gift,handmade",https://www.etsy.com/listing/575321885,garden-stone
Handmade Custom stone stone For Grandma,52.48,1524,254,830,Shop224Studio,"keepsake,custom,garden & outdoor,stone",https://www.etsy.com/listing/708918100,garden-stone
Custom Memorial Garden Stone For Teacher,45.95,7422,1237,8440,Shop380Studio,"gift for him,garden & outdoor,handmade,stone",https://www.etsy.com/listing/925322014,garden-stone
Personalized Memorial Garden Stone For Sister Father's Day Gift | Best Gift Idea,42.16,1242,207,1644,Shop243Studio,"custom,garden & outdoor,personalized gift,gift for him",https://www.etsy.com/listing/229466109,garden-stone
Custom Memorial Garden Stone,47.82,1992,332,2019,Shop629Studio,"gift for him,gift for her,custom,stone",https://www.etsy.com/listing/371035937,garden-stone
Handmade Personalized Memorial Garden Stone Mother's Day Gift,35.23,1380,230,1768,Shop458Studio,"handmade,garden & outdoor,gift for her,stone",https://www.etsy.com/listing/472176471,garden-stone
Custom Stone Stone For Mom Birthday Gift Gift 2026,41.78,1356,226,1243,Shop611Studio,"garden & outdoor,handmade,personalized gift,stone",https://www.etsy.com/listing/607212487,garden-stone
Custom stone stone Housewarming Gift,33.34,9276,1546,5369,Shop707Studio,"gift for her,handmade,gift for him,custom",https://www.etsy.com/listing/328195177,garden-stone
Custom Memorial Garden Stone For Teacher | Best Gift Idea,32.64,3726,621,1849,Shop779Studio,"gift for her,keepsake,garden & outdoor,handmade",https://www.etsy.com/listing/885310539,garden-stone
Personalized Memorial Garden Stone For Grandma | Best Gift Idea,40.2,3006,501,3477,Shop969Studio,"gift for him,gift for her,personalized gift,garden & outdoor",https://www.etsy.com/listing/569394846,garden-stone
Personalized Custom Memorial Garden Stone,32.61,738,123,417,Shop123Studio,"handmade,gift for her,garden & outdoor,stone",https://www.etsy.com/listing/482011029,garden-stone
Personalized Memorial Garden Stone For Sister Wedding Gift Gift 2026,32.73,1158,193,1370,Shop367Studio,"garden & outdoor,handmade,stone,custom",https://www.etsy.com/listing/648896800,garden-stone
Unique Personalized stone stone gift Valentine's Day Gift,47.49,3066,511,1346,Shop211Studio,"gift for her,custom,gift for him,stone",https://www.etsy.com/listing/431112609,garden-stone
Unique Personalized Memorial Garden Stone Keepsake,34.87,3144,524,1874,Shop896Studio,"keepsake,gift for her,stone,handmade",https://www.etsy.com/listing/339612731,garden-stone
Custom stone stone Keepsake,36.51,378,63,184,Shop366Studio,"garden & outdoor,handmade,stone,gift for her",https://www.etsy.com/listing/934583971,garden-stone
Personalized stone stone gift | Best Gift Idea,35.37,342,57,137,Shop866Studio,"garden & outdoor,handmade,custom,gift for her",https://www.etsy.com/listing/423024228,garden-stone
Custom Memorial Garden Stone For Grandma,32.83,432,72,438,Shop397Studio,"keepsake,garden & outdoor,custom,handmade",https://www.etsy.com/listing/986604214,garden-stone
Unique Personalized stone stone gift For Grandma Wedding Gift Keepsake,36.45,1398,233,1816,Shop692Studio,"garden & outdoor,personalized gift,gift for him,keepsake",https://www.etsy.com/listing/815112549,garden-stone
Custom Memorial Garden Stone Graduation Gift | Best Gift Idea,46.93,11904,1984,13776,Shop815Studio,"custom,personalized gift,gift for him,gift for her",https://www.etsy.com/listing/147525384,garden-stone
Personalized Personalized stone stone gift For Grandma,43.26,1116,186,813,Shop639Studio,"keepsake,handmade,garden & outdoor,gift for him",https://www.etsy.com/listing/363580025,garden-stone
Unique Custom stone stone For Sister Anniversary Gift Keepsake,33.35,1044,174,985,Shop650Studio,"gift for him,personalized gift,keepsake,handmade",https://www.etsy.com/listing/367505333,garden-stone
Unique Stone Stone For Couple | Best Gift Idea,44.37,984,164,1255,Shop510Studio,"keepsake,custom,gift for her,stone",https://www.etsy.com/listing/106049995,garden-stone
Personalized Memorial Garden Stone Christmas Gift,35.47,372,62,179,Shop152Studio,"garden & outdoor,stone,handmade,gift for him",https://www.etsy.com/listing/187995914,garden-stone
Personalized Personalized stone stone gift Christmas Gift,46.1,1290,215,669,Shop630Studio,"handmade,gift for her,garden & outdoor,custom",https://www.etsy.com/listing/943593131,garden-stone
Stone Stone | Best Gift Idea,40.91,996,166,908,Shop571Studio,"gift for her,stone,personalized gift,keepsake",https://www.etsy.com/listing/399624726,garden-stone
Custom Personalized stone stone gift For Mom Keepsake,27.06,258,43,224,Shop994Studio,"stone,keepsake,garden & outdoor,gift for her",https://www.etsy.com/listing/125123990,garden-stone
Handmade Custom Memorial Garden Stone For Boss,38.72,474,79,307,Shop904Studio,"gift for her,garden & outdoor,custom,stone",https://www.etsy.com/listing/980257276,garden-stone
Personalized Memorial Garden Stone For Dad Birthday Gift,46.09,2478,413,1583,Shop620Studio,"keepsake,custom,handmade,stone",https://www.etsy.com/listing/433049971,garden-stone
Custom Memorial Garden Stone Anniversary Gift Gift 2026,31.71,2820,470,2028,Shop281Studio,"handmade,garden & outdoor,custom,stone",https://www.etsy.com/listing/327395858,garden-stone
Custom Personalized Memorial Garden Stone For Dog Mom Birthday Gift,25.47,246,41,246,Shop712Studio,"keepsake,custom,stone,handmade",https://www.etsy.com/listing/479210481,garden-stone
Personalized Custom Memorial Garden Stone,23.92,960,160,1227,Shop826Studio,"stone,gift for her,custom,keepsake",https://www.etsy.com/listing/666879857,garden-stone
Handmade Personalized stone stone gift,44.65,3708,618,3374,Shop872Studio,"gift for her,custom,handmade,keepsake",https://www.etsy.com/listing/579163915,garden-stone
Personalized Memorial Garden Stone Keepsake,41.1,2718,453,2145,Shop289Studio,"garden & outdoor,custom,personalized gift,gift for him",https://www.etsy.com/listing/437187066,garden-stone
Stone Stone For Dog Mom Graduation Gift - Free Shipping,39.57,2760,460,2592,Shop834Studio,"handmade,keepsake,personalized gift,gift for her",https://www.etsy.com/listing/617656389,garden-stone
Personalized stone stone gift Mother's Day Gift,38.69,2034,339,2385,Shop986Studio,"gift for her,handmade,personalized gift,gift for him",https://www.etsy.com/listing/234384985,garden-stone
Custom Personalized Memorial Garden Stone For Dog Mom Housewarming Gift,38.97,324,54,123,Shop673Studio,"gift for her,custom,garden & outdoor,personalized gift",https://www.etsy.com/listing/385055247,garden-stone
Handmade Custom stone stone For Grandpa | Best Gift Idea,42.45,1014,169,650,Shop163Studio,"handmade,personalized gift,keepsake,custom",https://www.etsy.com/listing/936342105,garden-stone
Personalized Custom stone stone Gift 2026,42.14,1182,197,704,Shop108Studio,"garden & outdoor,gift for her,keepsake,stone",https://www.etsy.com/listing/131306754,garden-stone
Personalized stone stone gift Christmas Gift | Best Gift Idea,36.95,1404,234,792,Shop692Studio,"stone,gift for her,keepsake,custom",https://www.etsy.com/listing/400711125,garden-stone
Unique Custom stone stone For Sister,20.95,390,65,410,Shop557Studio,"gift for him,keepsake,stone,custom",https://www.etsy.com/listing/785268051,garden-stone
Personalized stone stone gift Housewarming Gift - Free Shipping,37.39,144,24,100,Shop570Studio,"gift for him,stone,custom,garden & outdoor",https://www.etsy.com/listing/359938957,garden-stone
Stone Stone For Sister,34.77,642,107,294,Shop501Studio,"keepsake,custom,garden & outdoor,personalized gift",https://www.etsy.com/listing/919084551,garden-stone
Personalized Personalized Memorial Garden Stone For Best Friend Keepsake,34.89,1674,279,845,Shop963Studio,"gift for him,handmade,garden & outdoor,stone",https://www.etsy.com/listing/858860101,garden-stone
Personalized Personalized Memorial Garden Stone For Best Friend,36.2,204,34,209,Shop612Studio,"stone,gift for her,handmade,custom",https://www.etsy.com/listing/898033086,garden-stone
Personalized Stone Stone For Mom Memorial Gift - Free Shipping,34.09,1410,235,940,Shop409Studio,"stone,gift for him,gift for her,custom",https://www.etsy.com/listing/148575908,garden-stone
Unique Memorial Garden Stone For Teacher - Free Shipping,29.59,4152,692,1441,Shop255Studio,"gift for her,stone,personalized gift,handmade",https://www.etsy.com/listing/779436119,garden-stone
Memorial Garden Stone For Teacher | Best Gift Idea,32.03,1248,208,1658,Shop779Studio,"custom,stone,gift for her,handmade",https://www.etsy.com/listing/392124571,garden-stone
Handmade Personalized Memorial Garden Stone Keepsake,45.41,1986,331,2176,Shop597Studio,"custom,keepsake,personalized gift,gift for him",https://www.etsy.com/listing/723362541,garden-stone
Unique Personalized stone stone gift Birthday Gift Gift 2026,29.63,846,141,951,Shop810Studio,"gift for him,gift for her,stone,handmade",https://www.etsy.com/listing/293218285,garden-stone
Personalized stone stone gift Gift 2026,37.75,2604,434,1459,Shop302Studio,"gift for him,personalized gift,handmade,garden & outdoor",https://www.etsy.com/listing/635202763,garden-stone
Custom Personalized Memorial Garden Stone For Sister | Best Gift Idea,45.97,2202,367,1233,Shop961Studio,"gift for her,gift for him,keepsake,garden & outdoor",https://www.etsy.com/listing/332013614,garden-stone
Unique Custom Memorial Garden Stone Mother's Day Gift - Free Shipping,40.63,306,51,285,Shop948Studio,"handmade,stone,keepsake,garden & outdoor",https://www.etsy.com/listing/979451512,garden-stone
Personalized Custom stone stone For Grandma Keepsake,28.4,858,143,286,Shop120Studio,"handmade,personalized gift,keepsake,gift for him",https://www.etsy.com/listing/646553019,garden-stone
Handmade Personalized Memorial Garden Stone For Best Friend,42.08,4206,701,2419,Shop619Studio,"garden & outdoor,keepsake,gift for him,stone",https://www.etsy.com/listing/981000567,garden-stone
Unique Personalized stone stone gift,25.14,2358,393,2663,Shop502Studio,"gift for him,custom,personalized gift,keepsake",https://www.etsy.com/listing/430357171,garden-stone
Handmade Personalized Memorial Garden Stone Father's Day Gift Gift 2026,34.59,1146,191,806,Shop350Studio,"gift for her,gift for him,personalized gift,keepsake",https://www.etsy.com/listing/187862141,garden-stone
Personalized Custom Memorial Garden Stone For Dog Mom Gift 2026,30.53,4014,669,2561,Shop624Studio,"handmade,personalized gift,gift for him,stone",https://www.etsy.com/listing/845289862,garden-stone
Handmade Custom stone stone - Free Shipping,32.21,6876,1146,5249,Shop348Studio,"personalized gift,stone,keepsake,gift for him",https://www.etsy.com/listing/955783377,garden-stone
Handmade Stone Stone For Grandma,30.2,1182,197,519,Shop445Studio,"garden & outdoor,stone,gift for him,custom",https://www.etsy.com/listing/607314620,garden-stone
Custom Memorial Garden Stone | Best Gift Idea,28.51,1458,243,1534,Shop152Studio,"gift for her,custom,stone,keepsake",https://www.etsy.com/listing/455462647,garden-stone
Personalized stone stone gift For Couple - Free Shipping,37.87,1704,284,1772,Shop463Studio,"stone,handmade,gift for her,garden & outdoor",https://www.etsy.com/listing/363574181,garden-stone
Personalized Memorial Garden Stone - Free Shipping,39.61,1800,300,1285,Shop360Studio,"custom,garden & outdoor,stone,keepsake",https://www.etsy.com/listing/970354764,garden-stone
Personalized Memorial Garden Stone,45.76,3432,572,3782,Shop561Studio,"garden & outdoor,gift for him,handmade,personalized gift",https://www.etsy.com/listing/312129758,garden-stone
Custom Custom Memorial Garden Stone For Best Friend,39.92,6594,1099,6705,Shop156Studio,"gift for him,keepsake,custom,garden & outdoor",https://www.etsy.com/listing/460063601,garden-stone
Custom Custom Memorial Garden Stone Gift 2026,40.36,270,45,168,Shop398Studio,"handmade,gift for him,stone,garden & outdoor",https://www.etsy.com/listing/284123616,garden-stone
Custom Custom stone stone - Free Shipping,41.83,1200,200,1007,Shop124Studio,"stone,gift for her,gift for him,handmade",https://www.etsy.com/listing/871167439,garden-stone
Personalized stone stone gift - Free Shipping,36.49,2022,337,1576,Shop366Studio,"gift for her,handmade,stone,gift for him",https://www.etsy.com/listing/639001765,garden-stone
Handmade Custom stone stone Keepsake,19.9,4620,770,4781,Shop908Studio,"stone,handmade,custom,personalized gift",https://www.etsy.com/listing/317801801,garden-stone
Handmade Stone Stone Memorial Gift Keepsake,49.34,852,142,701,Shop653Studio,"gift for him,gift for her,custom,keepsake",https://www.etsy.com/listing/172280697,garden-stone
Handmade Custom Memorial Garden Stone Housewarming Gift,33.83,924,154,711,Shop927Studio,"handmade,keepsake,gift for her,gift for him",https://www.etsy.com/listing/812832238,garden-stone
Handmade Custom Memorial Garden Stone,27.86,1896,316,2407,Shop798Studio,"garden & outdoor,custom,gift for her,keepsake",https://www.etsy.com/listing/886778716,garden-stone
Handmade Custom Memorial Garden Stone Housewarming Gift Gift 2026,44.23,426,71,237,Shop311Studio,"gift for him,handmade,keepsake,custom",https://www.etsy.com/listing/660354302,garden-stone
Personalized Memorial Garden Stone,39.56,4038,673,3072,Shop581Studio,"gift for him,keepsake,garden & outdoor,handmade",https://www.etsy.com/listing/648450248,garden-stone
Handmade Personalized stone stone gift For Grandpa,45.08,2646,441,2987,Shop423Studio,"personalized gift,keepsake,handmade,garden & outdoor",https://www.etsy.com/listing/950446529,garden-stone
Custom Stone Stone Wedding Gift,47.96,1590,265,906,Shop728Studio,"gift for him,handmade,garden & outdoor,gift for her",https://www.etsy.com/listing/357124130,garden-stone
Memorial Garden Stone Anniversary Gift Keepsake,42.12,1332,222,1709,Shop736Studio,"gift for her,custom,stone,gift for him",https://www.etsy.com/listing/857695020,garden-stone
Custom Personalized stone stone gift Memorial Gift,48.53,552,92,643,Shop312Studio,"gift for her,personalized gift,garden & outdoor,keepsake",https://www.etsy.com/listing/602841442,garden-stone
Personalized stone stone gift For Boss Keepsake,37.03,2208,368,1681,Shop718Studio,"personalized gift,gift for her,handmade,garden & outdoor",https://www.etsy.com/listing/728146890,garden-stone
Custom Personalized stone stone gift For Best Friend Birthday Gift - Free Shipping,37.18,372,62,278,Shop405Studio,"keepsake,garden & outdoor,handmade,custom",https://www.etsy.com/listing/524037569,garden-stone
Memorial Garden Stone For Dad - Free Shipping,38.07,2166,361,1324,Shop960Studio,"gift for him,custom,garden & outdoor,handmade",https://www.etsy.com/listing/988929982,garden-stone
Personalized Custom stone stone For Dog Mom Christmas Gift,33.67,474,79,197,Shop827Studio,"garden & outdoor,personalized gift,custom,gift for him",https://www.etsy.com/listing/576889803,garden-stone
Custom Personalized Memorial Garden Stone - Free Shipping,37.08,3822,637,2474,Shop402Studio,"gift for him,keepsake,garden & outdoor,handmade",https://www.etsy.com/listing/309459785,garden-stone
Custom Memorial Garden Stone For Dog Mom Christmas Gift - Free Shipping,42.83,804,134,542,Shop210Studio,"handmade,personalized gift,gift for her,stone",https://www.etsy.com/listing/489284090,garden-stone
Personalized Memorial Garden Stone For Boss Wedding Gift,54.94,3174,529,1076,Shop896Studio,"gift for her,keepsake,stone,handmade",https://www.etsy.com/listing/939573221,garden-stone
Handmade Stone Stone For Teacher Valentine's Day Gift - Free Shipping,39.8,1662,277,2162,Shop508Studio,"custom,garden & outdoor,personalized gift,keepsake",https://www.etsy.com/listing/887719959,garden-stone
Unique Personalized Memorial Garden Stone Keepsake,32.88,2970,495,1353,Shop674Studio,"gift for him,custom,garden & outdoor,handmade",https://www.etsy.com/listing/654159532,garden-stone
Unique Memorial Garden Stone For Boss | Best Gift Idea,26.98,246,41,93,Shop420Studio,"handmade,custom,keepsake,gift for her",https://www.etsy.com/listing/869117013,garden-stone
Custom Memorial Garden Stone For Dog Mom | Best Gift Idea,22.88,642,107,635,Shop903Studio,"garden & outdoor,custom,gift for him,stone",https://www.etsy.com/listing/213301376,garden-stone
Custom stone stone,43.61,1098,183,1060,Shop935Studio,"garden & outdoor,gift for him,personalized gift,custom",https://www.etsy.com/listing/101185634,garden-stone
Memorial Garden Stone Valentine's Day Gift | Best Gift Idea,53.78,156,26,116,Shop542Studio,"gift for him,garden & outdoor,handmade,keepsake",https://www.etsy.com/listing/324992469,garden-stone
Unique Personalized stone stone gift For Mom Anniversary Gift,45.76,954,159,641,Shop745Studio,"gift for him,custom,personalized gift,garden & outdoor",https://www.etsy.com/listing/796358489,garden-stone
Custom stone stone Valentine's Day Gift Gift 2026,34.68,174,29,79,Shop844Studio,"stone,gift for her,keepsake,garden & outdoor",https://www.etsy.com/listing/640330431,garden-stone
Custom stone stone | Best Gift Idea,39.84,576,96,521,Shop461Studio,"gift for her,garden & outdoor,custom,gift for him",https://www.etsy.com/listing/915001072,garden-stone
Stone Stone - Free Shipping,38.39,714,119,785,Shop938Studio,"stone,gift for him,personalized gift,custom",https://www.etsy.com/listing/942437356,garden-stone
Personalized Memorial Garden Stone For Teacher Mother's Day Gift,42.13,660,110,773,Shop462Studio,"gift for her,stone,keepsake,custom",https://www.etsy.com/listing/707249995,garden-stone
Unique Personalized Memorial Garden Stone For Mom | Best Gift Idea,33.35,2352,392,1516,Shop815Studio,"stone,handmade,gift for him,keepsake",https://www.etsy.com/listing/902867270,garden-stone
Personalized stone stone gift,40.15,498,83,217,Shop319Studio,"gift for him,personalized gift,stone,custom",https://www.etsy.com/listing/659234269,garden-stone
Personalized Memorial Wind Chime For Best Friend - Free Shipping,30.71,468,78,486,Shop196Studio,"metal,handmade,personalized gift,keepsake",https://www.etsy.com/listing/883738697,wind-chime
Handmade Personalized Memorial Wind Chime Wedding Gift,34.57,210,35,275,Shop311Studio,"custom,garden & outdoor,metal,gift for him",https://www.etsy.com/listing/417085295,wind-chime
Handmade Custom metal chime - Free Shipping,27.37,378,63,159,Shop739Studio,"handmade,personalized gift,gift for her,keepsake",https://www.etsy.com/listing/903667392,wind-chime
Custom Custom Memorial Wind Chime For Best Friend Gift 2026,35.9,246,41,285,Shop741Studio,"personalized gift,handmade,gift for her,metal",https://www.etsy.com/listing/690044815,wind-chime
Personalized metal chime gift For Grandma Father's Day Gift Gift 2026,34.91,90,15,107,Shop308Studio,"garden & outdoor,metal,handmade,gift for him",https://www.etsy.com/listing/606311405,wind-chime
Unique Custom Memorial Wind Chime For Grandma | Best Gift Idea,31.47,438,73,279,Shop488Studio,"personalized gift,garden & outdoor,gift for her,keepsake",https://www.etsy.com/listing/904287035,wind-chime
Personalized Custom metal chime Memorial Gift - Free Shipping,32.7,780,130,850,Shop347Studio,"handmade,custom,gift for him,keepsake",https://www.etsy.com/listing/705556957,wind-chime
Custom Memorial Wind Chime | Best Gift Idea,24.05,96,16,52,Shop879Studio,"garden & outdoor,gift for her,metal,gift for him",https://www.etsy.com/listing/680910373,wind-chime
Unique Custom Memorial Wind Chime For Sister,32.87,276,46,337,Shop190Studio,"personalized gift,gift for her,handmade,metal",https://www.etsy.com/listing/981937073,wind-chime
Unique Custom Memorial Wind Chime | Best Gift Idea,40.69,1206,201,1369,Shop607Studio,"gift for her,keepsake,garden & outdoor,handmade",https://www.etsy.com/listing/562357125,wind-chime
Handmade Personalized metal chime gift For Teacher,34.1,54,9,20,Shop680Studio,"gift for her,personalized gift,keepsake,metal",https://www.etsy.com/listing/256515467,wind-chime
Custom Personalized metal chime gift,30.1,750,125,317,Shop606Studio,"personalized gift,keepsake,custom,gift for her",https://www.etsy.com/listing/784297796,wind-chime
Metal Chime Wedding Gift Gift 2026,32.53,150,25,98,Shop222Studio,"custom,garden & outdoor,gift for her,gift for him",https://www.etsy.com/listing/250124150,wind-chime
Unique Personalized metal chime gift Gift 2026,29.51,1596,266,1155,Shop543Studio,"metal,handmade,custom,gift for him",https://www.etsy.com/listing/343197478,wind-chime
Unique Custom Memorial Wind Chime For Mom Gift 2026,19.18,894,149,1114,Shop285Studio,"keepsake,metal,gift for her,personalized gift",https://www.etsy.com/listing/727644948,wind-chime
Custom Memorial Wind Chime For Best Friend,21.13,636,106,572,Shop230Studio,"gift for him,keepsake,personalized gift,garden & outdoor",https://www.etsy.com/listing/478721505,wind-chime
Handmade Custom Memorial Wind Chime For Best Friend Gift 2026,26.66,138,23,53,Shop725Studio,"garden & outdoor,gift for him,custom,metal",https://www.etsy.com/listing/658544493,wind-chime
Custom Personalized metal chime gift For Grandpa Mother's Day Gift,25.97,96,16,61,Shop540Studio,"metal,custom,gift for her,personalized gift",https://www.etsy.com/listing/935760172,wind-chime
Custom Personalized Memorial Wind Chime Birthday Gift Keepsake,29.18,210,35,94,Shop418Studio,"metal,gift for him,garden & outdoor,gift for her",https://www.etsy.com/listing/556622399,wind-chime
Custom Memorial Wind Chime For Grandpa Graduation Gift,27.6,342,57,244,Shop700Studio,"personalized gift,gift for him,keepsake,metal",https://www.etsy.com/listing/341795059,wind-chime
Metal Chime Father's Day Gift - Free Shipping,26.79,408,68,380,Shop425Studio,"handmade,custom,keepsake,gift for her",https://www.etsy.com/listing/729541792,wind-chime
Unique Personalized Memorial Wind Chime For Grandma Memorial Gift,26.81,126,21,136,Shop879Studio,"custom,keepsake,metal,gift for her",https://www.etsy.com/listing/188322034,wind-chime
Personalized Personalized metal chime gift,27.63,150,25,178,Shop295Studio,"keepsake,personalized gift,gift for her,garden & outdoor",https://www.etsy.com/listing/315275087,wind-chime
Custom Custom metal chime Anniversary Gift - Free Shipping,27.85,174,29,58,Shop668Studio,"personalized gift,custom,handmade,garden & outdoor",https://www.etsy.com/listing/997839708,wind-chime
Personalized Metal Chime For Teacher Memorial Gift Gift 2026,29.05,228,38,225,Shop761Studio,"garden & outdoor,gift for her,custom,keepsake",https://www.etsy.com/listing/320745099,wind-chime
Custom Personalized metal chime gift Gift 2026,18.55,402,67,455,Shop112Studio,"keepsake,personalized gift,metal,custom",https://www.etsy.com/listing/889222267,wind-chime
Personalized Memorial Wind Chime For Teacher Gift 2026,35.09,462,77,482,Shop238Studio,"garden & outdoor,keepsake,metal,handmade",https://www.etsy.com/listing/375215610,wind-chime
Unique Personalized Memorial Wind Chime For Teacher Father's Day Gift - Free Shipping,38.69,54,9,19,Shop116Studio,"personalized gift,metal,keepsake,gift for him",https://www.etsy.com/listing/264266630,wind-chime
Unique Custom metal chime Graduation Gift,21.67,1074,179,1226,Shop814Studio,"handmade,gift for her,gift for him,metal",https://www.etsy.com/listing/291092665,wind-chime
Custom metal chime Valentine's Day Gift Gift 2026,22.13,282,47,119,Shop576Studio,"metal,custom,keepsake,handmade",https://www.etsy.com/listing/276598268,wind-chime
Metal Chime Graduation Gift,40.7,138,23,76,Shop668Studio,"custom,personalized gift,gift for him,metal",https://www.etsy.com/listing/359393245,wind-chime
Custom Personalized Memorial Wind Chime Anniversary Gift Gift 2026,26.07,84,14,89,Shop359Studio,"personalized gift,gift for her,custom,metal",https://www.etsy.com/listing/346668244,wind-chime
Personalized Metal Chime For Dad Keepsake,26.73,156,26,142,Shop383Studio,"keepsake,gift for her,custom,garden & outdoor",https://www.etsy.com/listing/354783530,wind-chime
Metal Chime For Mom | Best Gift Idea,22.13,198,33,107,Shop284Studio,"gift for her,gift for him,metal,keepsake",https://www.etsy.com/listing/565517952,wind-chime
Unique Metal Chime For Grandpa - Free Shipping,31.76,156,26,142,Shop979Studio,"metal,handmade,gift for him,gift for her",https://www.etsy.com/listing/997907467,wind-chime
Custom Garden Flag | Best Gift Idea,39.38,342,57,353,Shop511Studio,"garden & outdoor,keepsake,handmade,personalized gift",https://www.etsy.com/listing/760179912,garden-flag
Personalized Custom Custom Garden Flag For Boss Birthday Gift | Best Gift Idea,41.77,168,28,215,Shop722Studio,"gift for her,custom,keepsake,personalized gift",https://www.etsy.com/listing/706419549,garden-flag
Custom Personalized Custom Garden Flag Mother's Day Gift Gift 2026,32.57,84,14,31,Shop225Studio,"keepsake,gift for him,garden & outdoor,fabric",https://www.etsy.com/listing/688921466,garden-flag
Custom Fabric Flag Keepsake,35.55,222,37,98,Shop682Studio,"fabric,gift for him,personalized gift,garden & outdoor",https://www.etsy.com/listing/972540814,garden-flag
Custom Garden Flag Mother's Day Gift,34.15,528,88,549,Shop646Studio,"garden & outdoor,custom,fabric,handmade",https://www.etsy.com/listing/954347851,garden-flag
Custom fabric flag For Couple Graduation Gift,24.05,600,100,449,Shop118Studio,"gift for her,garden & outdoor,gift for him,handmade",https://www.etsy.com/listing/603201527,garden-flag
Custom fabric flag For Grandma Memorial Gift | Best Gift Idea,41.94,636,106,382,Shop324Studio,"handmade,custom,fabric,personalized gift",https://www.etsy.com/listing/649002067,garden-flag
Custom Custom Garden Flag For Dog Mom Wedding Gift | Best Gift Idea,36.71,96,16,108,Shop417Studio,"keepsake,gift for him,personalized gift,garden & outdoor",https://www.etsy.com/listing/201879055,garden-flag
Unique Custom Garden Flag Valentine's Day Gift | Best Gift Idea,38.92,228,38,288,Shop566Studio,"gift for him,gift for her,personalized gift,custom",https://www.etsy.com/listing/586851615,garden-flag
Handmade Personalized fabric flag gift For Best Friend Birthday Gift Keepsake,36.81,72,12,51,Shop772Studio,"custom,personalized gift,gift for him,handmade",https://www.etsy.com/listing/617730718,garden-flag
Unique Fabric Flag For Mom,34.82,606,101,573,Shop496Studio,"gift for her,keepsake,custom,gift for him",https://www.etsy.com/listing/824825213,garden-flag
Handmade Fabric Flag For Dad Housewarming Gift Keepsake,32.11,210,35,176,Shop493Studio,"keepsake,custom,handmade,garden & outdoor",https://www.etsy.com/listing/342976740,garden-flag
Unique Custom Custom Garden Flag For Grandpa,32.0,408,68,177,Shop197Studio,"garden & outdoor,personalized gift,handmade,custom",https://www.etsy.com/listing/579663662,garden-flag
Fabric Flag Gift 2026,28.53,120,20,81,Shop678Studio,"custom,gift for him,fabric,gift for her",https://www.etsy.com/listing/294460789,garden-flag
Handmade Custom fabric flag For Teacher | Best Gift Idea,33.09,810,135,445,Shop333Studio,"garden & outdoor,gift for him,personalized gift,custom",https://www.etsy.com/listing/728036039,garden-flag
Unique Custom Garden Flag | Best Gift Idea,40.08,480,80,306,Shop396Studio,"gift for her,personalized gift,handmade,garden & outdoor",https://www.etsy.com/listing/338686275,garden-flag
Custom Custom Garden Flag For Teacher Gift 2026,33.45,84,14,72,Shop757Studio,"garden & outdoor,fabric,handmade,personalized gift",https://www.etsy.com/listing/929488720,garden-flag
Handmade Personalized Custom Garden Flag For Grandpa Anniversary Gift,21.66,102,17,34,Shop132Studio,"fabric,personalized gift,gift for him,garden & outdoor",https://www.etsy.com/listing/806210040,garden-flag
Custom Personalized Custom Garden Flag For Couple | Best Gift Idea,24.57,930,155,341,Shop400Studio,"custom,gift for him,garden & outdoor,handmade",https://www.etsy.com/listing/577193063,garden-flag
Custom fabric flag Keepsake,28.86,126,21,142,Shop350Studio,"gift for him,personalized gift,keepsake,custom",https://www.etsy.com/listing/839341923,garden-flag
Custom fabric flag,25.84,270,45,94,Shop251Studio,"gift for him,personalized gift,handmade,gift for her",https://www.etsy.com/listing/468565896,garden-flag
Fabric Flag Birthday Gift,24.5,72,12,42,Shop315Studio,"gift for him,handmade,fabric,gift for her",https://www.etsy.com/listing/115739049,garden-flag
Handmade Custom fabric flag Keepsake,23.1,180,30,80,Shop454Studio,"keepsake,handmade,gift for her,garden & outdoor",https://www.etsy.com/listing/780425425,garden-flag
Unique Fabric Flag,32.11,54,9,70,Shop132Studio,"personalized gift,custom,gift for him,keepsake",https://www.etsy.com/listing/371787950,garden-flag
Custom Garden Flag | Best Gift Idea,29.57,1710,285,2039,Shop704Studio,"personalized gift,handmade,gift for her,gift for him",https://www.etsy.com/listing/390180103,garden-flag
Custom Fabric Flag,30.13,150,25,154,Shop474Studio,"gift for her,keepsake,gift for him,handmade",https://www.etsy.com/listing/966937613,garden-flag
Custom metal tag For Dog Mom Keepsake,39.55,342,57,257,Shop183Studio,"handmade,metal,gift for him,custom",https://www.etsy.com/listing/509893759,pet-tag
Metal Tag For Dog Mom | Best Gift Idea,20.82,240,40,106,Shop490Studio,"personalized gift,gift for her,metal,handmade",https://www.etsy.com/listing/643034151,pet-tag
Engraved Pet ID Tag Mother's Day Gift Keepsake,35.27,810,135,701,Shop795Studio,"personalized gift,keepsake,metal,custom",https://www.etsy.com/listing/396267881,pet-tag
Custom metal tag For Grandpa Keepsake,28.97,132,22,150,Shop597Studio,"personalized gift,custom,keepsake,handmade",https://www.etsy.com/listing/241499798,pet-tag
Engraved Pet ID Tag Memorial Gift,24.21,354,59,349,Shop892Studio,"custom,gift for him,metal,personalized gift",https://www.etsy.com/listing/455568151,pet-tag
Unique Engraved Pet ID Tag For Best Friend Valentine's Day Gift Gift 2026,27.87,156,26,192,Shop697Studio,"gift for him,gift for her,keepsake,handmade",https://www.etsy.com/listing/128786674,pet-tag
Personalized Personalized metal tag gift For Dad Gift 2026,32.57,618,103,260,Shop762Studio,"gift for her,handmade,metal,gift for him",https://www.etsy.com/listing/975734877,pet-tag
Custom Custom Engraved Pet ID Tag Gift 2026,37.15,132,22,50,Shop357Studio,"personalized gift,gift for her,keepsake,metal",https://www.etsy.com/listing/127349693,pet-tag
Handmade Personalized metal tag gift For Sister,36.09,252,42,321,Shop249Studio,"personalized gift,custom,gift for him,keepsake",https://www.etsy.com/listing/956678929,pet-tag
Personalized Engraved Pet ID Tag Housewarming Gift,29.84,342,57,367,Shop780Studio,"metal,gift for him,pet,gift for her",https://www.etsy.com/listing/170223475,pet-tag
Unique Custom metal tag For Dog Mom Father's Day Gift | Best Gift Idea,20.31,756,126,974,Shop320Studio,"metal,custom,pet,handmade",https://www.etsy.com/listing/894111234,pet-tag
Custom metal tag For Grandma,23.83,78,13,42,Shop325Studio,"personalized gift,gift for him,custom,metal",https://www.etsy.com/listing/787920900,pet-tag
Custom Personalized Engraved Pet ID Tag For Dog Mom Birthday Gift,34.89,216,36,212,Shop482Studio,"gift for him,metal,personalized gift,pet",https://www.etsy.com/listing/681854796,pet-tag
Custom Metal Tag For Boss - Free Shipping,28.07,912,152,865,Shop602Studio,"gift for him,pet,keepsake,personalized gift",https://www.etsy.com/listing/509914420,pet-tag
Custom Custom Engraved Pet ID Tag,22.92,84,14,30,Shop888Studio,"keepsake,gift for him,gift for her,pet",https://www.etsy.com/listing/335955477,pet-tag
Personalized metal tag gift Keepsake,24.95,768,128,999,Shop157Studio,"pet,gift for her,metal,personalized gift",https://www.etsy.com/listing/676640795,pet-tag
Unique Personalized metal tag gift - Free Shipping,42.68,168,28,94,Shop942Studio,"metal,gift for her,keepsake,handmade",https://www.etsy.com/listing/320463324,pet-tag
Custom Personalized metal tag gift Anniversary Gift - Free Shipping,21.98,102,17,87,Shop701Studio,"pet,gift for her,keepsake,metal",https://www.etsy.com/listing/996150428,pet-tag
Custom metal tag,21.7,54,9,61,Shop679Studio,"keepsake,handmade,gift for him,pet",https://www.etsy.com/listing/925872628,pet-tag
Handmade Custom Engraved Pet ID Tag For Couple Wedding Gift | Best Gift Idea,34.98,444,74,378,Shop868Studio,"metal,handmade,gift for him,keepsake",https://www.etsy.com/listing/271390351,pet-tag
Engraved Pet ID Tag Keepsake,31.81,84,14,92,Shop517Studio,"pet,gift for her,custom,personalized gift",https://www.etsy.com/listing/739063266,pet-tag
Personalized Metal Tag - Free Shipping,34.2,354,59,297,Shop765Studio,"custom,gift for him,gift for her,pet",https://www.etsy.com/listing/412694492,pet-tag
Unique Engraved Pet ID Tag For Mom Housewarming Gift - Free Shipping,28.25,354,59,278,Shop125Studio,"keepsake,metal,pet,gift for him",https://www.etsy.com/listing/166701759,pet-tag
Personalized Custom metal tag For Dog Mom Christmas Gift,41.95,132,22,143,Shop729Studio,"custom,handmade,gift for her,personalized gift",https://www.etsy.com/listing/123111651,pet-tag
Custom Personalized Engraved Pet ID Tag Father's Day Gift Keepsake,34.04,138,23,100,Shop129Studio,"personalized gift,handmade,custom,metal",https://www.etsy.com/listing/724617745,pet-tag
Personalized Metal Tag For Grandpa - Free Shipping,32.75,264,44,271,Shop626Studio,"keepsake,gift for him,gift for her,handmade",https://www.etsy.com/listing/950077791,pet-tag
Personalized Custom metal tag For Boss,27.46,54,9,61,Shop283Studio,"gift for her,handmade,personalized gift,pet",https://www.etsy.com/listing/269235735,pet-tag
Handmade Fabric Bandana Mother's Day Gift,20.12,300,50,334,Shop636Studio,"gift for her,handmade,personalized gift,keepsake",https://www.etsy.com/listing/975674080,pet-bandana
Custom Personalized Custom Pet Bandana For Mom | Best Gift Idea,22.84,2772,462,2399,Shop377Studio,"handmade,personalized gift,gift for him,keepsake",https://www.etsy.com/listing/100045564,pet-bandana
Handmade Custom fabric bandana Anniversary Gift,34.96,1644,274,1641,Shop801Studio,"custom,personalized gift,handmade,gift for her",https://www.etsy.com/listing/385185394,pet-bandana
Custom Fabric Bandana | Best Gift Idea,37.39,990,165,1215,Shop564Studio,"handmade,personalized gift,keepsake,pet",https://www.etsy.com/listing/682940952,pet-bandana
Custom Personalized Custom Pet Bandana Anniversary Gift - Free Shipping,13.68,162,27,208,Shop854Studio,"custom,fabric,handmade,gift for her",https://www.etsy.com/listing/113171124,pet-bandana
Custom Custom Pet Bandana For Best Friend Birthday Gift | Best Gift Idea,36.04,1518,253,1570,Shop449Studio,"keepsake,personalized gift,fabric,custom",https://www.etsy.com/listing/226927658,pet-bandana
Custom Custom fabric bandana For Teacher Gift 2026,32.77,1404,234,1814,Shop196Studio,"fabric,keepsake,handmade,custom",https://www.etsy.com/listing/922246597,pet-bandana
Unique Personalized Custom Pet Bandana Gift 2026,33.3,6534,1089,6477,Shop250Studio,"handmade,personalized gift,fabric,pet",https://www.etsy.com/listing/665709831,pet-bandana
Custom fabric bandana,25.85,372,62,394,Shop753Studio,"gift for her,personalized gift,custom,keepsake",https://www.etsy.com/listing/425635105,pet-bandana
Custom Fabric Bandana For Dad Valentine's Day Gift | Best Gift Idea,36.12,276,46,135,Shop837Studio,"handmade,gift for her,keepsake,pet",https://www.etsy.com/listing/905360664,pet-bandana
Custom Custom Pet Bandana - Free Shipping,18.13,420,70,543,Shop288Studio,"gift for her,keepsake,gift for him,custom",https://www.etsy.com/listing/740139528,pet-bandana
Personalized Personalized fabric bandana gift,27.06,2214,369,1482,Shop747Studio,"handmade,pet,keepsake,gift for her",https://www.etsy.com/listing/277753156,pet-bandana
Custom Pet Bandana - Free Shipping,40.33,444,74,262,Shop819Studio,"custom,pet,keepsake,handmade",https://www.etsy.com/listing/961114120,pet-bandana
Unique Personalized Custom Pet Bandana,30.75,54,9,54,Shop218Studio,"custom,pet,fabric,keepsake",https://www.etsy.com/listing/297968134,pet-bandana
Personalized Custom Custom Pet Bandana Housewarming Gift,29.35,906,151,1110,Shop118Studio,"handmade,custom,keepsake,gift for her",https://www.etsy.com/listing/407085281,pet-bandana
Custom Personalized Custom Pet Bandana Valentine's Day Gift,25.02,708,118,461,Shop661Studio,"handmade,fabric,gift for him,personalized gift",https://www.etsy.com/listing/115992179,pet-bandana
Personalized Personalized Custom Pet Bandana - Free Shipping,33.45,726,121,835,Shop580Studio,"personalized gift,keepsake,handmade,fabric",https://www.etsy.com/listing/371500462,pet-bandana
Personalized fabric bandana gift Wedding Gift,39.59,246,41,173,Shop513Studio,"custom,fabric,gift for her,handmade",https://www.etsy.com/listing/144653728,pet-bandana
Unique Custom Custom Pet Bandana For Boss Father's Day Gift - Free Shipping,33.81,96,16,86,Shop657Studio,"pet,gift for him,gift for her,handmade",https://www.etsy.com/listing/236985327,pet-bandana
Custom Custom Pet Bandana For Mom Birthday Gift Gift 2026,30.7,1176,196,1285,Shop926Studio,"custom,handmade,personalized gift,keepsake",https://www.etsy.com/listing/542946736,pet-bandana
Custom Custom Pet Bandana For Dog Mom Anniversary Gift Keepsake,42.31,1080,180,879,Shop842Studio,"fabric,custom,keepsake,gift for him",https://www.etsy.com/listing/295339558,pet-bandana
Custom Pet Bandana Christmas Gift - Free Shipping,38.55,312,52,325,Shop847Studio,"fabric,keepsake,personalized gift,handmade",https://www.etsy.com/listing/440986497,pet-bandana
Custom fabric bandana Wedding Gift Gift 2026,30.29,204,34,160,Shop167Studio,"keepsake,custom,fabric,gift for him",https://www.etsy.com/listing/529426700,pet-bandana
Custom Custom fabric bandana For Mom Housewarming Gift Gift 2026,33.66,1134,189,1382,Shop785Studio,"personalized gift,pet,keepsake,custom",https://www.etsy.com/listing/153409664,pet-bandana
Fabric Bandana Gift 2026,33.83,1734,289,1233,Shop987Studio,"pet,gift for him,keepsake,gift for her",https://www.etsy.com/listing/889665348,pet-bandana
Personalized Custom fabric bandana For Sister - Free Shipping,36.37,336,56,302,Shop427Studio,"handmade,gift for her,keepsake,pet",https://www.etsy.com/listing/559212769,pet-bandana
Custom Personalized fabric bandana gift For Teacher Gift 2026,29.27,1776,296,786,Shop141Studio,"handmade,pet,keepsake,gift for him",https://www.etsy.com/listing/987280344,pet-bandana
Custom Custom Pet Bandana Valentine's Day Gift,39.42,3996,666,4504,Shop964Studio,"handmade,pet,gift for him,keepsake",https://www.etsy.com/listing/891264244,pet-bandana
Custom Personalized Custom Pet Bandana For Grandma | Best Gift Idea,39.98,102,17,88,Shop208Studio,"personalized gift,fabric,gift for him,keepsake",https://www.etsy.com/listing/245832974,pet-bandana
Handmade Personalized Custom Pet Bandana For Dog Mom - Free Shipping,23.11,348,58,142,Shop154Studio,"gift for him,gift for her,keepsake,fabric",https://www.etsy.com/listing/539767744,pet-bandana
Custom Personalized ceramic bowl gift For Grandma,19.17,990,165,990,Shop288Studio,"personalized gift,gift for her,ceramic,gift for him",https://www.etsy.com/listing/741643854,pet-bowl
Ceramic Bowl Valentine's Day Gift,18.51,378,63,434,Shop431Studio,"ceramic,gift for her,personalized gift,handmade",https://www.etsy.com/listing/344073642,pet-bowl
Custom Personalized Ceramic Pet Bowl For Dog Mom | Best Gift Idea,23.44,168,28,101,Shop512Studio,"handmade,gift for her,gift for him,personalized gift",https://www.etsy.com/listing/776869075,pet-bowl
Ceramic Bowl,16.37,204,34,228,Shop145Studio,"gift for him,custom,personalized gift,gift for her",https://www.etsy.com/listing/930183030,pet-bowl
Unique Ceramic Bowl For Dad Valentine's Day Gift - Free Shipping,24.06,462,77,229,Shop994Studio,"gift for him,personalized gift,gift for her,custom",https://www.etsy.com/listing/565764128,pet-bowl
Unique Personalized Ceramic Pet Bowl For Teacher,21.04,978,163,711,Shop435Studio,"pet,keepsake,ceramic,gift for her",https://www.etsy.com/listing/923563305,pet-bowl
Personalized ceramic bowl gift Keepsake,21.43,510,85,422,Shop193Studio,"gift for him,personalized gift,gift for her,handmade",https://www.etsy.com/listing/969282889,pet-bowl
Unique Personalized ceramic bowl gift | Best Gift Idea,24.29,288,48,117,Shop680Studio,"ceramic,custom,keepsake,gift for her",https://www.etsy.com/listing/682002078,pet-bowl
Custom Custom Personalized Ceramic Pet Bowl For Teacher Birthday Gift Gift 2026,15.24,174,29,149,Shop707Studio,"personalized gift,gift for her,handmade,keepsake",https://www.etsy.com/listing/783324238,pet-bowl
Personalized Ceramic Pet Bowl For Couple Keepsake,20.95,312,52,236,Shop614Studio,"ceramic,keepsake,gift for her,handmade",https://www.etsy.com/listing/583003200,pet-bowl
Personalized Personalized Ceramic Pet Bowl - Free Shipping,21.43,618,103,229,Shop423Studio,"ceramic,keepsake,gift for him,custom",https://www.etsy.com/listing/697515643,pet-bowl
Personalized Ceramic Bowl For Teacher Graduation Gift Gift 2026,20.78,36,6,32,Shop133Studio,"personalized gift,gift for her,handmade,keepsake",https://www.etsy.com/listing/612360018,pet-bowl
Ceramic Bowl For Best Friend Keepsake,13.99,660,110,698,Shop506Studio,"gift for her,keepsake,handmade,ceramic",https://www.etsy.com/listing/693098829,pet-bowl
Personalized Personalized Personalized Ceramic Pet Bowl Gift 2026,24.45,636,106,625,Shop860Studio,"gift for him,ceramic,custom,pet",https://www.etsy.com/listing/649389873,pet-bowl
Handmade Personalized Personalized Ceramic Pet Bowl Keepsake,16.71,336,56,351,Shop561Studio,"handmade,ceramic,gift for him,keepsake",https://www.etsy.com/listing/377249817,pet-bowl
Custom Custom ceramic bowl,19.71,2280,380,1676,Shop682Studio,"custom,keepsake,pet,personalized gift",https://www.etsy.com/listing/789959508,pet-bowl
Personalized Personalized Personalized Ceramic Pet Bowl Graduation Gift Gift 2026,16.92,168,28,124,Shop329Studio,"gift for her,keepsake,handmade,ceramic",https://www.etsy.com/listing/662578074,pet-bowl
Handmade Custom ceramic bowl For Grandpa,15.84,228,38,259,Shop675Studio,"ceramic,custom,gift for him,gift for her",https://www.etsy.com/listing/971296379,pet-bowl
Custom Personalized Ceramic Pet Bowl Wedding Gift | Best Gift Idea,22.3,132,22,105,Shop678Studio,"handmade,gift for him,personalized gift,custom",https://www.etsy.com/listing/703041878,pet-bowl
Personalized Personalized Ceramic Pet Bowl For Grandpa Graduation Gift Keepsake,20.39,3450,575,2988,Shop134Studio,"gift for him,pet,keepsake,gift for her",https://www.etsy.com/listing/177908322,pet-bowl
Handmade Personalized Personalized Ceramic Pet Bowl For Boss Wedding Gift Gift 2026,20.59,2088,348,2353,Shop285Studio,"ceramic,custom,gift for him,handmade",https://www.etsy.com/listing/559718948,pet-bowl
Personalized Ceramic Pet Bowl Birthday Gift,19.5,858,143,673,Shop278Studio,"handmade,custom,gift for her,pet",https://www.etsy.com/listing/496820848,pet-bowl
Handmade Personalized Ceramic Pet Bowl,20.08,384,64,171,Shop340Studio,"handmade,ceramic,custom,gift for him",https://www.etsy.com/listing/763251099,pet-bowl
Handmade Ceramic Bowl Gift 2026,21.62,300,50,368,Shop341Studio,"pet,personalized gift,ceramic,gift for her",https://www.etsy.com/listing/652105453,pet-bowl
Custom Ceramic Bowl Gift 2026,14.53,96,16,88,Shop865Studio,"pet,personalized gift,handmade,keepsake",https://www.etsy.com/listing/861153239,pet-bowl
Unique Ceramic Bowl For Grandpa Father's Day Gift,26.9,144,24,170,Shop885Studio,"gift for him,custom,pet,personalized gift",https://www.etsy.com/listing/526329573,pet-bowl
Handmade Personalized Personalized Ceramic Pet Bowl For Best Friend Keepsake,20.44,132,22,123,Shop174Studio,"keepsake,custom,gift for him,personalized gift",https://www.etsy.com/listing/266511807,pet-bowl
Unique Ceramic Bowl Gift 2026,28.09,204,34,98,Shop991Studio,"ceramic,personalized gift,gift for him,handmade",https://www.etsy.com/listing/853527275,pet-bowl
Custom ceramic bowl For Mom Anniversary Gift | Best Gift Idea,16.95,1470,245,1173,Shop634Studio,"custom,personalized gift,keepsake,gift for him",https://www.etsy.com/listing/699111278,pet-bowl
Handmade Personalized Ceramic Pet Bowl For Boss,15.43,312,52,280,Shop180Studio,"keepsake,ceramic,pet,personalized gift",https://www.etsy.com/listing/557209773,pet-bowl
Custom Custom Printed T-Shirt For Sister Gift 2026,43.17,4212,702,2401,Shop745Studio,"gift for him,keepsake,gift for her,fabric",https://www.etsy.com/listing/435730675,tshirt
Personalized Custom Custom Printed T-Shirt Keepsake,38.17,942,157,863,Shop711Studio,"apparel,gift for her,custom,fabric",https://www.etsy.com/listing/789687640,tshirt
Unique Custom fabric t-shirt For Couple Mother's Day Gift Gift 2026,23.86,1020,170,1072,Shop553Studio,"handmade,apparel,keepsake,gift for him",https://www.etsy.com/listing/572910146,tshirt
Personalized Fabric T-Shirt Memorial Gift Gift 2026,21.96,2730,455,1116,Shop753Studio,"apparel,custom,personalized gift,gift for her",https://www.etsy.com/listing/973275937,tshirt
Custom Custom Printed T-Shirt For Dad | Best Gift Idea,42.87,1956,326,959,Shop341Studio,"custom,handmade,keepsake,gift for her",https://www.etsy.com/listing/110311294,tshirt
Personalized fabric t-shirt gift For Sister | Best Gift Idea,23.34,690,115,847,Shop237Studio,"fabric,personalized gift,keepsake,handmade",https://www.etsy.com/listing/798139326,tshirt
Handmade Custom fabric t-shirt | Best Gift Idea,40.57,1632,272,1886,Shop280Studio,"fabric,gift for her,personalized gift,custom",https://www.etsy.com/listing/381106820,tshirt
Custom Custom Printed T-Shirt For Grandpa Memorial Gift - Free Shipping,26.36,3006,501,3389,Shop462Studio,"apparel,handmade,personalized gift,gift for him",https://www.etsy.com/listing/770702067,tshirt
Custom Custom fabric t-shirt For Dog Mom Gift 2026,31.44,2442,407,1378,Shop290Studio,"custom,personalized gift,handmade,fabric",https://www.etsy.com/listing/781970449,tshirt
Handmade Personalized Custom Printed T-Shirt For Grandpa Christmas Gift Gift 2026,44.17,1662,277,2206,Shop753Studio,"keepsake,gift for her,apparel,gift for him",https://www.etsy.com/listing/531490119,tshirt
Unique Personalized Custom Printed T-Shirt - Free Shipping,41.57,342,57,311,Shop465Studio,"gift for her,keepsake,fabric,custom",https://www.etsy.com/listing/800721405,tshirt
Handmade Custom Custom Printed T-Shirt For Grandma - Free Shipping,28.16,1776,296,1252,Shop948Studio,"handmade,fabric,custom,apparel",https://www.etsy.com/listing/164152984,tshirt
Unique Personalized fabric t-shirt gift Christmas Gift Keepsake,19.31,3378,563,2912,Shop604Studio,"custom,gift for her,apparel,keepsake",https://www.etsy.com/listing/747890440,tshirt
Custom Printed T-Shirt For Boss Father's Day Gift,30.07,1008,168,732,Shop131Studio,"personalized gift,custom,keepsake,fabric",https://www.etsy.com/listing/967540116,tshirt
Personalized Personalized Custom Printed T-Shirt Keepsake,36.46,6804,1134,3596,Shop913Studio,"custom,fabric,gift for her,handmade",https://www.etsy.com/listing/205043380,tshirt
Unique Personalized Custom Printed T-Shirt Wedding Gift,21.2,324,54,196,Shop742Studio,"gift for her,apparel,custom,keepsake",https://www.etsy.com/listing/214465890,tshirt
Personalized Personalized Custom Printed T-Shirt For Teacher,30.84,2028,338,2545,Shop365Studio,"keepsake,gift for her,personalized gift,custom",https://www.etsy.com/listing/334539147,tshirt
Unique Custom Custom Printed T-Shirt Father's Day Gift Keepsake,28.23,2568,428,1230,Shop348Studio,"personalized gift,gift for her,fabric,custom",https://www.etsy.com/listing/581091008,tshirt
Personalized Custom Printed T-Shirt Keepsake,48.68,2262,377,2743,Shop625Studio,"apparel,fabric,personalized gift,gift for him",https://www.etsy.com/listing/204187657,tshirt
Handmade Fabric T-Shirt For Teacher Valentine's Day Gift Keepsake,41.87,1206,201,934,Shop641Studio,"gift for her,keepsake,gift for him,custom",https://www.etsy.com/listing/757249392,tshirt
Unique Custom fabric t-shirt,40.06,2676,446,3381,Shop538Studio,"gift for her,gift for him,handmade,apparel",https://www.etsy.com/listing/450561299,tshirt
Custom fabric t-shirt | Best Gift Idea,36.28,8652,1442,3129,Shop299Studio,"gift for him,keepsake,custom,personalized gift",https://www.etsy.com/listing/885824897,tshirt
Personalized Custom fabric t-shirt,26.99,7794,1299,4843,Shop156Studio,"custom,keepsake,gift for her,apparel",https://www.etsy.com/listing/938153683,tshirt
Unique Custom fabric t-shirt Memorial Gift | Best Gift Idea,34.7,1392,232,621,Shop319Studio,"fabric,apparel,gift for her,personalized gift",https://www.etsy.com/listing/606217898,tshirt
Custom Personalized Custom Printed T-Shirt For Couple,33.84,2166,361,1980,Shop749Studio,"personalized gift,gift for him,keepsake,apparel",https://www.etsy.com/listing/697654978,tshirt
Unique Personalized Custom Printed T-Shirt,34.81,4872,812,5891,Shop980Studio,"fabric,gift for her,gift for him,apparel",https://www.etsy.com/listing/821040917,tshirt
Personalized Fabric T-Shirt For Dad,36.32,4512,752,1580,Shop787Studio,"fabric,handmade,gift for her,gift for him",https://www.etsy.com/listing/841956130,tshirt
Custom Custom fabric t-shirt Birthday Gift Keepsake,29.72,1542,257,870,Shop826Studio,"gift for her,gift for him,custom,keepsake",https://www.etsy.com/listing/426634450,tshirt
Handmade Personalized Custom Printed T-Shirt For Boss Valentine's Day Gift,30.16,14724,2454,14557,Shop663Studio,"custom,fabric,gift for her,handmade",https://www.etsy.com/listing/603997424,tshirt
Unique Custom Custom Printed T-Shirt For Grandpa | Best Gift Idea,33.52,2208,368,1292,Shop933Studio,"gift for her,gift for him,keepsake,custom",https://www.etsy.com/listing/752397217,tshirt
Handmade Personalized Custom Printed T-Shirt For Best Friend Birthday Gift,43.99,1050,175,605,Shop928Studio,"keepsake,personalized gift,handmade,gift for her",https://www.etsy.com/listing/611175131,tshirt
Personalized Fabric T-Shirt,39.59,3372,562,3882,Shop316Studio,"gift for her,personalized gift,apparel,keepsake",https://www.etsy.com/listing/648801843,tshirt
Custom fabric t-shirt Wedding Gift - Free Shipping,29.53,2220,370,1848,Shop811Studio,"gift for him,custom,keepsake,handmade",https://www.etsy.com/listing/855957068,tshirt
Handmade Personalized fabric t-shirt gift For Sister Memorial Gift Gift 2026,26.07,1422,237,816,Shop965Studio,"gift for him,fabric,personalized gift,keepsake",https://www.etsy.com/listing/621907515,tshirt
Fabric T-Shirt Memorial Gift Gift 2026,27.49,924,154,1029,Shop373Studio,"apparel,personalized gift,handmade,custom",https://www.etsy.com/listing/221044775,tshirt
Personalized Personalized fabric t-shirt gift For Best Friend Mother's Day Gift Gift 2026,32.13,1974,329,1923,Shop892Studio,"keepsake,fabric,gift for her,custom",https://www.etsy.com/listing/654953639,tshirt
Custom Custom Printed T-Shirt For Couple,36.26,1800,300,1446,Shop210Studio,"fabric,custom,gift for her,gift for him",https://www.etsy.com/listing/576695270,tshirt
Unique Custom fabric t-shirt For Best Friend | Best Gift Idea,36.01,4410,735,3250,Shop103Studio,"apparel,personalized gift,keepsake,gift for him",https://www.etsy.com/listing/847841669,tshirt
Custom Custom Printed T-Shirt For Teacher,35.94,168,28,208,Shop535Studio,"personalized gift,fabric,gift for him,handmade",https://www.etsy.com/listing/227619269,tshirt
Personalized Custom fabric t-shirt Wedding Gift,22.8,414,69,348,Shop150Studio,"apparel,gift for her,custom,fabric",https://www.etsy.com/listing/464640697,tshirt
Custom Printed T-Shirt For Teacher,34.41,924,154,533,Shop414Studio,"fabric,gift for him,apparel,custom",https://www.etsy.com/listing/273430888,tshirt
Handmade Custom Custom Printed T-Shirt,30.39,2022,337,2611,Shop738Studio,"apparel,gift for her,gift for him,handmade",https://www.etsy.com/listing/261140236,tshirt
Unique Custom Custom Printed T-Shirt | Best Gift Idea,38.49,1152,192,1387,Shop276Studio,"apparel,custom,handmade,gift for her",https://www.etsy.com/listing/898971762,tshirt
Custom fabric t-shirt For Best Friend Birthday Gift,34.74,2034,339,2144,Shop488Studio,"fabric,apparel,keepsake,personalized gift",https://www.etsy.com/listing/761445028,tshirt
Custom Custom fabric t-shirt For Grandpa Father's Day Gift Gift 2026,33.54,3810,635,4083,Shop417Studio,"handmade,keepsake,gift for him,apparel",https://www.etsy.com/listing/516387843,tshirt
Custom Personalized Custom Printed T-Shirt - Free Shipping,30.53,1878,313,1959,Shop533Studio,"keepsake,custom,apparel,personalized gift",https://www.etsy.com/listing/670549850,tshirt
Custom Custom Printed T-Shirt Keepsake,25.09,1200,200,938,Shop483Studio,"personalized gift,handmade,custom,apparel",https://www.etsy.com/listing/351519469,tshirt
Personalized Custom Printed T-Shirt For Grandma Keepsake,34.38,5520,920,5824,Shop647Studio,"gift for him,personalized gift,fabric,handmade",https://www.etsy.com/listing/688596164,tshirt
Custom Printed T-Shirt For Sister,27.1,3060,510,3937,Shop299Studio,"apparel,gift for her,personalized gift,handmade",https://www.etsy.com/listing/659279881,tshirt
Handmade Custom Custom Printed T-Shirt For Grandpa Birthday Gift Keepsake,30.83,5076,846,5247,Shop425Studio,"apparel,custom,personalized gift,fabric",https://www.etsy.com/listing/293450646,tshirt
Unique Personalized Custom Printed T-Shirt - Free Shipping,33.78,648,108,321,Shop460Studio,"custom,gift for him,handmade,apparel",https://www.etsy.com/listing/714705293,tshirt
Personalized Personalized fabric t-shirt gift Christmas Gift Gift 2026,32.59,2412,402,1898,Shop151Studio,"custom,gift for her,gift for him,keepsake",https://www.etsy.com/listing/385692294,tshirt
Custom Custom Printed T-Shirt For Best Friend,29.47,798,133,556,Shop327Studio,"gift for him,keepsake,apparel,personalized gift",https://www.etsy.com/listing/665876000,tshirt
Custom Custom Printed T-Shirt | Best Gift Idea,29.18,528,88,483,Shop221Studio,"gift for her,apparel,keepsake,handmade",https://www.etsy.com/listing/481357314,tshirt
Custom Fabric T-Shirt For Sister Housewarming Gift,18.5,840,140,548,Shop621Studio,"apparel,keepsake,personalized gift,handmade",https://www.etsy.com/listing/976980863,tshirt
Personalized Custom fabric t-shirt For Best Friend Wedding Gift - Free Shipping,37.64,4782,797,1813,Shop849Studio,"personalized gift,apparel,gift for her,handmade",https://www.etsy.com/listing/561089557,tshirt
Unique Personalized Custom Printed T-Shirt For Boss,33.84,2694,449,2046,Shop593Studio,"personalized gift,apparel,custom,handmade",https://www.etsy.com/listing/995592280,tshirt
Custom fabric t-shirt,42.3,1566,261,1193,Shop645Studio,"gift for him,fabric,gift for her,keepsake",https://www.etsy.com/listing/893083185,tshirt
Handmade Custom Custom Printed T-Shirt Wedding Gift | Best Gift Idea,26.63,3954,659,4860,Shop464Studio,"fabric,custom,gift for him,apparel",https://www.etsy.com/listing/460510666,tshirt
Handmade Fabric T-Shirt For Dad Birthday Gift,29.8,2988,498,2361,Shop665Studio,"gift for him,custom,handmade,personalized gift",https://www.etsy.com/listing/557149117,tshirt
Personalized Custom fabric t-shirt Birthday Gift,23.42,4140,690,3567,Shop927Studio,"gift for him,personalized gift,custom,fabric",https://www.etsy.com/listing/303425461,tshirt
Handmade Custom fabric t-shirt For Grandma Gift 2026,21.23,276,46,334,Shop737Studio,"gift for her,apparel,handmade,fabric",https://www.etsy.com/listing/964873621,tshirt
Custom Fabric T-Shirt For Mom | Best Gift Idea,30.1,1296,216,871,Shop793Studio,"gift for him,fabric,custom,apparel",https://www.etsy.com/listing/659943052,tshirt
Personalized Personalized fabric t-shirt gift For Grandma | Best Gift Idea,32.26,846,141,603,Shop391Studio,"apparel,personalized gift,keepsake,custom",https://www.etsy.com/listing/864785623,tshirt
Personalized Custom Printed T-Shirt For Best Friend - Free Shipping,22.04,672,112,858,Shop976Studio,"fabric,apparel,gift for her,handmade",https://www.etsy.com/listing/542994144,tshirt
Personalized Personalized fabric t-shirt gift Graduation Gift Gift 2026,32.43,1452,242,1431,Shop444Studio,"keepsake,gift for him,custom,personalized gift",https://www.etsy.com/listing/758488667,tshirt
Personalized Custom Printed T-Shirt For Boss Gift 2026,18.47,1224,204,835,Shop551Studio,"fabric,apparel,keepsake,handmade",https://www.etsy.com/listing/546620871,tshirt
Unique Personalized Custom Printed T-Shirt For Mom - Free Shipping,30.67,1524,254,1128,Shop178Studio,"gift for him,custom,keepsake,fabric",https://www.etsy.com/listing/203149244,tshirt
Custom Custom Custom Printed T-Shirt For Dog Mom Gift 2026,31.27,1476,246,805,Shop303Studio,"gift for him,handmade,custom,apparel",https://www.etsy.com/listing/316011961,tshirt
Unique Custom fabric t-shirt Keepsake,38.3,3054,509,1718,Shop179Studio,"gift for her,apparel,handmade,keepsake",https://www.etsy.com/listing/556034642,tshirt
Unique Personalized Custom Printed T-Shirt For Best Friend Keepsake,34.58,1404,234,1241,Shop356Studio,"fabric,personalized gift,apparel,handmade",https://www.etsy.com/listing/789074463,tshirt
Personalized Personalized Custom Printed T-Shirt Keepsake,39.6,3498,583,4226,Shop557Studio,"fabric,custom,handmade,keepsake",https://www.etsy.com/listing/460075519,tshirt
Custom Custom fabric t-shirt For Dog Mom Housewarming Gift,47.0,462,77,155,Shop855Studio,"fabric,apparel,gift for her,custom",https://www.etsy.com/listing/173742488,tshirt
Custom Personalized Custom Printed T-Shirt - Free Shipping,25.48,1716,286,2267,Shop383Studio,"custom,personalized gift,keepsake,gift for him",https://www.etsy.com/listing/920426765,tshirt
Personalized Personalized Custom Printed T-Shirt For Dog Mom,38.0,12006,2001,4717,Shop811Studio,"gift for her,fabric,gift for him,custom",https://www.etsy.com/listing/468944356,tshirt
Unique Fabric T-Shirt | Best Gift Idea,29.41,4398,733,5193,Shop108Studio,"fabric,custom,keepsake,gift for her",https://www.etsy.com/listing/214893207,tshirt
Handmade Fabric T-Shirt Father's Day Gift Keepsake,31.97,3162,527,2771,Shop919Studio,"custom,keepsake,gift for him,personalized gift",https://www.etsy.com/listing/184716443,tshirt
Unique Custom fabric t-shirt Birthday Gift Keepsake,36.36,3492,582,3032,Shop292Studio,"gift for him,custom,keepsake,gift for her",https://www.etsy.com/listing/315787450,tshirt
Custom Personalized fabric t-shirt gift For Grandpa Father's Day Gift,35.13,3606,601,4161,Shop276Studio,"gift for him,custom,fabric,keepsake",https://www.etsy.com/listing/279042531,tshirt
Custom Custom fabric t-shirt For Couple Keepsake,39.11,1830,305,2363,Shop932Studio,"fabric,apparel,custom,personalized gift",https://www.etsy.com/listing/828135317,tshirt
Personalized Custom Custom Printed T-Shirt For Sister,46.03,1902,317,2460,Shop643Studio,"fabric,keepsake,handmade,custom",https://www.etsy.com/listing/387650554,tshirt
Personalized Personalized fabric t-shirt gift For Best Friend,30.58,612,102,453,Shop666Studio,"gift for him,apparel,fabric,personalized gift",https://www.etsy.com/listing/161569251,tshirt
Custom Custom Printed T-Shirt Wedding Gift,33.78,3678,613,1639,Shop442Studio,"personalized gift,gift for him,handmade,gift for her",https://www.etsy.com/listing/752096148,tshirt
Unique Custom Custom Printed T-Shirt Mother's Day Gift,36.21,768,128,361,Shop345Studio,"gift for him,apparel,handmade,gift for her",https://www.etsy.com/listing/189432400,tshirt
Fabric T-Shirt,31.26,2532,422,3324,Shop173Studio,"gift for him,custom,apparel,personalized gift",https://www.etsy.com/listing/147122777,tshirt
Handmade Custom Custom Printed T-Shirt For Boss Father's Day Gift Keepsake,27.93,900,150,870,Shop934Studio,"handmade,keepsake,apparel,personalized gift",https://www.etsy.com/listing/331839669,tshirt
Personalized Custom Printed T-Shirt Gift 2026,23.81,624,104,296,Shop688Studio,"handmade,fabric,personalized gift,custom",https://www.etsy.com/listing/167381224,tshirt
Custom fabric t-shirt Gift 2026,39.21,906,151,1197,Shop667Studio,"keepsake,apparel,personalized gift,custom",https://www.etsy.com/listing/992060740,tshirt
Personalized Custom fabric t-shirt Gift 2026,38.13,1524,254,1901,Shop235Studio,"personalized gift,handmade,fabric,apparel",https://www.etsy.com/listing/776533071,tshirt
Personalized fabric t-shirt gift For Sister Valentine's Day Gift | Best Gift Idea,32.91,2394,399,1132,Shop562Studio,"handmade,fabric,apparel,custom",https://www.etsy.com/listing/955231437,tshirt
Unique Personalized fabric t-shirt gift For Grandma Anniversary Gift,29.09,1152,192,460,Shop968Studio,"fabric,gift for her,gift for him,custom",https://www.etsy.com/listing/848392272,tshirt
Unique Personalized Custom Printed T-Shirt For Grandma Christmas Gift Keepsake,35.86,2784,464,1014,Shop139Studio,"gift for him,gift for her,custom,fabric",https://www.etsy.com/listing/514986338,tshirt
Personalized fabric t-shirt gift Housewarming Gift - Free Shipping,25.57,7596,1266,8456,Shop442Studio,"gift for her,handmade,fabric,custom",https://www.etsy.com/listing/938240745,tshirt
Handmade Custom Printed T-Shirt For Dad Gift 2026,34.66,462,77,500,Shop171Studio,"personalized gift,gift for her,gift for him,custom",https://www.etsy.com/listing/677148362,tshirt
Personalized Personalized fabric t-shirt gift For Best Friend Anniversary Gift,27.74,252,42,281,Shop521Studio,"gift for her,fabric,handmade,keepsake",https://www.etsy.com/listing/358468401,tshirt
Custom fabric t-shirt For Grandma Birthday Gift Keepsake,18.87,906,151,781,Shop881Studio,"gift for her,apparel,gift for him,keepsake",https://www.etsy.com/listing/784729925,tshirt
Custom Custom fabric t-shirt For Mom - Free Shipping,27.7,1584,264,787,Shop339Studio,"apparel,fabric,custom,personalized gift",https://www.etsy.com/listing/462857334,tshirt
Unique Custom Custom Printed T-Shirt For Mom Father's Day Gift Gift 2026,32.93,3750,625,1629,Shop467Studio,"apparel,gift for her,keepsake,personalized gift",https://www.etsy.com/listing/230334589,tshirt
Personalized Custom Custom Printed T-Shirt Anniversary Gift Keepsake,20.89,150,25,186,Shop877Studio,"personalized gift,fabric,custom,handmade",https://www.etsy.com/listing/341130890,tshirt
Personalized Fabric T-Shirt Valentine's Day Gift Gift 2026,26.63,1506,251,1255,Shop424Studio,"gift for her,fabric,custom,gift for him",https://www.etsy.com/listing/473840077,tshirt
Custom fabric t-shirt For Grandma,36.68,462,77,473,Shop500Studio,"handmade,fabric,keepsake,gift for him",https://www.etsy.com/listing/142607227,tshirt
Handmade Personalized fabric t-shirt gift | Best Gift Idea,30.57,276,46,204,Shop328Studio,"fabric,apparel,personalized gift,custom",https://www.etsy.com/listing/969333423,tshirt
Custom fabric t-shirt Wedding Gift | Best Gift Idea,36.22,4608,768,5260,Shop527Studio,"handmade,personalized gift,fabric,apparel",https://www.etsy.com/listing/272309539,tshirt
Custom Custom fabric t-shirt Memorial Gift | Best Gift Idea,34.78,7662,1277,8499,Shop254Studio,"keepsake,personalized gift,handmade,custom",https://www.etsy.com/listing/469676363,tshirt
Unique Custom Printed T-Shirt For Mom Wedding Gift | Best Gift Idea,36.69,546,91,506,Shop570Studio,"fabric,personalized gift,apparel,gift for him",https://www.etsy.com/listing/375835071,tshirt
Personalized Custom Printed T-Shirt Wedding Gift - Free Shipping,31.01,3444,574,3009,Shop967Studio,"gift for her,personalized gift,keepsake,custom",https://www.etsy.com/listing/911738950,tshirt
Fabric T-Shirt For Mom,30.54,576,96,739,Shop384Studio,"custom,gift for him,apparel,gift for her",https://www.etsy.com/listing/465687227,tshirt
Personalized Custom Printed T-Shirt Father's Day Gift Keepsake,25.07,6900,1150,8533,Shop851Studio,"keepsake,custom,gift for him,personalized gift",https://www.etsy.com/listing/191682762,tshirt
Personalized fabric t-shirt gift For Teacher Memorial Gift Keepsake,47.09,8592,1432,9767,Shop508Studio,"gift for her,custom,handmade,apparel",https://www.etsy.com/listing/114102844,tshirt
Custom Personalized Custom Printed T-Shirt For Dad Gift 2026,34.33,444,74,161,Shop383Studio,"personalized gift,fabric,custom,keepsake",https://www.etsy.com/listing/743347949,tshirt
Custom Personalized fabric t-shirt gift Keepsake,23.73,1782,297,1562,Shop601Studio,"gift for him,handmade,personalized gift,keepsake",https://www.etsy.com/listing/864398112,tshirt
Personalized fabric t-shirt gift For Mom,27.19,834,139,967,Shop291Studio,"gift for him,apparel,fabric,custom",https://www.etsy.com/listing/276845417,tshirt
Custom Custom Printed T-Shirt,32.84,330,55,416,Shop968Studio,"custom,personalized gift,keepsake,gift for her",https://www.etsy.com/listing/168507940,tshirt
Custom Personalized Custom Printed T-Shirt For Dad - Free Shipping,31.08,792,132,333,Shop802Studio,"handmade,personalized gift,gift for him,custom",https://www.etsy.com/listing/355632992,tshirt
Personalized fabric t-shirt gift Birthday Gift Gift 2026,36.58,3228,538,1444,Shop940Studio,"handmade,personalized gift,custom,keepsake",https://www.etsy.com/listing/985867827,tshirt
Custom fabric t-shirt Wedding Gift Keepsake,33.97,1134,189,1393,Shop606Studio,"fabric,handmade,apparel,keepsake",https://www.etsy.com/listing/726215877,tshirt
Custom Printed T-Shirt,36.42,5802,967,6069,Shop599Studio,"handmade,keepsake,gift for him,fabric",https://www.etsy.com/listing/776729050,tshirt
Personalized Custom Printed T-Shirt For Couple Keepsake,39.33,1656,276,932,Shop615Studio,"custom,gift for her,apparel,gift for him",https://www.etsy.com/listing/559811051,tshirt
Custom Fabric T-Shirt For Dad Mother's Day Gift Keepsake,36.32,1464,244,1075,Shop393Studio,"apparel,handmade,fabric,personalized gift",https://www.etsy.com/listing/119893427,tshirt
Personalized fabric t-shirt gift For Boss,35.28,1020,170,1165,Shop395Studio,"gift for him,custom,fabric,apparel",https://www.etsy.com/listing/751862874,tshirt
Unique Custom fabric t-shirt | Best Gift Idea,36.47,1554,259,1021,Shop281Studio,"gift for her,custom,apparel,fabric",https://www.etsy.com/listing/725462278,tshirt
Unique Custom Printed T-Shirt - Free Shipping,31.81,672,112,500,Shop304Studio,"gift for her,keepsake,personalized gift,custom",https://www.etsy.com/listing/828296606,tshirt
Unique Fabric T-Shirt For Dog Mom | Best Gift Idea,45.71,1704,284,1276,Shop538Studio,"handmade,gift for her,gift for him,fabric",https://www.etsy.com/listing/683704473,tshirt
Personalized fabric t-shirt gift Father's Day Gift,25.3,1188,198,1578,Shop303Studio,"keepsake,apparel,gift for him,personalized gift",https://www.etsy.com/listing/658872336,tshirt
Custom Printed T-Shirt For Grandpa Valentine's Day Gift - Free Shipping,24.58,192,32,77,Shop118Studio,"personalized gift,handmade,gift for him,fabric",https://www.etsy.com/listing/462471403,tshirt
Personalized Personalized fabric t-shirt gift For Mom,33.45,780,130,817,Shop541Studio,"gift for her,fabric,gift for him,handmade",https://www.etsy.com/listing/717419164,tshirt
Personalized Fabric T-Shirt Gift 2026,22.31,1422,237,1221,Shop392Studio,"gift for her,apparel,handmade,keepsake",https://www.etsy.com/listing/113755249,tshirt
Custom Custom fabric t-shirt For Grandma,27.65,450,75,512,Shop893Studio,"personalized gift,fabric,apparel,gift for him",https://www.etsy.com/listing/201769020,tshirt
Handmade Personalized fabric t-shirt gift Gift 2026,27.53,3294,549,1688,Shop747Studio,"keepsake,gift for him,fabric,gift for her",https://www.etsy.com/listing/426501692,tshirt
Custom Custom Printed T-Shirt Wedding Gift,36.61,2424,404,2825,Shop269Studio,"fabric,handmade,apparel,keepsake",https://www.etsy.com/listing/840896576,tshirt
Personalized Custom Printed T-Shirt For Mom | Best Gift Idea,28.56,9396,1566,9384,Shop777Studio,"apparel,keepsake,custom,fabric",https://www.etsy.com/listing/352718502,tshirt
Fabric T-Shirt | Best Gift Idea,30.64,1920,320,2486,Shop781Studio,"handmade,gift for her,gift for him,fabric",https://www.etsy.com/listing/876107407,tshirt
Unique Fabric T-Shirt Valentine's Day Gift,21.07,2130,355,886,Shop558Studio,"keepsake,gift for her,handmade,fabric",https://www.etsy.com/listing/351923708,tshirt
Fabric T-Shirt | Best Gift Idea,32.96,2376,396,2390,Shop537Studio,"gift for him,custom,handmade,personalized gift",https://www.etsy.com/listing/726082124,tshirt
Unique Personalized fabric t-shirt gift For Best Friend,38.64,888,148,1086,Shop738Studio,"handmade,keepsake,custom,personalized gift",https://www.etsy.com/listing/849057928,tshirt
Custom Fabric T-Shirt | Best Gift Idea,37.63,2838,473,1399,Shop301Studio,"gift for her,personalized gift,gift for him,custom",https://www.etsy.com/listing/359540139,tshirt
Custom Printed T-Shirt Memorial Gift - Free Shipping,31.37,978,163,433,Shop541Studio,"gift for him,fabric,keepsake,handmade",https://www.etsy.com/listing/104351402,tshirt
Custom Custom Printed T-Shirt Wedding Gift,32.97,1656,276,1290,Shop339Studio,"gift for him,custom,gift for her,handmade",https://www.etsy.com/listing/613363787,tshirt
Custom Custom Printed T-Shirt For Grandma Mother's Day Gift Keepsake,29.91,888,148,383,Shop107Studio,"keepsake,custom,handmade,apparel",https://www.etsy.com/listing/302227172,tshirt
Personalized Custom Printed T-Shirt For Teacher,28.62,3426,571,1866,Shop370Studio,"gift for him,handmade,keepsake,fabric",https://www.etsy.com/listing/527905544,tshirt
Personalized Personalized fabric t-shirt gift For Boss | Best Gift Idea,31.15,912,152,553,Shop365Studio,"fabric,handmade,custom,personalized gift",https://www.etsy.com/listing/600190274,tshirt
Handmade Personalized Custom Printed T-Shirt For Grandpa Anniversary Gift Gift 2026,25.55,1476,246,1754,Shop165Studio,"gift for him,custom,personalized gift,keepsake",https://www.etsy.com/listing/394886459,tshirt
Handmade Personalized Custom Printed T-Shirt For Boss Father's Day Gift Keepsake,39.62,324,54,127,Shop304Studio,"personalized gift,custom,fabric,gift for him",https://www.etsy.com/listing/921221487,tshirt
Custom fabric t-shirt,31.19,1404,234,1736,Shop133Studio,"fabric,custom,gift for her,handmade",https://www.etsy.com/listing/186926420,tshirt
Custom Custom Printed T-Shirt Wedding Gift | Best Gift Idea,35.09,8232,1372,4342,Shop717Studio,"keepsake,handmade,personalized gift,gift for her",https://www.etsy.com/listing/889664578,tshirt
Handmade Fabric T-Shirt,24.82,384,64,326,Shop276Studio,"gift for her,fabric,gift for him,apparel",https://www.etsy.com/listing/477278421,tshirt
Personalized Personalized fabric t-shirt gift For Grandpa,34.26,3438,573,4424,Shop221Studio,"personalized gift,handmade,fabric,gift for him",https://www.etsy.com/listing/557218712,tshirt
Handmade Custom fabric t-shirt For Couple Keepsake,37.63,306,51,319,Shop963Studio,"fabric,apparel,keepsake,handmade",https://www.etsy.com/listing/801554187,tshirt
Personalized Custom Printed T-Shirt For Dog Mom Graduation Gift - Free Shipping,31.67,2268,378,2392,Shop201Studio,"apparel,custom,fabric,gift for him",https://www.etsy.com/listing/148679085,tshirt
Personalized Custom Printed T-Shirt For Couple Anniversary Gift,24.19,1434,239,979,Shop658Studio,"gift for him,handmade,gift for her,custom",https://www.etsy.com/listing/717641969,tshirt
Handmade Custom Custom Printed T-Shirt For Dog Mom | Best Gift Idea,34.44,150,25,112,Shop374Studio,"keepsake,gift for him,custom,handmade",https://www.etsy.com/listing/411840772,tshirt
Handmade Custom fabric t-shirt For Mom,26.7,510,85,281,Shop458Studio,"keepsake,gift for him,gift for her,apparel",https://www.etsy.com/listing/409483393,tshirt
Unique Fabric T-Shirt,38.5,378,63,134,Shop221Studio,"personalized gift,fabric,gift for her,handmade",https://www.etsy.com/listing/915633404,tshirt
Custom fabric t-shirt For Dad,31.9,318,53,222,Shop285Studio,"gift for her,fabric,handmade,keepsake",https://www.etsy.com/listing/130011685,tshirt
Custom fabric t-shirt For Dog Mom,33.01,156,26,70,Shop334Studio,"gift for her,personalized gift,gift for him,apparel",https://www.etsy.com/listing/845813519,tshirt
Handmade Personalized fabric t-shirt gift For Grandma | Best Gift Idea,31.11,1752,292,2203,Shop747Studio,"gift for him,gift for her,fabric,handmade",https://www.etsy.com/listing/109877028,tshirt
Handmade Fabric T-Shirt For Teacher Mother's Day Gift,21.73,768,128,1001,Shop791Studio,"keepsake,gift for her,gift for him,handmade",https://www.etsy.com/listing/250594697,tshirt
Personalized Personalized fabric t-shirt gift For Best Friend Christmas Gift,30.75,588,98,705,Shop645Studio,"apparel,custom,gift for him,fabric",https://www.etsy.com/listing/621171763,tshirt
Custom Custom Printed T-Shirt For Mom Gift 2026,25.52,2910,485,2443,Shop890Studio,"handmade,gift for him,fabric,custom",https://www.etsy.com/listing/793026819,tshirt
Unique Custom fabric t-shirt - Free Shipping,33.75,492,82,467,Shop101Studio,"custom,fabric,keepsake,gift for him",https://www.etsy.com/listing/192113455,tshirt
Custom Fabric T-Shirt Gift 2026,28.18,1794,299,764,Shop231Studio,"handmade,custom,personalized gift,gift for her",https://www.etsy.com/listing/544248876,tshirt
Custom Fabric T-Shirt For Grandpa Mother's Day Gift,27.18,456,76,386,Shop871Studio,"gift for her,gift for him,personalized gift,handmade",https://www.etsy.com/listing/398524013,tshirt
Custom Custom Printed T-Shirt Gift 2026,37.32,846,141,1116,Shop854Studio,"handmade,apparel,gift for him,custom",https://www.etsy.com/listing/867839370,tshirt
Personalized Fabric T-Shirt,26.48,1056,176,960,Shop134Studio,"gift for him,apparel,keepsake,personalized gift",https://www.etsy.com/listing/793012162,tshirt
Handmade Custom Printed T-Shirt Graduation Gift Keepsake,40.36,5388,898,3621,Shop582Studio,"apparel,handmade,custom,gift for her",https://www.etsy.com/listing/522123460,tshirt
Unique Personalized fabric t-shirt gift For Teacher Gift 2026,33.23,1764,294,1490,Shop975Studio,"personalized gift,gift for her,keepsake,fabric",https://www.etsy.com/listing/795471372,tshirt
Custom Printed T-Shirt For Grandpa Gift 2026,27.15,5538,923,3023,Shop165Studio,"gift for her,apparel,personalized gift,fabric",https://www.etsy.com/listing/413446003,tshirt
Custom Custom Custom Printed T-Shirt Housewarming Gift - Free Shipping,37.82,5598,933,2177,Shop548Studio,"apparel,custom,handmade,fabric",https://www.etsy.com/listing/149442000,tshirt
Unique Custom Custom Printed T-Shirt For Grandpa Christmas Gift - Free Shipping,28.6,240,40,95,Shop706Studio,"fabric,keepsake,personalized gift,gift for her",https://www.etsy.com/listing/294545774,tshirt
Personalized Personalized Custom Printed T-Shirt For Grandma | Best Gift Idea,26.4,810,135,818,Shop536Studio,"keepsake,apparel,gift for her,gift for him",https://www.etsy.com/listing/383314790,tshirt
Unique Custom Custom Hoodie Memorial Gift,40.73,78,13,57,Shop843Studio,"handmade,keepsake,gift for her,gift for him",https://www.etsy.com/listing/442184579,hoodie
Fabric Hoodie For Boss,35.73,1230,205,1148,Shop261Studio,"keepsake,gift for her,handmade,apparel",https://www.etsy.com/listing/656668292,hoodie
Handmade Personalized fabric hoodie gift For Boss Memorial Gift | Best Gift Idea,38.4,3150,525,2268,Shop708Studio,"gift for him,handmade,custom,keepsake",https://www.etsy.com/listing/730797815,hoodie
Custom fabric hoodie For Grandma - Free Shipping,36.23,96,16,48,Shop681Studio,"gift for him,handmade,fabric,personalized gift",https://www.etsy.com/listing/980764718,hoodie
Personalized Custom Hoodie For Couple Keepsake,32.53,1332,222,848,Shop502Studio,"personalized gift,gift for him,gift for her,keepsake",https://www.etsy.com/listing/447232353,hoodie
Handmade Fabric Hoodie For Dad,23.88,222,37,153,Shop978Studio,"custom,handmade,apparel,gift for him",https://www.etsy.com/listing/673058329,hoodie
Fabric Hoodie For Sister | Best Gift Idea,40.54,1152,192,1248,Shop264Studio,"personalized gift,keepsake,custom,gift for him",https://www.etsy.com/listing/556724552,hoodie
Unique Fabric Hoodie Gift 2026,24.21,48,8,60,Shop540Studio,"apparel,personalized gift,handmade,custom",https://www.etsy.com/listing/805607388,hoodie
Custom Custom Hoodie For Mom Gift 2026,31.41,414,69,404,Shop783Studio,"gift for her,personalized gift,handmade,fabric",https://www.etsy.com/listing/270237476,hoodie
Custom Personalized Custom Hoodie For Grandpa Gift 2026,35.66,414,69,449,Shop359Studio,"gift for him,gift for her,personalized gift,custom",https://www.etsy.com/listing/849994973,hoodie
Handmade Custom Hoodie Graduation Gift,31.31,1014,169,1302,Shop411Studio,"apparel,custom,gift for her,handmade",https://www.etsy.com/listing/983335033,hoodie
Unique Personalized Custom Hoodie For Boss Valentine's Day Gift - Free Shipping,29.4,30,5,16,Shop104Studio,"keepsake,gift for her,fabric,personalized gift",https://www.etsy.com/listing/944685859,hoodie
Custom fabric hoodie - Free Shipping,42.93,276,46,262,Shop634Studio,"personalized gift,custom,keepsake,gift for him",https://www.etsy.com/listing/995956522,hoodie
Custom Personalized Custom Hoodie For Grandma,25.87,1068,178,460,Shop135Studio,"apparel,personalized gift,gift for him,custom",https://www.etsy.com/listing/206079477,hoodie
Personalized Fabric Hoodie For Dog Mom | Best Gift Idea,38.66,156,26,192,Shop980Studio,"keepsake,fabric,gift for her,apparel",https://www.etsy.com/listing/505965851,hoodie
Custom fabric hoodie For Boss Christmas Gift,26.96,732,122,374,Shop130Studio,"handmade,keepsake,gift for him,gift for her",https://www.etsy.com/listing/767396975,hoodie
Personalized Custom fabric hoodie Christmas Gift,33.51,96,16,104,Shop910Studio,"handmade,fabric,gift for him,personalized gift",https://www.etsy.com/listing/390992538,hoodie
Handmade Personalized fabric hoodie gift For Boss,30.74,174,29,169,Shop763Studio,"personalized gift,handmade,gift for him,keepsake",https://www.etsy.com/listing/613855141,hoodie
Custom Custom Hoodie For Teacher,29.24,108,18,93,Shop283Studio,"apparel,gift for him,handmade,gift for her",https://www.etsy.com/listing/766695478,hoodie
Unique Personalized Custom Hoodie For Grandpa,32.81,426,71,391,Shop298Studio,"custom,fabric,handmade,apparel",https://www.etsy.com/listing/729863164,hoodie
Handmade Custom Custom Hoodie For Teacher Housewarming Gift - Free Shipping,39.68,564,94,533,Shop942Studio,"gift for him,apparel,personalized gift,gift for her",https://www.etsy.com/listing/339046456,hoodie
Handmade Personalized fabric hoodie gift For Dad Valentine's Day Gift Gift 2026,37.11,252,42,210,Shop397Studio,"gift for him,custom,personalized gift,apparel",https://www.etsy.com/listing/395921660,hoodie
Unique Custom Custom Hoodie For Dad Christmas Gift Keepsake,26.92,108,18,47,Shop812Studio,"gift for him,apparel,gift for her,handmade",https://www.etsy.com/listing/751446716,hoodie
Unique Custom Hoodie For Dog Mom,40.74,126,21,46,Shop837Studio,"handmade,gift for him,keepsake,custom",https://www.etsy.com/listing/985829774,hoodie
Handmade Fabric Hoodie For Couple Christmas Gift Gift 2026,26.69,636,106,497,Shop506Studio,"apparel,handmade,gift for him,fabric",https://www.etsy.com/listing/411277453,hoodie
Custom Custom Hoodie For Boss Valentine's Day Gift | Best Gift Idea,35.44,552,92,579,Shop681Studio,"custom,apparel,gift for him,gift for her",https://www.etsy.com/listing/986400084,hoodie
Custom Custom Custom Hoodie Wedding Gift - Free Shipping,32.48,1116,186,1206,Shop441Studio,"keepsake,handmade,fabric,personalized gift",https://www.etsy.com/listing/244675745,hoodie
Unique Personalized fabric hoodie gift For Mom Father's Day Gift,37.2,804,134,1018,Shop357Studio,"custom,keepsake,handmade,fabric",https://www.etsy.com/listing/669056982,hoodie
Unique Custom fabric hoodie Christmas Gift | Best Gift Idea,37.8,432,72,306,Shop417Studio,"custom,apparel,personalized gift,fabric",https://www.etsy.com/listing/234530629,hoodie
Unique Personalized fabric hoodie gift For Best Friend Keepsake,42.64,372,62,212,Shop229Studio,"fabric,gift for her,gift for him,personalized gift",https://www.etsy.com/listing/904236449,hoodie
Custom Custom fabric hoodie For Sister,25.6,396,66,363,Shop301Studio,"handmade,personalized gift,custom,keepsake",https://www.etsy.com/listing/258312760,hoodie
Unique Custom fabric hoodie,29.11,162,27,203,Shop289Studio,"personalized gift,apparel,keepsake,handmade",https://www.etsy.com/listing/754534857,hoodie
Handmade Custom Hoodie For Grandpa Memorial Gift - Free Shipping,35.69,114,19,85,Shop879Studio,"handmade,fabric,personalized gift,gift for her",https://www.etsy.com/listing/131746366,hoodie
Custom Custom Hoodie Birthday Gift Gift 2026,33.67,228,38,171,Shop766Studio,"personalized gift,gift for her,handmade,keepsake",https://www.etsy.com/listing/309731994,hoodie
Personalized Personalized Custom Hoodie For Couple | Best Gift Idea,36.47,294,49,341,Shop892Studio,"fabric,gift for her,gift for him,custom",https://www.etsy.com/listing/535824200,hoodie
Personalized Custom Hoodie,19.69,642,107,472,Shop624Studio,"gift for him,fabric,personalized gift,gift for her",https://www.etsy.com/listing/369243916,hoodie
Personalized Custom Hoodie | Best Gift Idea,37.55,234,39,211,Shop655Studio,"apparel,custom,gift for her,gift for him",https://www.etsy.com/listing/721133381,hoodie
Custom fabric hoodie,24.3,144,24,166,Shop461Studio,"custom,gift for him,fabric,gift for her",https://www.etsy.com/listing/447711791,hoodie
Personalized Personalized Canvas Tote Bag For Sister | Best Gift Idea,33.08,4548,758,2537,Shop818Studio,"handmade,accessories,custom,personalized gift",https://www.etsy.com/listing/665920386,tote-bag
Custom Personalized canvas bag gift For Boss Birthday Gift | Best Gift Idea,33.4,930,155,538,Shop444Studio,"gift for her,accessories,gift for him,handmade",https://www.etsy.com/listing/983960107,tote-bag
Personalized Canvas Tote Bag For Dad Keepsake,45.27,438,73,174,Shop898Studio,"gift for him,accessories,canvas,gift for her",https://www.etsy.com/listing/754805949,tote-bag
Unique Custom canvas bag For Grandpa Keepsake,25.15,3462,577,1574,Shop266Studio,"canvas,personalized gift,handmade,gift for him",https://www.etsy.com/listing/692084142,tote-bag
Personalized Canvas Tote Bag For Grandpa - Free Shipping,34.22,3102,517,3457,Shop179Studio,"personalized gift,handmade,gift for her,custom",https://www.etsy.com/listing/873266521,tote-bag
Personalized Canvas Tote Bag For Sister,34.56,2874,479,2470,Shop959Studio,"canvas,keepsake,personalized gift,custom",https://www.etsy.com/listing/660234420,tote-bag
Unique Canvas Tote Bag Father's Day Gift Keepsake,28.21,11148,1858,4128,Shop151Studio,"accessories,custom,personalized gift,canvas",https://www.etsy.com/listing/951635781,tote-bag
Custom canvas bag For Dad Graduation Gift - Free Shipping,40.42,2766,461,3208,Shop153Studio,"gift for her,keepsake,personalized gift,canvas",https://www.etsy.com/listing/557566105,tote-bag
Handmade Personalized Canvas Tote Bag For Sister Gift 2026,52.63,1110,185,1055,Shop559Studio,"canvas,personalized gift,gift for her,keepsake",https://www.etsy.com/listing/146885547,tote-bag
Handmade Personalized canvas bag gift - Free Shipping,34.7,2694,449,958,Shop223Studio,"gift for him,handmade,gift for her,custom",https://www.etsy.com/listing/793500955,tote-bag
Personalized Personalized Canvas Tote Bag For Best Friend Mother's Day Gift Keepsake,36.92,14142,2357,11415,Shop818Studio,"personalized gift,gift for her,custom,canvas",https://www.etsy.com/listing/865111723,tote-bag
Personalized canvas bag gift Gift 2026,26.02,2748,458,2878,Shop638Studio,"personalized gift,handmade,gift for him,canvas",https://www.etsy.com/listing/342083775,tote-bag
Unique Personalized Canvas Tote Bag For Boss,32.65,1464,244,1697,Shop970Studio,"keepsake,handmade,gift for him,gift for her",https://www.etsy.com/listing/250961504,tote-bag
Unique Custom canvas bag For Best Friend Housewarming Gift - Free Shipping,29.84,3432,572,4490,Shop595Studio,"handmade,accessories,custom,gift for her",https://www.etsy.com/listing/623465382,tote-bag
Personalized Custom Canvas Tote Bag Mother's Day Gift Keepsake,42.26,1698,283,930,Shop571Studio,"gift for her,keepsake,canvas,accessories",https://www.etsy.com/listing/108115157,tote-bag
Custom Personalized canvas bag gift Memorial Gift,26.41,816,136,429,Shop539Studio,"gift for him,canvas,gift for her,handmade",https://www.etsy.com/listing/355166277,tote-bag
Personalized Canvas Tote Bag Gift 2026,33.48,978,163,776,Shop715Studio,"accessories,gift for her,gift for him,custom",https://www.etsy.com/listing/860435062,tote-bag
Personalized Canvas Tote Bag For Grandma Keepsake,33.43,996,166,653,Shop748Studio,"gift for her,personalized gift,handmade,custom",https://www.etsy.com/listing/915531928,tote-bag
Canvas Bag For Grandpa Father's Day Gift Keepsake,44.77,1680,280,1391,Shop485Studio,"custom,gift for her,canvas,keepsake",https://www.etsy.com/listing/186826716,tote-bag
Custom Canvas Tote Bag Keepsake,31.64,2706,451,2907,Shop250Studio,"gift for him,personalized gift,gift for her,custom",https://www.etsy.com/listing/845900544,tote-bag
Custom Canvas Bag Gift 2026,29.97,696,116,686,Shop224Studio,"gift for him,keepsake,accessories,custom",https://www.etsy.com/listing/531398224,tote-bag
Handmade Custom canvas bag For Best Friend Christmas Gift - Free Shipping,35.05,4020,670,1875,Shop713Studio,"accessories,personalized gift,custom,canvas",https://www.etsy.com/listing/728018912,tote-bag
Personalized canvas bag gift For Sister Birthday Gift Gift 2026,55.78,3960,660,3476,Shop129Studio,"keepsake,accessories,gift for him,custom",https://www.etsy.com/listing/927319263,tote-bag
Personalized Canvas Bag,34.94,3138,523,3873,Shop672Studio,"gift for her,accessories,personalized gift,handmade",https://www.etsy.com/listing/334826766,tote-bag
Personalized canvas bag gift - Free Shipping,34.03,2604,434,1742,Shop885Studio,"custom,accessories,keepsake,personalized gift",https://www.etsy.com/listing/888456404,tote-bag
Personalized Canvas Tote Bag For Mom | Best Gift Idea,39.32,708,118,254,Shop982Studio,"handmade,gift for him,canvas,keepsake",https://www.etsy.com/listing/575521345,tote-bag
Handmade Custom Canvas Tote Bag For Teacher | Best Gift Idea,29.69,828,138,363,Shop358Studio,"canvas,handmade,gift for him,gift for her",https://www.etsy.com/listing/999351752,tote-bag
Custom Canvas Tote Bag,36.17,7224,1204,6233,Shop157Studio,"canvas,gift for her,accessories,gift for him",https://www.etsy.com/listing/947100003,tote-bag
Custom Custom canvas bag Keepsake,47.68,5190,865,5243,Shop801Studio,"personalized gift,keepsake,accessories,gift for her",https://www.etsy.com/listing/318460619,tote-bag
Unique Canvas Tote Bag Keepsake,35.36,786,131,810,Shop967Studio,"gift for her,canvas,accessories,handmade",https://www.etsy.com/listing/578337332,tote-bag
Handmade Custom Canvas Tote Bag - Free Shipping,26.37,1428,238,1546,Shop636Studio,"handmade,custom,accessories,keepsake",https://www.etsy.com/listing/401839705,tote-bag
Unique Canvas Tote Bag For Grandma | Best Gift Idea,33.97,630,105,398,Shop673Studio,"accessories,gift for her,handmade,keepsake",https://www.etsy.com/listing/246852827,tote-bag
Handmade Custom Canvas Tote Bag Keepsake,32.94,2994,499,2824,Shop640Studio,"accessories,custom,personalized gift,gift for him",https://www.etsy.com/listing/370758023,tote-bag
Personalized Personalized canvas bag gift | Best Gift Idea,37.55,804,134,892,Shop512Studio,"canvas,accessories,personalized gift,handmade",https://www.etsy.com/listing/219865770,tote-bag
Custom Canvas Tote Bag For Mom Wedding Gift,39.3,1578,263,1182,Shop791Studio,"accessories,keepsake,handmade,custom",https://www.etsy.com/listing/853158396,tote-bag
Personalized Personalized Canvas Tote Bag Housewarming Gift - Free Shipping,43.29,3846,641,4257,Shop689Studio,"accessories,personalized gift,custom,keepsake",https://www.etsy.com/listing/260808104,tote-bag
Personalized canvas bag gift For Dad Valentine's Day Gift | Best Gift Idea,34.23,5514,919,4744,Shop271Studio,"canvas,keepsake,gift for him,custom",https://www.etsy.com/listing/645822387,tote-bag
Custom Canvas Tote Bag - Free Shipping,17.86,3210,535,3950,Shop321Studio,"accessories,gift for him,canvas,handmade",https://www.etsy.com/listing/985541731,tote-bag
Unique Canvas Bag For Mom,35.23,912,152,1034,Shop584Studio,"gift for her,gift for him,keepsake,canvas",https://www.etsy.com/listing/801650045,tote-bag
Personalized Canvas Bag,27.07,606,101,577,Shop616Studio,"personalized gift,gift for him,canvas,custom",https://www.etsy.com/listing/633472561,tote-bag
Personalized Custom Canvas Tote Bag Gift 2026,29.79,1980,330,1363,Shop751Studio,"personalized gift,handmade,custom,accessories",https://www.etsy.com/listing/316687912,tote-bag
Custom Canvas Tote Bag Keepsake,50.85,9654,1609,9307,Shop197Studio,"canvas,accessories,keepsake,gift for her",https://www.etsy.com/listing/968855148,tote-bag
Personalized canvas bag gift For Grandma | Best Gift Idea,30.09,762,127,768,Shop998Studio,"gift for him,handmade,gift for her,personalized gift",https://www.etsy.com/listing/738601677,tote-bag
Custom Canvas Tote Bag For Sister,50.22,468,78,590,Shop352Studio,"personalized gift,handmade,canvas,accessories",https://www.etsy.com/listing/643418931,tote-bag
Custom Canvas Tote Bag Gift 2026,26.13,2322,387,1813,Shop732Studio,"handmade,canvas,custom,accessories",https://www.etsy.com/listing/392946825,tote-bag
Custom Custom canvas bag Graduation Gift Keepsake,32.56,2016,336,2047,Shop357Studio,"gift for him,keepsake,custom,personalized gift",https://www.etsy.com/listing/135668543,tote-bag
Custom Canvas Tote Bag For Dog Mom Christmas Gift - Free Shipping,27.18,9228,1538,4222,Shop808Studio,"accessories,handmade,custom,keepsake",https://www.etsy.com/listing/348852082,tote-bag
Unique Personalized canvas bag gift For Dad,24.49,8952,1492,6570,Shop739Studio,"custom,gift for her,personalized gift,keepsake",https://www.etsy.com/listing/764515917,tote-bag
Unique Custom Canvas Tote Bag Wedding Gift,49.7,6876,1146,4512,Shop695Studio,"gift for him,accessories,personalized gift,gift for her",https://www.etsy.com/listing/139273865,tote-bag
Unique Personalized canvas bag gift For Grandma | Best Gift Idea,34.94,666,111,232,Shop180Studio,"handmade,keepsake,custom,personalized gift",https://www.etsy.com/listing/681120439,tote-bag
Personalized Personalized Canvas Tote Bag,38.4,456,76,154,Shop786Studio,"canvas,custom,keepsake,handmade",https://www.etsy.com/listing/209048273,tote-bag
Handmade Custom Canvas Tote Bag For Sister Graduation Gift - Free Shipping,34.59,726,121,659,Shop555Studio,"gift for her,accessories,canvas,personalized gift",https://www.etsy.com/listing/128538370,tote-bag
Unique Canvas Bag For Best Friend - Free Shipping,37.38,2778,463,2226,Shop895Studio,"accessories,custom,keepsake,handmade",https://www.etsy.com/listing/622498644,tote-bag
Personalized canvas bag gift - Free Shipping,34.89,1740,290,1531,Shop953Studio,"keepsake,accessories,gift for her,custom",https://www.etsy.com/listing/148628432,tote-bag
Unique Personalized canvas bag gift,37.35,2832,472,1197,Shop156Studio,"personalized gift,custom,handmade,canvas",https://www.etsy.com/listing/263257448,tote-bag
Personalized Canvas Tote Bag For Teacher,29.48,720,120,451,Shop655Studio,"handmade,custom,canvas,accessories",https://www.etsy.com/listing/546329533,tote-bag
Personalized Custom canvas bag Gift 2026,42.69,13926,2321,15690,Shop186Studio,"gift for him,gift for her,handmade,canvas",https://www.etsy.com/listing/506495450,tote-bag
Custom Canvas Tote Bag Graduation Gift,45.66,6180,1030,7509,Shop552Studio,"accessories,canvas,gift for him,keepsake",https://www.etsy.com/listing/697169237,tote-bag
Unique Personalized canvas bag gift - Free Shipping,46.64,348,58,386,Shop334Studio,"gift for him,keepsake,personalized gift,gift for her",https://www.etsy.com/listing/980657219,tote-bag
Personalized canvas bag gift | Best Gift Idea,28.01,1158,193,688,Shop560Studio,"keepsake,canvas,gift for her,personalized gift",https://www.etsy.com/listing/391617167,tote-bag
Personalized Canvas Tote Bag Gift 2026,37.45,5346,891,3977,Shop217Studio,"handmade,gift for her,keepsake,custom",https://www.etsy.com/listing/701179774,tote-bag
Unique Personalized canvas bag gift For Sister Keepsake,24.64,5268,878,5711,Shop684Studio,"accessories,custom,gift for him,gift for her",https://www.etsy.com/listing/471837446,tote-bag
Unique Custom canvas bag For Mom Gift 2026,36.73,738,123,359,Shop841Studio,"gift for him,custom,personalized gift,canvas",https://www.etsy.com/listing/654596274,tote-bag
Custom Canvas Tote Bag For Mom Housewarming Gift | Best Gift Idea,32.28,768,128,601,Shop747Studio,"custom,keepsake,personalized gift,gift for her",https://www.etsy.com/listing/752756770,tote-bag
Custom canvas bag For Boss,25.16,2040,340,2419,Shop445Studio,"canvas,handmade,keepsake,gift for her",https://www.etsy.com/listing/550059600,tote-bag
Canvas Tote Bag Gift 2026,30.33,1584,264,1908,Shop374Studio,"canvas,custom,handmade,personalized gift",https://www.etsy.com/listing/785096930,tote-bag
Unique Personalized canvas bag gift - Free Shipping,45.72,2322,387,2102,Shop248Studio,"keepsake,personalized gift,canvas,gift for him",https://www.etsy.com/listing/900000541,tote-bag
Handmade Canvas Bag For Grandma Housewarming Gift,31.91,5520,920,7173,Shop454Studio,"gift for him,personalized gift,custom,canvas",https://www.etsy.com/listing/629418410,tote-bag
Personalized Personalized Canvas Tote Bag,39.4,546,91,312,Shop295Studio,"accessories,gift for her,canvas,custom",https://www.etsy.com/listing/487370153,tote-bag
Unique Custom Canvas Tote Bag Keepsake,30.49,1896,316,701,Shop423Studio,"gift for her,custom,handmade,personalized gift",https://www.etsy.com/listing/778724036,tote-bag
Custom Custom canvas bag For Grandma Valentine's Day Gift - Free Shipping,30.6,5502,917,6866,Shop971Studio,"gift for him,keepsake,custom,personalized gift",https://www.etsy.com/listing/174460842,tote-bag
Personalized Custom canvas bag Graduation Gift | Best Gift Idea,40.19,3726,621,2108,Shop575Studio,"personalized gift,accessories,handmade,custom",https://www.etsy.com/listing/516192024,tote-bag
Personalized canvas bag gift For Mom Memorial Gift - Free Shipping,33.0,9246,1541,7009,Shop685Studio,"gift for him,canvas,accessories,keepsake",https://www.etsy.com/listing/720580331,tote-bag
Custom Canvas Tote Bag For Sister | Best Gift Idea,33.6,3870,645,4432,Shop144Studio,"gift for her,keepsake,canvas,personalized gift",https://www.etsy.com/listing/117130825,tote-bag
Handmade Custom Canvas Tote Bag For Grandma Birthday Gift - Free Shipping,42.51,618,103,674,Shop782Studio,"keepsake,handmade,personalized gift,gift for him",https://www.etsy.com/listing/516980871,tote-bag
Canvas Tote Bag For Boss,35.49,1020,170,452,Shop247Studio,"canvas,handmade,accessories,gift for him",https://www.etsy.com/listing/629467526,tote-bag
Canvas Bag,30.99,1476,246,805,Shop961Studio,"accessories,handmade,canvas,keepsake",https://www.etsy.com/listing/307442496,tote-bag
Handmade Custom Canvas Tote Bag - Free Shipping,32.71,1710,285,2209,Shop161Studio,"custom,canvas,handmade,gift for her",https://www.etsy.com/listing/340197696,tote-bag
Custom canvas bag For Dad Mother's Day Gift Gift 2026,20.05,1194,199,1019,Shop393Studio,"custom,handmade,personalized gift,accessories",https://www.etsy.com/listing/967995079,tote-bag
Canvas Tote Bag Anniversary Gift - Free Shipping,34.12,3624,604,4751,Shop858Studio,"gift for him,personalized gift,accessories,handmade",https://www.etsy.com/listing/778575158,tote-bag
Custom Canvas Bag For Sister,18.59,4050,675,2074,Shop207Studio,"accessories,gift for her,handmade,personalized gift",https://www.etsy.com/listing/187605153,tote-bag
Personalized Canvas Tote Bag For Teacher - Free Shipping,41.47,4554,759,2805,Shop402Studio,"keepsake,accessories,gift for her,handmade",https://www.etsy.com/listing/455756221,tote-bag
Unique Personalized Canvas Tote Bag For Sister,42.26,960,160,790,Shop344Studio,"canvas,gift for her,gift for him,handmade",https://www.etsy.com/listing/225819905,tote-bag
Custom Custom canvas bag For Teacher - Free Shipping,34.47,510,85,198,Shop890Studio,"accessories,personalized gift,gift for him,custom",https://www.etsy.com/listing/318502348,tote-bag
Handmade Canvas Bag For Dog Mom,27.96,1254,209,1160,Shop752Studio,"gift for him,handmade,accessories,personalized gift",https://www.etsy.com/listing/418752186,tote-bag
Handmade Personalized Canvas Tote Bag Keepsake,50.44,1608,268,1695,Shop320Studio,"keepsake,gift for him,accessories,custom",https://www.etsy.com/listing/802076038,tote-bag
Personalized Custom Canvas Tote Bag Christmas Gift - Free Shipping,40.04,3720,620,4153,Shop825Studio,"canvas,handmade,personalized gift,keepsake",https://www.etsy.com/listing/692707367,tote-bag
Handmade Personalized canvas bag gift Keepsake,29.54,1968,328,2269,Shop353Studio,"gift for her,gift for him,keepsake,accessories",https://www.etsy.com/listing/395512533,tote-bag
Personalized Canvas Bag For Sister - Free Shipping,24.14,4134,689,1754,Shop933Studio,"keepsake,gift for her,gift for him,custom",https://www.etsy.com/listing/133449508,tote-bag
Canvas Bag - Free Shipping,32.22,816,136,930,Shop201Studio,"keepsake,gift for him,gift for her,accessories",https://www.etsy.com/listing/872986479,tote-bag
Personalized Personalized canvas bag gift For Mom - Free Shipping,39.27,3318,553,3792,Shop603Studio,"custom,gift for him,canvas,personalized gift",https://www.etsy.com/listing/140102809,tote-bag
Unique Canvas Tote Bag - Free Shipping,35.38,13290,2215,6918,Shop531Studio,"accessories,keepsake,gift for her,handmade",https://www.etsy.com/listing/851678308,tote-bag
Custom Canvas Tote Bag For Couple Memorial Gift - Free Shipping,40.83,1878,313,774,Shop230Studio,"handmade,accessories,gift for her,custom",https://www.etsy.com/listing/609494608,tote-bag
Custom Personalized canvas bag gift Keepsake,36.63,1506,251,1960,Shop115Studio,"personalized gift,gift for her,keepsake,custom",https://www.etsy.com/listing/801202064,tote-bag
Handmade Custom canvas bag Keepsake,39.45,1428,238,1056,Shop622Studio,"personalized gift,accessories,gift for him,handmade",https://www.etsy.com/listing/299849848,tote-bag
Handmade Canvas Tote Bag For Couple Birthday Gift,42.43,552,92,587,Shop825Studio,"handmade,gift for him,canvas,keepsake",https://www.etsy.com/listing/343683383,tote-bag
Personalized canvas bag gift For Best Friend Anniversary Gift - Free Shipping,34.48,1116,186,400,Shop131Studio,"gift for him,custom,gift for her,accessories",https://www.etsy.com/listing/204062818,tote-bag
Handmade Canvas Bag Memorial Gift - Free Shipping,23.01,15594,2599,19693,Shop188Studio,"gift for him,handmade,gift for her,custom",https://www.etsy.com/listing/646138448,tote-bag
Handmade Canvas Tote Bag Christmas Gift | Best Gift Idea,25.1,15234,2539,16856,Shop930Studio,"keepsake,gift for him,handmade,personalized gift",https://www.etsy.com/listing/681747717,tote-bag
Unique Custom Canvas Tote Bag For Boss Graduation Gift | Best Gift Idea,39.07,2184,364,2425,Shop771Studio,"gift for him,personalized gift,accessories,custom",https://www.etsy.com/listing/667427126,tote-bag
Handmade Canvas Bag Anniversary Gift Keepsake,38.26,3774,629,4730,Shop572Studio,"handmade,accessories,canvas,gift for her",https://www.etsy.com/listing/953463505,tote-bag
Handmade Custom Canvas Tote Bag Memorial Gift | Best Gift Idea,33.76,1194,199,839,Shop469Studio,"personalized gift,canvas,gift for him,custom",https://www.etsy.com/listing/783848944,tote-bag
Unique Canvas Bag,29.73,1782,297,1555,Shop891Studio,"gift for him,personalized gift,keepsake,gift for her",https://www.etsy.com/listing/897275290,tote-bag
Unique Canvas Tote Bag Gift 2026,30.59,3510,585,2687,Shop987Studio,"accessories,keepsake,gift for him,personalized gift",https://www.etsy.com/listing/997431298,tote-bag
Personalized canvas bag gift Valentine's Day Gift - Free Shipping,40.73,1194,199,847,Shop360Studio,"personalized gift,accessories,canvas,keepsake",https://www.etsy.com/listing/715767891,tote-bag
Handmade Canvas Tote Bag For Grandpa Christmas Gift Keepsake,32.57,4026,671,3486,Shop568Studio,"gift for him,gift for her,canvas,accessories",https://www.etsy.com/listing/903721779,tote-bag
Canvas Tote Bag For Dog Mom Valentine's Day Gift Gift 2026,38.58,2832,472,1242,Shop783Studio,"handmade,gift for him,accessories,keepsake",https://www.etsy.com/listing/926979059,tote-bag
Custom canvas bag | Best Gift Idea,37.84,1980,330,1173,Shop869Studio,"accessories,handmade,custom,gift for him",https://www.etsy.com/listing/482928279,tote-bag
Canvas Bag For Grandpa,45.43,7140,1190,4994,Shop996Studio,"personalized gift,canvas,gift for her,gift for him",https://www.etsy.com/listing/584911994,tote-bag
Personalized Custom Canvas Tote Bag For Boss,41.2,708,118,702,Shop637Studio,"custom,personalized gift,gift for her,canvas",https://www.etsy.com/listing/784956795,tote-bag
Custom Canvas Tote Bag For Sister,43.11,978,163,786,Shop819Studio,"canvas,keepsake,gift for her,personalized gift",https://www.etsy.com/listing/585999384,tote-bag
Canvas Bag For Grandpa Father's Day Gift,27.58,2712,452,3009,Shop527Studio,"accessories,canvas,keepsake,handmade",https://www.etsy.com/listing/929490892,tote-bag
Personalized Custom canvas bag For Boss Keepsake,28.09,612,102,284,Shop527Studio,"personalized gift,gift for her,custom,accessories",https://www.etsy.com/listing/434841940,tote-bag
Unique Canvas Tote Bag Gift 2026,36.88,1698,283,1560,Shop884Studio,"personalized gift,canvas,gift for her,gift for him",https://www.etsy.com/listing/610467233,tote-bag
Handmade Canvas Tote Bag - Free Shipping,32.81,18732,3122,22138,Shop189Studio,"gift for him,accessories,handmade,canvas",https://www.etsy.com/listing/418149100,tote-bag
Custom Canvas Bag For Sister,38.07,396,66,207,Shop635Studio,"gift for him,handmade,custom,keepsake",https://www.etsy.com/listing/535615909,tote-bag
Personalized Canvas Tote Bag For Mom Father's Day Gift,39.96,4746,791,2064,Shop388Studio,"canvas,custom,personalized gift,keepsake",https://www.etsy.com/listing/841083215,tote-bag
Personalized Personalized Canvas Tote Bag Mother's Day Gift Keepsake,38.69,1608,268,2047,Shop537Studio,"accessories,gift for him,personalized gift,custom",https://www.etsy.com/listing/345507083,tote-bag
Personalized Custom Canvas Tote Bag For Couple Anniversary Gift | Best Gift Idea,38.57,4014,669,4394,Shop668Studio,"custom,keepsake,gift for him,personalized gift",https://www.etsy.com/listing/194413215,tote-bag
Handmade Custom canvas bag For Sister Keepsake,41.11,924,154,633,Shop808Studio,"gift for him,custom,gift for her,handmade",https://www.etsy.com/listing/214769816,tote-bag
Personalized Custom Canvas Tote Bag | Best Gift Idea,41.23,3654,609,2102,Shop270Studio,"canvas,accessories,gift for him,personalized gift",https://www.etsy.com/listing/982781785,tote-bag
Unique Custom Canvas Tote Bag | Best Gift Idea,47.41,7686,1281,7306,Shop806Studio,"gift for him,keepsake,custom,canvas",https://www.etsy.com/listing/200729370,tote-bag
Custom Canvas Tote Bag For Couple,36.49,1422,237,1595,Shop533Studio,"accessories,custom,personalized gift,gift for her",https://www.etsy.com/listing/546039299,tote-bag
Unique Personalized canvas bag gift For Grandma | Best Gift Idea,45.58,1716,286,1382,Shop707Studio,"personalized gift,gift for her,accessories,canvas",https://www.etsy.com/listing/282974506,tote-bag
Personalized Canvas Tote Bag For Couple Memorial Gift,31.1,13440,2240,17811,Shop515Studio,"custom,personalized gift,handmade,accessories",https://www.etsy.com/listing/155804808,tote-bag
Custom canvas bag For Grandma Gift 2026,38.38,2310,385,1986,Shop756Studio,"accessories,custom,gift for him,handmade",https://www.etsy.com/listing/686820828,tote-bag
Unique Custom Canvas Tote Bag Gift 2026,33.34,348,58,461,Shop308Studio,"personalized gift,custom,accessories,handmade",https://www.etsy.com/listing/245517071,tote-bag
Personalized Canvas Tote Bag,29.58,1836,306,1009,Shop704Studio,"custom,personalized gift,canvas,gift for her",https://www.etsy.com/listing/688068827,tote-bag
Custom Canvas Tote Bag For Couple,42.2,2316,386,1240,Shop680Studio,"gift for her,handmade,keepsake,accessories",https://www.etsy.com/listing/129488292,tote-bag
Custom Custom Canvas Tote Bag For Grandpa Anniversary Gift | Best Gift Idea,34.18,3042,507,3202,Shop274Studio,"handmade,personalized gift,keepsake,canvas",https://www.etsy.com/listing/699049130,tote-bag
Personalized Canvas Tote Bag For Grandma - Free Shipping,45.8,6168,1028,8092,Shop967Studio,"custom,handmade,canvas,keepsake",https://www.etsy.com/listing/804481004,tote-bag
Custom canvas bag For Couple Birthday Gift,39.52,1644,274,1735,Shop426Studio,"personalized gift,custom,handmade,canvas",https://www.etsy.com/listing/389224918,tote-bag
Handmade Personalized canvas bag gift For Grandma Keepsake,18.68,7680,1280,4170,Shop690Studio,"accessories,personalized gift,keepsake,gift for her",https://www.etsy.com/listing/796175908,tote-bag
Personalized Canvas Tote Bag - Free Shipping,39.13,330,55,174,Shop486Studio,"handmade,gift for him,keepsake,gift for her",https://www.etsy.com/listing/563666087,tote-bag
Personalized Custom canvas bag For Couple Keepsake,24.01,678,113,827,Shop843Studio,"custom,gift for her,keepsake,handmade",https://www.etsy.com/listing/222405079,tote-bag
Handmade Custom canvas bag For Teacher,46.42,3018,503,3793,Shop895Studio,"gift for him,personalized gift,keepsake,gift for her",https://www.etsy.com/listing/778629641,tote-bag
Unique Canvas Tote Bag For Dad Anniversary Gift,37.1,1770,295,1727,Shop529Studio,"custom,canvas,handmade,keepsake",https://www.etsy.com/listing/221337115,tote-bag
Custom canvas bag For Dad Birthday Gift,33.99,2046,341,2341,Shop964Studio,"gift for him,accessories,custom,gift for her",https://www.etsy.com/listing/419891394,tote-bag
Personalized Canvas Tote Bag | Best Gift Idea,37.16,1716,286,994,Shop452Studio,"handmade,accessories,canvas,keepsake",https://www.etsy.com/listing/680903637,tote-bag
Custom Canvas Tote Bag | Best Gift Idea,32.99,2910,485,1534,Shop755Studio,"gift for him,custom,gift for her,keepsake",https://www.etsy.com/listing/243710302,tote-bag
Handmade Custom canvas bag For Grandma Gift 2026,38.74,1026,171,944,Shop267Studio,"personalized gift,accessories,gift for her,custom",https://www.etsy.com/listing/318053014,tote-bag
Unique Canvas Bag For Teacher,35.46,1338,223,752,Shop211Studio,"keepsake,accessories,personalized gift,custom",https://www.etsy.com/listing/875460600,tote-bag
Personalized Custom Canvas Tote Bag,39.51,1122,187,402,Shop390Studio,"accessories,custom,keepsake,gift for him",https://www.etsy.com/listing/813021080,tote-bag
Custom Canvas Tote Bag For Boss Christmas Gift,44.84,558,93,251,Shop575Studio,"canvas,gift for her,handmade,personalized gift",https://www.etsy.com/listing/859442099,tote-bag
Custom Custom Canvas Tote Bag - Free Shipping,19.5,870,145,570,Shop416Studio,"canvas,accessories,handmade,gift for her",https://www.etsy.com/listing/950110784,tote-bag
Personalized canvas bag gift - Free Shipping,34.01,828,138,454,Shop970Studio,"custom,handmade,personalized gift,accessories",https://www.etsy.com/listing/891165838,tote-bag
Personalized Custom canvas bag For Best Friend Mother's Day Gift Keepsake,33.26,4800,800,2487,Shop205Studio,"accessories,personalized gift,gift for her,handmade",https://www.etsy.com/listing/471121710,tote-bag
Handmade Custom canvas bag - Free Shipping,46.64,1812,302,1676,Shop351Studio,"personalized gift,gift for her,custom,gift for him",https://www.etsy.com/listing/308140580,tote-bag
Personalized Canvas Tote Bag For Mom - Free Shipping,34.94,5340,890,5755,Shop171Studio,"gift for him,personalized gift,keepsake,canvas",https://www.etsy.com/listing/182785946,tote-bag
Unique Personalized Canvas Tote Bag For Boss Keepsake,37.65,13266,2211,8923,Shop831Studio,"gift for her,handmade,custom,accessories",https://www.etsy.com/listing/771724076,tote-bag
Personalized Canvas Tote Bag - Free Shipping,36.8,5148,858,2327,Shop240Studio,"gift for her,gift for him,personalized gift,handmade",https://www.etsy.com/listing/523189282,tote-bag
Unique Custom Canvas Tote Bag Gift 2026,54.27,774,129,902,Shop833Studio,"gift for her,keepsake,custom,accessories",https://www.etsy.com/listing/398179475,tote-bag
Personalized Canvas Tote Bag For Mom Gift 2026,45.67,1038,173,763,Shop994Studio,"custom,gift for her,handmade,canvas",https://www.etsy.com/listing/177879375,tote-bag
Handmade Personalized canvas bag gift Mother's Day Gift,31.28,12408,2068,14276,Shop935Studio,"gift for her,custom,accessories,canvas",https://www.etsy.com/listing/809504369,tote-bag
Personalized Custom Canvas Tote Bag Valentine's Day Gift,41.87,1254,209,982,Shop650Studio,"custom,gift for him,gift for her,keepsake",https://www.etsy.com/listing/704254518,tote-bag
Personalized canvas bag gift For Sister - Free Shipping,39.29,5520,920,5210,Shop271Studio,"handmade,gift for her,gift for him,custom",https://www.etsy.com/listing/480090765,tote-bag
Canvas Tote Bag For Teacher,35.44,2202,367,1433,Shop858Studio,"gift for him,keepsake,personalized gift,handmade",https://www.etsy.com/listing/920142462,tote-bag
Canvas Bag Wedding Gift | Best Gift Idea,44.19,5052,842,5933,Shop428Studio,"handmade,accessories,keepsake,gift for him",https://www.etsy.com/listing/339837002,tote-bag
Unique Canvas Tote Bag For Mom,35.11,744,124,772,Shop230Studio,"keepsake,canvas,personalized gift,accessories",https://www.etsy.com/listing/945050791,tote-bag
Unique Personalized Canvas Tote Bag For Dad Keepsake,31.55,2730,455,1000,Shop434Studio,"personalized gift,accessories,gift for him,canvas",https://www.etsy.com/listing/626859911,tote-bag
Unique Personalized Canvas Tote Bag,44.32,1488,248,916,Shop268Studio,"keepsake,canvas,personalized gift,accessories",https://www.etsy.com/listing/710913189,tote-bag
Custom Canvas Tote Bag For Dog Mom Christmas Gift,36.72,7932,1322,3377,Shop913Studio,"gift for her,accessories,handmade,keepsake",https://www.etsy.com/listing/470251919,tote-bag
Handmade Canvas Bag,31.14,1362,227,1513,Shop894Studio,"gift for him,gift for her,canvas,accessories",https://www.etsy.com/listing/794217471,tote-bag
Canvas Tote Bag Graduation Gift,39.09,1194,199,1153,Shop319Studio,"gift for him,personalized gift,handmade,canvas",https://www.etsy.com/listing/349276025,tote-bag
Canvas Tote Bag Wedding Gift Keepsake,36.87,2412,402,2875,Shop201Studio,"keepsake,handmade,custom,accessories",https://www.etsy.com/listing/578906615,tote-bag
Canvas Tote Bag For Teacher,30.35,1548,258,1774,Shop654Studio,"personalized gift,accessories,gift for her,canvas",https://www.etsy.com/listing/528117287,tote-bag
Personalized Custom canvas bag | Best Gift Idea,31.93,870,145,1041,Shop347Studio,"personalized gift,accessories,keepsake,custom",https://www.etsy.com/listing/948083249,tote-bag
Unique Personalized canvas bag gift Gift 2026,26.5,2898,483,1714,Shop765Studio,"keepsake,handmade,custom,personalized gift",https://www.etsy.com/listing/722667540,tote-bag
Personalized Canvas Tote Bag For Grandma Keepsake,32.18,618,103,812,Shop408Studio,"canvas,handmade,gift for her,gift for him",https://www.etsy.com/listing/671084126,tote-bag
Personalized Custom canvas bag For Mom Memorial Gift,27.8,4614,769,3227,Shop132Studio,"accessories,gift for him,canvas,custom",https://www.etsy.com/listing/887980681,tote-bag
Personalized canvas bag gift For Dog Mom Housewarming Gift | Best Gift Idea,32.95,1290,215,863,Shop205Studio,"canvas,personalized gift,keepsake,handmade",https://www.etsy.com/listing/686711274,tote-bag
Handmade Personalized Canvas Tote Bag | Best Gift Idea,41.49,10812,1802,12605,Shop808Studio,"personalized gift,canvas,gift for her,keepsake",https://www.etsy.com/listing/834835583,tote-bag
Custom canvas bag Wedding Gift | Best Gift Idea,17.53,7344,1224,8878,Shop136Studio,"canvas,custom,personalized gift,keepsake",https://www.etsy.com/listing/524937000,tote-bag
Handmade Canvas Bag | Best Gift Idea,26.05,7974,1329,4450,Shop782Studio,"custom,personalized gift,canvas,accessories",https://www.etsy.com/listing/913102207,tote-bag
Personalized canvas bag gift,41.13,5484,914,5672,Shop707Studio,"canvas,gift for her,keepsake,custom",https://www.etsy.com/listing/885005644,tote-bag
Custom canvas bag Mother's Day Gift Gift 2026,35.56,3858,643,4674,Shop349Studio,"gift for her,handmade,accessories,gift for him",https://www.etsy.com/listing/318603301,tote-bag
Personalized Custom Canvas Tote Bag,34.65,876,146,707,Shop620Studio,"gift for him,handmade,accessories,keepsake",https://www.etsy.com/listing/168317107,tote-bag
Custom Personalized canvas bag gift Anniversary Gift - Free Shipping,25.38,4482,747,5764,Shop330Studio,"accessories,personalized gift,canvas,gift for her",https://www.etsy.com/listing/177148473,tote-bag
Handmade Canvas Bag For Couple Keepsake,26.81,2640,440,1295,Shop636Studio,"gift for him,custom,accessories,keepsake",https://www.etsy.com/listing/246535558,tote-bag
Handmade Custom Canvas Tote Bag | Best Gift Idea,35.46,2334,389,2578,Shop321Studio,"personalized gift,accessories,custom,canvas",https://www.etsy.com/listing/835113012,tote-bag
Handmade Custom Canvas Tote Bag Memorial Gift Gift 2026,37.09,720,120,268,Shop159Studio,"handmade,keepsake,canvas,gift for her",https://www.etsy.com/listing/150010612,tote-bag
Canvas Bag Gift 2026,42.55,1920,320,2247,Shop109Studio,"personalized gift,keepsake,gift for him,handmade",https://www.etsy.com/listing/577633308,tote-bag
Custom Canvas Tote Bag For Mom Father's Day Gift,31.03,3780,630,4588,Shop348Studio,"handmade,custom,gift for him,accessories",https://www.etsy.com/listing/997149111,tote-bag
Custom Custom Throw Pillow For Dog Mom Gift 2026,33.18,396,66,310,Shop637Studio,"home decor,gift for him,handmade,keepsake",https://www.etsy.com/listing/416906328,throw-pillow
Personalized Custom Throw Pillow Valentine's Day Gift Keepsake,27.09,336,56,436,Shop246Studio,"handmade,gift for her,custom,fabric",https://www.etsy.com/listing/299771630,throw-pillow
Personalized Custom Custom Throw Pillow For Dog Mom Gift 2026,36.58,120,20,86,Shop514Studio,"gift for her,keepsake,personalized gift,custom",https://www.etsy.com/listing/522341920,throw-pillow
Handmade Custom fabric pillow For Sister | Best Gift Idea,31.87,90,15,105,Shop505Studio,"home decor,gift for her,fabric,personalized gift",https://www.etsy.com/listing/796129527,throw-pillow
Personalized Custom Throw Pillow,32.38,276,46,307,Shop333Studio,"home decor,custom,gift for him,personalized gift",https://www.etsy.com/listing/246705067,throw-pillow
Unique Personalized Custom Throw Pillow - Free Shipping,38.41,60,10,42,Shop545Studio,"home decor,personalized gift,custom,fabric",https://www.etsy.com/listing/440918697,throw-pillow
Unique Custom Throw Pillow,29.82,114,19,44,Shop310Studio,"personalized gift,gift for him,custom,home decor",https://www.etsy.com/listing/856264657,throw-pillow
Fabric Pillow Valentine's Day Gift,31.46,156,26,172,Shop370Studio,"keepsake,gift for her,custom,fabric",https://www.etsy.com/listing/824347129,throw-pillow
Unique Custom Throw Pillow For Grandpa Christmas Gift Gift 2026,32.23,72,12,92,Shop583Studio,"handmade,gift for her,fabric,gift for him",https://www.etsy.com/listing/140026536,throw-pillow
Personalized fabric pillow gift For Dad,37.0,66,11,49,Shop739Studio,"custom,home decor,personalized gift,gift for him",https://www.etsy.com/listing/776665544,throw-pillow
Handmade Custom fabric pillow,47.31,288,48,136,Shop415Studio,"gift for him,custom,fabric,keepsake",https://www.etsy.com/listing/505144341,throw-pillow
Personalized Custom fabric pillow Anniversary Gift - Free Shipping,31.11,156,26,119,Shop558Studio,"keepsake,handmade,home decor,gift for her",https://www.etsy.com/listing/617410179,throw-pillow
Custom fabric pillow For Sister | Best Gift Idea,31.09,108,18,78,Shop333Studio,"home decor,personalized gift,gift for him,custom",https://www.etsy.com/listing/345499431,throw-pillow
Personalized Custom Throw Pillow Memorial Gift Gift 2026,25.38,582,97,637,Shop667Studio,"fabric,gift for her,personalized gift,home decor",https://www.etsy.com/listing/438607369,throw-pillow
Personalized Custom Custom Throw Pillow Keepsake,39.58,360,60,428,Shop779Studio,"handmade,home decor,personalized gift,custom",https://www.etsy.com/listing/593057662,throw-pillow
Personalized Fabric Pillow For Boss Mother's Day Gift,39.95,1962,327,797,Shop802Studio,"fabric,home decor,keepsake,gift for him",https://www.etsy.com/listing/631427776,throw-pillow
Personalized Personalized wood plaque gift Gift 2026,24.36,462,77,183,Shop484Studio,"personalized gift,custom,handmade,keepsakes",https://www.etsy.com/listing/931337602,wood-plaque
Handmade Engraved Wood Plaque Keepsake,22.3,288,48,344,Shop213Studio,"gift for him,keepsakes,wood,custom",https://www.etsy.com/listing/474363314,wood-plaque
Custom Wood Plaque Mother's Day Gift,26.4,324,54,185,Shop625Studio,"wood,gift for her,custom,personalized gift",https://www.etsy.com/listing/461205533,wood-plaque
Personalized Custom Engraved Wood Plaque Christmas Gift,20.32,720,120,508,Shop326Studio,"handmade,gift for him,personalized gift,keepsakes",https://www.etsy.com/listing/241460922,wood-plaque
Handmade Personalized wood plaque gift | Best Gift Idea,31.8,192,32,201,Shop969Studio,"gift for her,keepsakes,keepsake,wood",https://www.etsy.com/listing/529372967,wood-plaque
Personalized wood plaque gift Mother's Day Gift,28.13,216,36,80,Shop249Studio,"personalized gift,keepsake,handmade,gift for him",https://www.etsy.com/listing/252562949,wood-plaque
Engraved Wood Plaque Mother's Day Gift Keepsake,25.79,120,20,73,Shop924Studio,"personalized gift,gift for him,keepsake,keepsakes",https://www.etsy.com/listing/791693746,wood-plaque
Handmade Wood Plaque Mother's Day Gift Gift 2026,28.71,66,11,80,Shop500Studio,"personalized gift,handmade,keepsake,wood",https://www.etsy.com/listing/133555490,wood-plaque
Personalized Custom wood plaque For Grandma Wedding Gift Gift 2026,27.35,138,23,126,Shop528Studio,"personalized gift,custom,keepsake,wood",https://www.etsy.com/listing/530366759,wood-plaque
Custom wood plaque Keepsake,31.11,1080,180,1339,Shop150Studio,"keepsakes,keepsake,wood,gift for him",https://www.etsy.com/listing/503088836,wood-plaque
Custom Engraved Wood Plaque | Best Gift Idea,25.96,48,8,49,Shop513Studio,"gift for her,custom,gift for him,wood",https://www.etsy.com/listing/541262742,wood-plaque
Handmade Personalized wood plaque gift Christmas Gift Gift 2026,30.85,60,10,28,Shop480Studio,"gift for him,wood,custom,gift for her",https://www.etsy.com/listing/584266250,wood-plaque
Personalized Wood Plaque Graduation Gift - Free Shipping,25.85,1308,218,458,Shop713Studio,"gift for her,handmade,personalized gift,gift for him",https://www.etsy.com/listing/662597815,wood-plaque
Custom Engraved Wood Plaque | Best Gift Idea,35.48,168,28,121,Shop855Studio,"handmade,wood,keepsakes,custom",https://www.etsy.com/listing/409643584,wood-plaque
Custom wood plaque For Grandma Gift 2026,22.41,66,11,30,Shop550Studio,"custom,wood,keepsakes,keepsake",https://www.etsy.com/listing/798079094,wood-plaque
Wood Plaque | Best Gift Idea,21.62,210,35,144,Shop726Studio,"gift for him,custom,gift for her,handmade",https://www.etsy.com/listing/345396065,wood-plaque
Unique Personalized Engraved Wood Plaque For Dad Mother's Day Gift - Free Shipping,41.45,342,57,320,Shop373Studio,"gift for him,wood,gift for her,keepsakes",https://www.etsy.com/listing/811728819,wood-plaque
Custom Engraved Wood Plaque For Sister - Free Shipping,26.25,120,20,78,Shop768Studio,"handmade,gift for her,gift for him,keepsakes",https://www.etsy.com/listing/831853380,wood-plaque
Personalized glass plaque gift For Teacher Wedding Gift - Free Shipping,23.86,468,78,420,Shop790Studio,"gift for him,gift for her,handmade,glass",https://www.etsy.com/listing/604661398,crystal-plaque
Glass Plaque For Dog Mom,22.74,420,70,327,Shop834Studio,"gift for him,custom,keepsakes,glass",https://www.etsy.com/listing/687185587,crystal-plaque
Custom Custom Crystal Award Plaque For Best Friend Birthday Gift,19.63,72,12,79,Shop474Studio,"keepsakes,gift for him,keepsake,personalized gift",https://www.etsy.com/listing/861356336,crystal-plaque
Unique Custom Crystal Award Plaque Memorial Gift Keepsake,30.7,504,84,271,Shop170Studio,"custom,glass,personalized gift,keepsakes",https://www.etsy.com/listing/507629894,crystal-plaque
Personalized glass plaque gift For Grandpa Housewarming Gift,18.69,174,29,230,Shop708Studio,"glass,keepsakes,keepsake,handmade",https://www.etsy.com/listing/521896152,crystal-plaque
Unique Custom glass plaque Birthday Gift - Free Shipping,23.71,408,68,339,Shop980Studio,"custom,personalized gift,handmade,keepsakes",https://www.etsy.com/listing/257140419,crystal-plaque
Crystal Award Plaque For Couple | Best Gift Idea,26.74,72,12,53,Shop770Studio,"personalized gift,keepsakes,gift for her,custom",https://www.etsy.com/listing/715534380,crystal-plaque
Personalized Custom glass plaque For Dog Mom | Best Gift Idea,18.87,96,16,60,Shop659Studio,"handmade,gift for her,keepsakes,glass",https://www.etsy.com/listing/127829300,crystal-plaque
Unique Glass Plaque Graduation Gift,27.56,498,83,173,Shop272Studio,"custom,keepsake,handmade,gift for him",https://www.etsy.com/listing/627926318,crystal-plaque
Personalized glass plaque gift,32.43,246,41,218,Shop858Studio,"glass,handmade,gift for him,gift for her",https://www.etsy.com/listing/415562061,crystal-plaque
Custom glass plaque For Dog Mom Graduation Gift,21.07,246,41,111,Shop542Studio,"keepsake,keepsakes,gift for her,custom",https://www.etsy.com/listing/827080310,crystal-plaque
Custom glass plaque For Couple,27.37,216,36,108,Shop938Studio,"personalized gift,gift for her,gift for him,keepsake",https://www.etsy.com/listing/581112040,crystal-plaque
Unique Crystal Award Plaque For Mom | Best Gift Idea,35.38,240,40,95,Shop995Studio,"handmade,glass,keepsakes,gift for him",https://www.etsy.com/listing/220276936,crystal-plaque
Custom glass plaque For Best Friend Gift 2026,21.33,66,11,29,Shop951Studio,"gift for her,keepsake,handmade,gift for him",https://www.etsy.com/listing/232878666,crystal-plaque
Custom Crystal Award Plaque Mother's Day Gift,28.96,228,38,299,Shop205Studio,"glass,gift for her,keepsake,personalized gift",https://www.etsy.com/listing/877329038,crystal-plaque
Custom Acrylic Award Plaque For Couple Gift 2026,27.17,138,23,92,Shop812Studio,"custom,handmade,gift for him,acrylic",https://www.etsy.com/listing/668381997,acrylic-plaque
Personalized Personalized Acrylic Award Plaque For Boss Christmas Gift,24.89,2856,476,2511,Shop482Studio,"custom,acrylic,keepsakes,personalized gift",https://www.etsy.com/listing/639575060,acrylic-plaque
Custom acrylic plaque Gift 2026,25.09,420,70,391,Shop564Studio,"custom,acrylic,keepsakes,keepsake",https://www.etsy.com/listing/355251727,acrylic-plaque
Personalized acrylic plaque gift For Teacher,23.63,456,76,366,Shop594Studio,"keepsake,personalized gift,gift for him,handmade",https://www.etsy.com/listing/626760768,acrylic-plaque
Custom Acrylic Award Plaque Keepsake,17.62,162,27,66,Shop461Studio,"keepsakes,gift for him,handmade,gift for her",https://www.etsy.com/listing/281437753,acrylic-plaque
Handmade Personalized acrylic plaque gift For Mom,29.96,720,120,955,Shop853Studio,"keepsakes,acrylic,custom,personalized gift",https://www.etsy.com/listing/663436572,acrylic-plaque
Unique Custom acrylic plaque Anniversary Gift,21.65,366,61,189,Shop742Studio,"gift for him,keepsakes,personalized gift,custom",https://www.etsy.com/listing/558590712,acrylic-plaque
Unique Acrylic Award Plaque Anniversary Gift,19.2,942,157,523,Shop180Studio,"handmade,gift for him,keepsake,gift for her",https://www.etsy.com/listing/312893595,acrylic-plaque
Unique Personalized acrylic plaque gift - Free Shipping,31.74,1260,210,888,Shop494Studio,"handmade,keepsakes,keepsake,gift for her",https://www.etsy.com/listing/929031158,acrylic-plaque
Custom Personalized Acrylic Award Plaque For Best Friend - Free Shipping,14.39,768,128,701,Shop554Studio,"gift for her,personalized gift,handmade,acrylic",https://www.etsy.com/listing/500961848,acrylic-plaque
Unique Custom Acrylic Award Plaque Keepsake,14.66,732,122,750,Shop706Studio,"gift for him,personalized gift,keepsakes,keepsake",https://www.etsy.com/listing/811030517,acrylic-plaque
Handmade Personalized acrylic plaque gift For Grandpa - Free Shipping,27.35,1722,287,618,Shop195Studio,"handmade,gift for him,acrylic,custom",https://www.etsy.com/listing/451306710,acrylic-plaque
Unique Personalized Acrylic Award Plaque Valentine's Day Gift - Free Shipping,17.78,210,35,126,Shop735Studio,"gift for her,keepsakes,acrylic,custom",https://www.etsy.com/listing/633515784,acrylic-plaque
Handmade Custom acrylic plaque For Mom | Best Gift Idea,19.18,2676,446,1816,Shop504Studio,"keepsake,custom,acrylic,handmade",https://www.etsy.com/listing/519392785,acrylic-plaque
Unique Personalized acrylic plaque gift For Grandma Gift 2026,27.94,168,28,212,Shop331Studio,"gift for her,personalized gift,keepsake,handmade",https://www.etsy.com/listing/245461182,acrylic-plaque
Handmade Acrylic Plaque Gift 2026,21.28,126,21,86,Shop670Studio,"personalized gift,gift for her,custom,gift for him",https://www.etsy.com/listing/399041525,acrylic-plaque
Unique Acrylic Plaque For Grandma Valentine's Day Gift,26.8,432,72,266,Shop973Studio,"gift for her,keepsakes,keepsake,personalized gift",https://www.etsy.com/listing/272080718,acrylic-plaque
Custom Personalized Acrylic Award Plaque Keepsake,21.49,504,84,643,Shop306Studio,"handmade,custom,keepsakes,gift for her",https://www.etsy.com/listing/425142460,acrylic-plaque
Personalized Personalized acrylic plaque gift For Best Friend | Best Gift Idea,22.24,1194,199,823,Shop694Studio,"gift for her,custom,keepsakes,keepsake",https://www.etsy.com/listing/127753081,acrylic-plaque
Handmade Acrylic Award Plaque Anniversary Gift - Free Shipping,21.09,1278,213,665,Shop440Studio,"gift for him,acrylic,gift for her,handmade",https://www.etsy.com/listing/290788347,acrylic-plaque
Unique Personalized Acrylic Award Plaque For Mom,15.65,150,25,86,Shop512Studio,"handmade,keepsakes,acrylic,keepsake",https://www.etsy.com/listing/926499131,acrylic-plaque
Personalized Acrylic Award Plaque Father's Day Gift,16.67,156,26,139,Shop787Studio,"keepsakes,handmade,custom,acrylic",https://www.etsy.com/listing/702972403,acrylic-plaque
Unique Custom Acrylic Award Plaque Father's Day Gift - Free Shipping,16.74,210,35,171,Shop677Studio,"gift for her,custom,keepsake,handmade",https://www.etsy.com/listing/591773589,acrylic-plaque
Acrylic Award Plaque For Best Friend Graduation Gift,21.54,192,32,108,Shop790Studio,"handmade,keepsakes,gift for him,keepsake",https://www.etsy.com/listing/370303556,acrylic-plaque
Unique Personalized acrylic plaque gift Memorial Gift Gift 2026,19.8,888,148,587,Shop398Studio,"keepsake,gift for him,personalized gift,keepsakes",https://www.etsy.com/listing/328144664,acrylic-plaque
Personalized Acrylic Award Plaque Wedding Gift,17.62,390,65,175,Shop407Studio,"handmade,gift for him,acrylic,keepsake",https://www.etsy.com/listing/715836288,acrylic-plaque
Personalized Custom acrylic plaque Mother's Day Gift,21.18,912,152,1060,Shop135Studio,"keepsake,acrylic,custom,keepsakes",https://www.etsy.com/listing/321351138,acrylic-plaque
Unique Personalized Acrylic Award Plaque For Sister | Best Gift Idea,23.36,144,24,59,Shop137Studio,"keepsakes,gift for her,gift for him,personalized gift",https://www.etsy.com/listing/777031888,acrylic-plaque
Unique Acrylic Plaque Birthday Gift - Free Shipping,20.31,1002,167,881,Shop394Studio,"custom,gift for her,keepsakes,gift for him",https://www.etsy.com/listing/725422581,acrylic-plaque
Personalized acrylic plaque gift For Sister Wedding Gift Gift 2026,13.75,1452,242,1615,Shop892Studio,"acrylic,keepsake,handmade,keepsakes",https://www.etsy.com/listing/115023429,acrylic-plaque
Handmade Acrylic Plaque,23.42,1038,173,752,Shop296Studio,"custom,handmade,gift for her,keepsakes",https://www.etsy.com/listing/953015705,acrylic-plaque
Personalized Acrylic Award Plaque | Best Gift Idea,19.68,1092,182,673,Shop882Studio,"acrylic,personalized gift,gift for him,gift for her",https://www.etsy.com/listing/610865938,acrylic-plaque
Unique Acrylic Plaque For Boss,21.09,180,30,134,Shop311Studio,"custom,handmade,keepsake,gift for her",https://www.etsy.com/listing/108016528,acrylic-plaque
Custom acrylic plaque Gift 2026,23.38,150,25,193,Shop531Studio,"keepsake,gift for him,personalized gift,acrylic",https://www.etsy.com/listing/552807086,acrylic-plaque
Acrylic Plaque For Sister Anniversary Gift | Best Gift Idea,21.74,672,112,597,Shop850Studio,"handmade,gift for him,gift for her,acrylic",https://www.etsy.com/listing/821510614,acrylic-plaque
Unique Personalized acrylic plaque gift,16.49,270,45,280,Shop376Studio,"custom,personalized gift,acrylic,keepsake",https://www.etsy.com/listing/652846063,acrylic-plaque
Custom Acrylic Award Plaque - Free Shipping,21.82,1020,170,1204,Shop605Studio,"gift for him,personalized gift,keepsakes,acrylic",https://www.etsy.com/listing/297610461,acrylic-plaque
Acrylic Plaque | Best Gift Idea,24.47,1824,304,1949,Shop913Studio,"personalized gift,handmade,acrylic,custom",https://www.etsy.com/listing/623541850,acrylic-plaque
Personalized Acrylic Award Plaque For Sister Wedding Gift Gift 2026,20.8,150,25,120,Shop547Studio,"gift for her,custom,personalized gift,gift for him",https://www.etsy.com/listing/580988243,acrylic-plaque
Personalized Custom Acrylic Award Plaque Birthday Gift Gift 2026,22.36,1380,230,1444,Shop233Studio,"gift for her,gift for him,custom,handmade",https://www.etsy.com/listing/321704823,acrylic-plaque
Personalized acrylic charm gift For Dog Mom Keepsake,24.18,144,24,54,Shop130Studio,"gift for him,gift for her,acrylic,custom",https://www.etsy.com/listing/233015664,car-charm
Unique Custom Acrylic Car Hanging Charm For Teacher | Best Gift Idea,17.65,354,59,381,Shop760Studio,"custom,gift for her,personalized gift,handmade",https://www.etsy.com/listing/534792161,car-charm
Personalized Acrylic Car Hanging Charm For Dad Memorial Gift Keepsake,34.75,300,50,125,Shop941Studio,"handmade,custom,acrylic,gift for him",https://www.etsy.com/listing/712697423,car-charm
Handmade Acrylic Car Hanging Charm For Best Friend,25.9,7302,1217,6214,Shop602Studio,"gift for her,keepsake,custom,acrylic",https://www.etsy.com/listing/943326711,car-charm
Personalized Custom acrylic charm,18.1,2076,346,2531,Shop267Studio,"custom,gift for him,handmade,gift for her",https://www.etsy.com/listing/275472781,car-charm
Acrylic Charm Memorial Gift Keepsake,23.36,1464,244,1594,Shop402Studio,"handmade,personalized gift,gift for him,custom",https://www.etsy.com/listing/457570202,car-charm
Unique Custom Acrylic Car Hanging Charm Father's Day Gift - Free Shipping,17.26,942,157,529,Shop493Studio,"custom,handmade,personalized gift,acrylic",https://www.etsy.com/listing/851284484,car-charm
Personalized Acrylic Car Hanging Charm For Best Friend | Best Gift Idea,21.12,870,145,540,Shop609Studio,"handmade,gift for her,accessories,keepsake",https://www.etsy.com/listing/166029017,car-charm
Unique Custom Acrylic Car Hanging Charm For Boss Keepsake,20.16,984,164,1289,Shop918Studio,"personalized gift,keepsake,custom,accessories",https://www.etsy.com/listing/856025689,car-charm
Custom Acrylic Car Hanging Charm For Sister | Best Gift Idea,21.45,816,136,783,Shop217Studio,"personalized gift,acrylic,keepsake,gift for her",https://www.etsy.com/listing/569708702,car-charm
Acrylic Car Hanging Charm For Dad Mother's Day Gift Gift 2026,21.77,504,84,524,Shop544Studio,"accessories,keepsake,custom,handmade",https://www.etsy.com/listing/712949615,car-charm
Custom Acrylic Car Hanging Charm For Grandpa,20.48,1554,259,1756,Shop170Studio,"custom,gift for her,handmade,gift for him",https://www.etsy.com/listing/544785745,car-charm
Personalized Personalized Acrylic Car Hanging Charm For Sister,26.49,102,17,61,Shop586Studio,"accessories,custom,handmade,gift for him",https://www.etsy.com/listing/870974537,car-charm
Personalized Acrylic Car Hanging Charm For Couple Valentine's Day Gift Keepsake,14.17,2700,450,2630,Shop189Studio,"personalized gift,acrylic,handmade,custom",https://www.etsy.com/listing/166333385,car-charm
Handmade Personalized Acrylic Car Hanging Charm For Dog Mom Birthday Gift | Best Gift Idea,17.37,738,123,265,Shop179Studio,"custom,gift for him,gift for her,keepsake",https://www.etsy.com/listing/915848420,car-charm
Personalized Custom Acrylic Car Hanging Charm For Grandpa | Best Gift Idea,23.79,306,51,373,Shop878Studio,"gift for him,accessories,personalized gift,handmade",https://www.etsy.com/listing/956310300,car-charm
Acrylic Car Hanging Charm,26.05,1254,209,547,Shop979Studio,"custom,personalized gift,keepsake,gift for him",https://www.etsy.com/listing/512247089,car-charm
Custom acrylic charm For Dad Wedding Gift Gift 2026,19.63,1392,232,1497,Shop698Studio,"acrylic,personalized gift,handmade,gift for him",https://www.etsy.com/listing/247743147,car-charm
Unique Acrylic Car Hanging Charm Gift 2026,22.71,330,55,163,Shop551Studio,"personalized gift,accessories,gift for him,acrylic",https://www.etsy.com/listing/306300759,car-charm
Acrylic Charm For Sister,22.85,522,87,298,Shop498Studio,"handmade,gift for him,keepsake,gift for her",https://www.etsy.com/listing/314346705,car-charm
Personalized acrylic charm gift For Best Friend Graduation Gift Keepsake,22.91,810,135,857,Shop998Studio,"accessories,keepsake,personalized gift,handmade",https://www.etsy.com/listing/847491060,car-charm
Unique Personalized acrylic charm gift For Couple,18.55,744,124,865,Shop738Studio,"personalized gift,acrylic,gift for her,handmade",https://www.etsy.com/listing/287139947,car-charm
Handmade Acrylic Charm For Sister - Free Shipping,23.77,2328,388,1342,Shop346Studio,"keepsake,personalized gift,acrylic,custom",https://www.etsy.com/listing/272699691,car-charm
Unique Acrylic Charm Anniversary Gift Keepsake,16.4,1110,185,999,Shop640Studio,"personalized gift,accessories,handmade,custom",https://www.etsy.com/listing/289668829,car-charm
Handmade Acrylic Charm Father's Day Gift | Best Gift Idea,26.08,408,68,450,Shop834Studio,"gift for her,handmade,acrylic,keepsake",https://www.etsy.com/listing/135680513,car-charm
Acrylic Car Hanging Charm For Grandma Gift 2026,13.59,1206,201,1463,Shop264Studio,"gift for him,handmade,accessories,personalized gift",https://www.etsy.com/listing/858936546,car-charm
Unique Personalized acrylic charm gift Christmas Gift - Free Shipping,13.29,576,96,496,Shop234Studio,"acrylic,custom,handmade,personalized gift",https://www.etsy.com/listing/149218849,car-charm
Personalized acrylic charm gift Wedding Gift,20.0,336,56,207,Shop424Studio,"handmade,personalized gift,accessories,gift for him",https://www.etsy.com/listing/481274184,car-charm
Personalized Acrylic Charm For Couple Christmas Gift - Free Shipping,22.78,558,93,624,Shop478Studio,"gift for him,personalized gift,gift for her,accessories",https://www.etsy.com/listing/418534564,car-charm
Personalized Acrylic Car Hanging Charm For Dog Mom Memorial Gift,27.45,1596,266,1111,Shop254Studio,"gift for her,handmade,acrylic,keepsake",https://www.etsy.com/listing/327058862,car-charm
Personalized Acrylic Car Hanging Charm Mother's Day Gift Keepsake,23.64,756,126,259,Shop529Studio,"personalized gift,handmade,keepsake,gift for him",https://www.etsy.com/listing/200641033,car-charm
Custom Custom acrylic charm Father's Day Gift Keepsake,27.81,360,60,218,Shop932Studio,"keepsake,acrylic,accessories,handmade",https://www.etsy.com/listing/228565798,car-charm
Handmade Personalized acrylic charm gift For Dad,26.51,672,112,602,Shop761Studio,"custom,handmade,accessories,gift for him",https://www.etsy.com/listing/614479708,car-charm
Handmade Custom acrylic charm For Grandpa Memorial Gift | Best Gift Idea,27.1,282,47,233,Shop928Studio,"personalized gift,acrylic,keepsake,gift for her",https://www.etsy.com/listing/851242559,car-charm
Handmade Acrylic Car Hanging Charm For Grandma Birthday Gift | Best Gift Idea,25.97,564,94,585,Shop682Studio,"gift for him,accessories,personalized gift,handmade",https://www.etsy.com/listing/240087654,car-charm
Acrylic Charm For Best Friend,25.76,276,46,364,Shop759Studio,"acrylic,personalized gift,gift for her,gift for him",https://www.etsy.com/listing/542626957,car-charm
Custom Personalized Acrylic Car Hanging Charm - Free Shipping,22.3,276,46,139,Shop383Studio,"accessories,handmade,gift for him,custom",https://www.etsy.com/listing/445579402,car-charm
Personalized Acrylic Car Hanging Charm Gift 2026,15.48,402,67,144,Shop980Studio,"accessories,gift for her,personalized gift,custom",https://www.etsy.com/listing/376403670,car-charm
Handmade Acrylic Car Hanging Charm Christmas Gift Gift 2026,22.49,444,74,264,Shop840Studio,"keepsake,personalized gift,gift for her,acrylic",https://www.etsy.com/listing/491598984,car-charm
Custom Personalized Acrylic Car Hanging Charm For Sister | Best Gift Idea,16.85,1524,254,645,Shop270Studio,"personalized gift,acrylic,handmade,keepsake",https://www.etsy.com/listing/171966611,car-charm
Personalized Personalized acrylic charm gift For Couple,13.41,1728,288,1365,Shop109Studio,"accessories,acrylic,keepsake,gift for her",https://www.etsy.com/listing/593545095,car-charm
Handmade Personalized acrylic charm gift Gift 2026,23.38,276,46,163,Shop544Studio,"personalized gift,acrylic,accessories,handmade",https://www.etsy.com/listing/156948776,car-charm
Personalized Custom acrylic charm Father's Day Gift,19.61,234,39,255,Shop172Studio,"gift for her,keepsake,accessories,personalized gift",https://www.etsy.com/listing/929357983,car-charm
Unique Acrylic Charm For Grandpa Housewarming Gift Gift 2026,26.02,504,84,534,Shop809Studio,"keepsake,acrylic,personalized gift,handmade",https://www.etsy.com/listing/415200312,car-charm
Custom Acrylic Car Hanging Charm Wedding Gift Gift 2026,30.84,282,47,132,Shop456Studio,"accessories,keepsake,handmade,custom",https://www.etsy.com/listing/574304993,car-charm
Custom Custom acrylic charm,25.59,546,91,256,Shop555Studio,"accessories,handmade,gift for her,acrylic",https://www.etsy.com/listing/453953777,car-charm
Personalized acrylic charm gift For Couple Christmas Gift,22.95,372,62,478,Shop598Studio,"keepsake,personalized gift,handmade,gift for him",https://www.etsy.com/listing/592668440,car-charm
Custom Personalized Acrylic Car Hanging Charm For Couple Keepsake,30.91,528,88,256,Shop464Studio,"accessories,gift for him,handmade,gift for her",https://www.etsy.com/listing/372267237,car-charm
Custom acrylic charm For Grandma Gift 2026,23.29,1152,192,751,Shop935Studio,"gift for her,handmade,keepsake,gift for him",https://www.etsy.com/listing/900940857,car-charm
Personalized Acrylic Car Hanging Charm Mother's Day Gift,25.82,1416,236,1447,Shop710Studio,"keepsake,handmade,gift for her,personalized gift",https://www.etsy.com/listing/102069614,car-charm
Personalized Acrylic Car Hanging Charm For Dad Graduation Gift - Free Shipping,14.62,1710,285,1177,Shop206Studio,"gift for him,handmade,acrylic,personalized gift",https://www.etsy.com/listing/973312101,car-charm
Custom Custom acrylic charm For Mom,26.66,888,148,334,Shop626Studio,"gift for him,acrylic,custom,handmade",https://www.etsy.com/listing/298006682,car-charm
Unique Personalized Acrylic Car Hanging Charm Gift 2026,17.34,936,156,473,Shop470Studio,"handmade,personalized gift,custom,accessories",https://www.etsy.com/listing/596424568,car-charm
Handmade Custom Acrylic Car Hanging Charm For Dog Mom Wedding Gift Keepsake,26.25,540,90,188,Shop524Studio,"personalized gift,acrylic,accessories,gift for him",https://www.etsy.com/listing/286357330,car-charm
Custom Acrylic Car Hanging Charm For Boss Memorial Gift | Best Gift Idea,20.25,618,103,326,Shop753Studio,"personalized gift,handmade,custom,gift for him",https://www.etsy.com/listing/834742507,car-charm
Custom Personalized Acrylic Car Hanging Charm Gift 2026,14.07,204,34,141,Shop525Studio,"personalized gift,custom,gift for him,handmade",https://www.etsy.com/listing/507883912,car-charm
Handmade Personalized acrylic charm gift For Sister | Best Gift Idea,24.45,438,73,302,Shop861Studio,"acrylic,accessories,handmade,personalized gift",https://www.etsy.com/listing/648654347,car-charm
Unique Custom acrylic charm Keepsake,16.12,510,85,424,Shop673Studio,"keepsake,gift for him,handmade,personalized gift",https://www.etsy.com/listing/973455864,car-charm
Custom Personalized Acrylic Car Hanging Charm | Best Gift Idea,17.31,642,107,721,Shop867Studio,"gift for her,personalized gift,handmade,custom",https://www.etsy.com/listing/430396654,car-charm
Personalized Acrylic Charm For Dog Mom Anniversary Gift - Free Shipping,22.67,132,22,79,Shop476Studio,"acrylic,personalized gift,keepsake,custom",https://www.etsy.com/listing/221612123,car-charm
Acrylic Car Hanging Charm For Mom,22.57,954,159,1143,Shop667Studio,"acrylic,personalized gift,keepsake,gift for him",https://www.etsy.com/listing/124360501,car-charm
Unique Acrylic Charm For Dad Birthday Gift - Free Shipping,17.42,2226,371,825,Shop542Studio,"gift for her,handmade,custom,personalized gift",https://www.etsy.com/listing/445966771,car-charm
Custom Acrylic Car Hanging Charm For Best Friend Housewarming Gift,17.76,180,30,92,Shop908Studio,"gift for her,acrylic,keepsake,custom",https://www.etsy.com/listing/503678313,car-charm
Acrylic Car Hanging Charm,27.45,402,67,458,Shop875Studio,"custom,keepsake,gift for her,acrylic",https://www.etsy.com/listing/662127655,car-charm
Handmade Acrylic Car Hanging Charm For Dog Mom - Free Shipping,21.14,924,154,420,Shop353Studio,"keepsake,gift for her,personalized gift,accessories",https://www.etsy.com/listing/219859106,car-charm
Acrylic Car Hanging Charm Graduation Gift,19.13,948,158,603,Shop245Studio,"keepsake,accessories,custom,acrylic",https://www.etsy.com/listing/660158590,car-charm
Handmade Custom acrylic charm For Sister,17.47,246,41,141,Shop548Studio,"keepsake,gift for her,gift for him,custom",https://www.etsy.com/listing/606512416,car-charm
Unique Custom acrylic charm - Free Shipping,21.09,900,150,1039,Shop278Studio,"keepsake,gift for her,handmade,custom",https://www.etsy.com/listing/968242133,car-charm
Unique Acrylic Charm | Best Gift Idea,22.84,750,125,273,Shop494Studio,"accessories,gift for him,acrylic,personalized gift",https://www.etsy.com/listing/287380479,car-charm
Acrylic Car Hanging Charm | Best Gift Idea,13.47,492,82,512,Shop971Studio,"gift for him,custom,gift for her,handmade",https://www.etsy.com/listing/804689605,car-charm
Personalized Custom Acrylic Car Hanging Charm For Grandpa Gift 2026,20.56,246,41,265,Shop182Studio,"keepsake,custom,accessories,personalized gift",https://www.etsy.com/listing/214102503,car-charm
Custom Custom Acrylic Car Hanging Charm | Best Gift Idea,20.51,678,113,632,Shop260Studio,"gift for her,acrylic,keepsake,personalized gift",https://www.etsy.com/listing/564755878,car-charm
Custom acrylic charm For Mom,17.84,558,93,583,Shop883Studio,"acrylic,gift for him,keepsake,gift for her",https://www.etsy.com/listing/619394801,car-charm
Custom acrylic charm Gift 2026,27.48,492,82,170,Shop272Studio,"gift for her,acrylic,keepsake,custom",https://www.etsy.com/listing/620784677,car-charm
Personalized Personalized acrylic charm gift,27.64,1884,314,2221,Shop724Studio,"gift for her,custom,acrylic,accessories",https://www.etsy.com/listing/164086720,car-charm
Personalized Custom acrylic charm Keepsake,13.92,1578,263,1746,Shop194Studio,"gift for her,keepsake,acrylic,handmade",https://www.etsy.com/listing/814094993,car-charm
Custom acrylic charm For Couple,19.97,1038,173,1332,Shop897Studio,"gift for her,handmade,gift for him,personalized gift",https://www.etsy.com/listing/570182212,car-charm
Custom Custom acrylic charm For Dad Gift 2026,22.19,114,19,48,Shop384Studio,"keepsake,custom,accessories,gift for her",https://www.etsy.com/listing/487487673,car-charm
Personalized Custom acrylic charm - Free Shipping,28.23,564,94,634,Shop787Studio,"acrylic,keepsake,handmade,gift for her",https://www.etsy.com/listing/175153224,car-charm
Personalized Acrylic Car Hanging Charm For Grandma Keepsake,26.79,1800,300,1524,Shop589Studio,"accessories,acrylic,personalized gift,keepsake",https://www.etsy.com/listing/292106766,car-charm
Unique Acrylic Charm Keepsake,18.56,90,15,42,Shop912Studio,"handmade,personalized gift,acrylic,custom",https://www.etsy.com/listing/499814417,car-charm
Handmade Acrylic Charm Wedding Gift,16.9,1392,232,1318,Shop910Studio,"accessories,handmade,keepsake,personalized gift",https://www.etsy.com/listing/784435898,car-charm
Unique Custom Acrylic Car Hanging Charm For Dad Keepsake,15.87,690,115,733,Shop991Studio,"custom,acrylic,personalized gift,gift for him",https://www.etsy.com/listing/237188464,car-charm
Engraved Bar Necklace For Dog Mom | Best Gift Idea,30.45,1200,200,1352,Shop273Studio,"metal,personalized gift,custom,jewelry",https://www.etsy.com/listing/334662153,bar-necklace
Handmade Metal Necklace Anniversary Gift Gift 2026,27.98,678,113,758,Shop206Studio,"gift for him,handmade,gift for her,metal",https://www.etsy.com/listing/552566515,bar-necklace
Metal Necklace For Boss | Best Gift Idea,23.91,432,72,169,Shop666Studio,"metal,gift for him,gift for her,handmade",https://www.etsy.com/listing/779528842,bar-necklace
Handmade Engraved Bar Necklace For Dad Gift 2026,34.74,96,16,126,Shop302Studio,"personalized gift,jewelry,keepsake,gift for him",https://www.etsy.com/listing/294813473,bar-necklace
Personalized Engraved Bar Necklace Gift 2026,38.58,264,44,329,Shop834Studio,"metal,gift for her,personalized gift,keepsake",https://www.etsy.com/listing/997963618,bar-necklace
Handmade Engraved Bar Necklace Gift 2026,26.37,210,35,248,Shop135Studio,"gift for him,metal,custom,gift for her",https://www.etsy.com/listing/918461386,bar-necklace
Handmade Metal Necklace For Best Friend Valentine's Day Gift Keepsake,31.83,24,4,29,Shop433Studio,"gift for him,keepsake,gift for her,metal",https://www.etsy.com/listing/862701274,bar-necklace
Custom Personalized metal necklace gift Keepsake,46.91,132,22,148,Shop108Studio,"custom,jewelry,personalized gift,gift for her",https://www.etsy.com/listing/791491196,bar-necklace
Personalized metal necklace gift,30.26,84,14,45,Shop473Studio,"handmade,custom,gift for her,metal",https://www.etsy.com/listing/420154901,bar-necklace
Custom metal necklace Valentine's Day Gift - Free Shipping,26.22,156,26,133,Shop329Studio,"handmade,keepsake,custom,gift for her",https://www.etsy.com/listing/670647260,bar-necklace
Handmade Custom metal necklace Birthday Gift Keepsake,23.38,492,82,560,Shop991Studio,"personalized gift,keepsake,metal,gift for her",https://www.etsy.com/listing/925868334,bar-necklace
Handmade Custom metal necklace Housewarming Gift Keepsake,27.06,150,25,148,Shop551Studio,"keepsake,personalized gift,gift for him,metal",https://www.etsy.com/listing/486724796,bar-necklace
Personalized Custom Engraved Bar Necklace Keepsake,43.15,126,21,162,Shop899Studio,"personalized gift,jewelry,keepsake,metal",https://www.etsy.com/listing/479803970,bar-necklace
Custom Engraved Bar Necklace Graduation Gift | Best Gift Idea,31.14,180,30,139,Shop286Studio,"gift for him,keepsake,metal,jewelry",https://www.etsy.com/listing/235201344,bar-necklace
Custom Engraved Bar Necklace For Teacher | Best Gift Idea,24.21,78,13,88,Shop928Studio,"custom,gift for her,handmade,metal",https://www.etsy.com/listing/924078517,bar-necklace
Metal Necklace For Couple Birthday Gift | Best Gift Idea,21.17,102,17,93,Shop762Studio,"metal,keepsake,jewelry,gift for her",https://www.etsy.com/listing/956739337,bar-necklace
Handmade Personalized Engraved Bar Necklace Keepsake,27.5,264,44,234,Shop684Studio,"jewelry,gift for her,metal,keepsake",https://www.etsy.com/listing/615575327,bar-necklace
Personalized Personalized metal necklace gift,32.65,372,62,172,Shop470Studio,"handmade,keepsake,metal,gift for him",https://www.etsy.com/listing/215899418,bar-necklace
Personalized Engraved Bar Necklace For Sister Valentine's Day Gift | Best Gift Idea,36.65,102,17,69,Shop460Studio,"gift for her,handmade,jewelry,custom",https://www.etsy.com/listing/206759075,bar-necklace
Handmade Personalized Engraved Bar Necklace For Dad,37.98,330,55,257,Shop771Studio,"gift for him,gift for her,handmade,custom",https://www.etsy.com/listing/377922029,bar-necklace
Unique Personalized metal necklace gift Graduation Gift - Free Shipping,34.21,486,81,604,Shop194Studio,"jewelry,personalized gift,keepsake,gift for him",https://www.etsy.com/listing/891010813,bar-necklace
Personalized Personalized Engraved Bar Necklace For Dad Valentine's Day Gift,27.92,90,15,39,Shop327Studio,"keepsake,jewelry,custom,handmade",https://www.etsy.com/listing/968812825,bar-necklace
Unique Metal Necklace Gift 2026,35.61,492,82,619,Shop891Studio,"gift for her,metal,handmade,custom",https://www.etsy.com/listing/997567386,bar-necklace
Personalized Custom metal necklace For Dog Mom Keepsake,27.51,180,30,71,Shop564Studio,"keepsake,personalized gift,jewelry,custom",https://www.etsy.com/listing/981833679,bar-necklace
Personalized metal necklace gift - Free Shipping,20.72,474,79,402,Shop275Studio,"gift for him,handmade,gift for her,keepsake",https://www.etsy.com/listing/855345129,bar-necklace
Unique Metal Necklace For Dog Mom Graduation Gift - Free Shipping,26.34,942,157,963,Shop418Studio,"handmade,gift for her,metal,jewelry",https://www.etsy.com/listing/168778252,bar-necklace
Custom Metal Necklace Valentine's Day Gift,37.58,168,28,105,Shop789Studio,"gift for him,gift for her,custom,jewelry",https://www.etsy.com/listing/959274158,bar-necklace
Handmade Personalized Engraved Bar Necklace For Dad Gift 2026,38.36,294,49,369,Shop247Studio,"handmade,personalized gift,gift for her,custom",https://www.etsy.com/listing/995628747,bar-necklace
Personalized Metal Necklace For Best Friend,29.45,504,84,185,Shop761Studio,"jewelry,personalized gift,gift for him,gift for her",https://www.etsy.com/listing/711626252,bar-necklace
Unique Custom Engraved Bar Necklace Wedding Gift,33.72,48,8,54,Shop423Studio,"custom,keepsake,personalized gift,jewelry",https://www.etsy.com/listing/699700955,bar-necklace
Metal Necklace,39.36,402,67,304,Shop428Studio,"jewelry,handmade,metal,custom",https://www.etsy.com/listing/525235817,bar-necklace
Personalized metal necklace gift Memorial Gift,23.34,732,122,626,Shop542Studio,"gift for him,metal,jewelry,gift for her",https://www.etsy.com/listing/797781182,bar-necklace
Custom Personalized Engraved Bar Necklace Graduation Gift | Best Gift Idea,29.05,96,16,115,Shop765Studio,"gift for him,custom,gift for her,jewelry",https://www.etsy.com/listing/270829711,bar-necklace
Handmade Custom Bead Bracelet For Boss Christmas Gift Keepsake,30.69,210,35,185,Shop362Studio,"gift for him,gift for her,jewelry,metal",https://www.etsy.com/listing/692530180,bead-bracelet
Metal Bracelet,33.73,60,10,60,Shop311Studio,"personalized gift,gift for him,keepsake,jewelry",https://www.etsy.com/listing/982974671,bead-bracelet
Unique Personalized Custom Bead Bracelet For Grandma Father's Day Gift,30.65,72,12,40,Shop544Studio,"metal,gift for him,custom,handmade",https://www.etsy.com/listing/438751358,bead-bracelet
Custom Custom Custom Bead Bracelet For Dog Mom,41.42,462,77,386,Shop433Studio,"custom,jewelry,handmade,gift for him",https://www.etsy.com/listing/505154108,bead-bracelet
Personalized metal bracelet gift,30.07,96,16,104,Shop915Studio,"metal,keepsake,gift for her,custom",https://www.etsy.com/listing/836391145,bead-bracelet
Handmade Custom Custom Bead Bracelet For Best Friend,38.84,402,67,211,Shop724Studio,"jewelry,keepsake,metal,personalized gift",https://www.etsy.com/listing/759644377,bead-bracelet
Handmade Personalized metal bracelet gift Gift 2026,27.6,942,157,780,Shop520Studio,"jewelry,handmade,metal,keepsake",https://www.etsy.com/listing/589604329,bead-bracelet
Unique Metal Bracelet Birthday Gift,36.42,834,139,536,Shop733Studio,"metal,custom,personalized gift,gift for him",https://www.etsy.com/listing/806272800,bead-bracelet
Personalized Custom Bead Bracelet For Couple,32.93,60,10,24,Shop277Studio,"metal,handmade,keepsake,custom",https://www.etsy.com/listing/481056040,bead-bracelet
Handmade Custom metal bracelet - Free Shipping,23.57,90,15,103,Shop694Studio,"jewelry,personalized gift,handmade,gift for him",https://www.etsy.com/listing/503071900,bead-bracelet
Custom Metal Bracelet Housewarming Gift Keepsake,31.52,114,19,88,Shop677Studio,"jewelry,gift for him,handmade,custom",https://www.etsy.com/listing/190655645,bead-bracelet
Custom Bead Bracelet For Dog Mom Housewarming Gift,34.38,132,22,138,Shop431Studio,"jewelry,personalized gift,gift for her,gift for him",https://www.etsy.com/listing/396623389,bead-bracelet
Custom Custom Bead Bracelet For Teacher,29.38,174,29,152,Shop546Studio,"gift for him,jewelry,custom,metal",https://www.etsy.com/listing/779112210,bead-bracelet
Custom Custom Bead Bracelet For Grandpa | Best Gift Idea,40.19,42,7,24,Shop704Studio,"jewelry,gift for her,handmade,keepsake",https://www.etsy.com/listing/982582301,bead-bracelet
Unique Custom metal bracelet Keepsake,39.27,108,18,137,Shop306Studio,"personalized gift,jewelry,gift for her,gift for him",https://www.etsy.com/listing/388786777,bead-bracelet
Custom Custom metal bracelet For Couple Gift 2026,25.78,102,17,121,Shop887Studio,"metal,custom,gift for her,gift for him",https://www.etsy.com/listing/717242727,bead-bracelet
Handmade Personalized Custom Bead Bracelet For Dad,28.72,300,50,374,Shop880Studio,"jewelry,personalized gift,handmade,keepsake",https://www.etsy.com/listing/968805747,bead-bracelet
Custom Custom Bead Bracelet Valentine's Day Gift,30.61,42,7,28,Shop531Studio,"keepsake,gift for her,personalized gift,handmade",https://www.etsy.com/listing/929220812,bead-bracelet
Personalized Personalized Custom Bead Bracelet - Free Shipping,33.31,174,29,215,Shop404Studio,"personalized gift,metal,jewelry,gift for him",https://www.etsy.com/listing/828687601,bead-bracelet
Custom Engraved Wallet Insert Card For Boss Gift 2026,32.91,264,44,170,Shop695Studio,"custom,gift for her,keepsakes,personalized gift",https://www.etsy.com/listing/187124114,wallet-card
Unique Personalized metal card gift Graduation Gift - Free Shipping,30.21,1380,230,863,Shop806Studio,"metal,custom,personalized gift,gift for him",https://www.etsy.com/listing/127778698,wallet-card
Unique Custom metal card - Free Shipping,35.43,804,134,710,Shop281Studio,"keepsake,gift for him,personalized gift,handmade",https://www.etsy.com/listing/434822534,wallet-card
Personalized metal card gift For Mom Father's Day Gift Gift 2026,23.66,120,20,157,Shop149Studio,"handmade,keepsake,keepsakes,metal",https://www.etsy.com/listing/746811291,wallet-card
Personalized Engraved Wallet Insert Card For Dad,21.73,48,8,53,Shop491Studio,"metal,gift for him,custom,handmade",https://www.etsy.com/listing/134796648,wallet-card
Custom metal card Keepsake,29.34,174,29,148,Shop225Studio,"metal,keepsakes,gift for her,handmade",https://www.etsy.com/listing/276486794,wallet-card
Custom Engraved Wallet Insert Card For Dog Mom - Free Shipping,27.5,228,38,303,Shop805Studio,"handmade,personalized gift,keepsake,metal",https://www.etsy.com/listing/316454884,wallet-card
Custom Custom metal card For Teacher Housewarming Gift Gift 2026,27.29,198,33,153,Shop852Studio,"metal,gift for him,gift for her,keepsake",https://www.etsy.com/listing/152161744,wallet-card
Handmade Metal Card - Free Shipping,39.43,282,47,128,Shop830Studio,"gift for her,personalized gift,keepsakes,metal",https://www.etsy.com/listing/772347958,wallet-card
Personalized Engraved Wallet Insert Card,31.24,570,95,646,Shop619Studio,"gift for her,keepsake,metal,gift for him",https://www.etsy.com/listing/610305266,wallet-card
Custom metal card For Grandma,29.57,114,19,114,Shop734Studio,"keepsake,personalized gift,keepsakes,gift for him",https://www.etsy.com/listing/993923683,wallet-card
Custom Engraved Wallet Insert Card Gift 2026,25.96,654,109,776,Shop891Studio,"keepsake,personalized gift,metal,handmade",https://www.etsy.com/listing/407674500,wallet-card
Personalized Custom metal card For Grandpa Memorial Gift,28.36,42,7,51,Shop402Studio,"custom,metal,gift for her,keepsake",https://www.etsy.com/listing/348679080,wallet-card
Unique Custom metal card,31.16,150,25,115,Shop591Studio,"keepsakes,gift for her,keepsake,custom",https://www.etsy.com/listing/555896189,wallet-card
Personalized Custom paper puzzle For Sister - Free Shipping,19.47,4506,751,1651,Shop338Studio,"personalized gift,paper,toys & games,custom",https://www.etsy.com/listing/162670438,photo-puzzle
Custom paper puzzle For Teacher Graduation Gift Keepsake,19.84,1044,174,479,Shop129Studio,"handmade,gift for her,keepsake,paper",https://www.etsy.com/listing/721309064,photo-puzzle
Personalized Custom paper puzzle For Dad | Best Gift Idea,19.72,132,22,139,Shop481Studio,"custom,gift for her,handmade,paper",https://www.etsy.com/listing/893569392,photo-puzzle
Personalized Custom Photo Puzzle For Boss Mother's Day Gift,19.39,126,21,88,Shop536Studio,"keepsake,gift for her,paper,handmade",https://www.etsy.com/listing/827544669,photo-puzzle
Unique Personalized paper puzzle gift For Couple Gift 2026,16.52,264,44,95,Shop309Studio,"toys & games,paper,custom,gift for her",https://www.etsy.com/listing/392794795,photo-puzzle
Personalized Custom Custom Photo Puzzle For Dad,16.89,888,148,648,Shop816Studio,"paper,handmade,gift for her,toys & games",https://www.etsy.com/listing/408378373,photo-puzzle
Personalized Custom paper puzzle For Couple,14.26,96,16,52,Shop678Studio,"toys & games,personalized gift,gift for him,keepsake",https://www.etsy.com/listing/897520544,photo-puzzle
Personalized Personalized paper puzzle gift | Best Gift Idea,21.14,666,111,621,Shop584Studio,"handmade,toys & games,gift for her,personalized gift",https://www.etsy.com/listing/568329441,photo-puzzle
Paper Puzzle | Best Gift Idea,21.71,444,74,303,Shop507Studio,"keepsake,custom,paper,gift for him",https://www.etsy.com/listing/714692834,photo-puzzle
Handmade Custom paper puzzle Father's Day Gift | Best Gift Idea,24.2,324,54,223,Shop817Studio,"toys & games,personalized gift,gift for her,paper",https://www.etsy.com/listing/926161295,photo-puzzle
Custom Custom Photo Puzzle Housewarming Gift Gift 2026,18.63,126,21,104,Shop994Studio,"toys & games,custom,handmade,paper",https://www.etsy.com/listing/819877639,photo-puzzle
Custom Photo Puzzle Gift 2026,17.49,156,26,86,Shop618Studio,"gift for him,gift for her,handmade,custom",https://www.etsy.com/listing/280080780,photo-puzzle
Handmade Custom paper puzzle | Best Gift Idea,21.33,204,34,91,Shop615Studio,"custom,keepsake,gift for her,handmade",https://www.etsy.com/listing/370703660,photo-puzzle
Personalized paper puzzle gift - Free Shipping,21.46,174,29,177,Shop553Studio,"personalized gift,paper,handmade,gift for her",https://www.etsy.com/listing/417612004,photo-puzzle
Handmade Custom Photo Puzzle For Mom | Best Gift Idea,18.65,1434,239,1341,Shop782Studio,"personalized gift,custom,paper,toys & games",https://www.etsy.com/listing/342357315,photo-puzzle
Handmade Custom Photo Puzzle For Couple - Free Shipping,23.93,300,50,360,Shop270Studio,"handmade,keepsake,gift for her,personalized gift",https://www.etsy.com/listing/646674012,photo-puzzle
Custom Paper Puzzle For Dog Mom Wedding Gift,15.33,402,67,467,Shop683Studio,"toys & games,paper,custom,keepsake",https://www.etsy.com/listing/842736116,photo-puzzle
Custom Custom paper puzzle Gift 2026,19.73,1362,227,815,Shop617Studio,"gift for him,personalized gift,paper,handmade",https://www.etsy.com/listing/442710365,photo-puzzle
Handmade Custom Photo Puzzle Gift 2026,14.48,414,69,410,Shop307Studio,"gift for her,toys & games,paper,keepsake",https://www.etsy.com/listing/727715331,photo-puzzle
Unique Custom paper puzzle,18.84,990,165,620,Shop993Studio,"gift for him,paper,keepsake,gift for her",https://www.etsy.com/listing/798063826,photo-puzzle
Custom Custom paper puzzle Memorial Gift | Best Gift Idea,21.93,642,107,422,Shop487Studio,"gift for him,gift for her,personalized gift,keepsake",https://www.etsy.com/listing/699890491,photo-puzzle
Personalized Paper Puzzle - Free Shipping,16.48,552,92,595,Shop844Studio,"personalized gift,keepsake,gift for her,toys & games",https://www.etsy.com/listing/796036107,photo-puzzle
Personalized Custom Photo Puzzle - Free Shipping,13.1,378,63,263,Shop506Studio,"gift for her,gift for him,keepsake,toys & games",https://www.etsy.com/listing/381527969,photo-puzzle
Personalized Custom Custom Photo Puzzle For Grandpa Graduation Gift Keepsake,21.93,822,137,534,Shop482Studio,"keepsake,gift for her,paper,custom",https://www.etsy.com/listing/836487229,photo-puzzle
Personalized Personalized paper puzzle gift For Teacher Christmas Gift - Free Shipping,16.23,234,39,254,Shop817Studio,"personalized gift,gift for her,handmade,toys & games",https://www.etsy.com/listing/211649309,photo-puzzle
Unique Custom paper puzzle For Sister Christmas Gift - Free Shipping,23.26,882,147,977,Shop573Studio,"toys & games,gift for him,gift for her,personalized gift",https://www.etsy.com/listing/444532159,photo-puzzle
Unique Custom paper puzzle For Dad Graduation Gift - Free Shipping,14.36,222,37,217,Shop753Studio,"handmade,paper,gift for him,gift for her",https://www.etsy.com/listing/387246371,photo-puzzle
Handmade Custom paper puzzle Graduation Gift | Best Gift Idea,22.45,486,81,442,Shop532Studio,"gift for him,personalized gift,toys & games,custom",https://www.etsy.com/listing/216307800,photo-puzzle
Handmade Custom Photo Puzzle Father's Day Gift - Free Shipping,18.24,132,22,156,Shop916Studio,"paper,keepsake,personalized gift,gift for her",https://www.etsy.com/listing/357044143,photo-puzzle
Handmade Custom paper puzzle For Couple Mother's Day Gift Gift 2026,24.42,162,27,104,Shop214Studio,"keepsake,custom,handmade,gift for him",https://www.etsy.com/listing/248907116,photo-puzzle
Custom Custom Photo Puzzle For Couple,17.81,978,163,875,Shop329Studio,"custom,keepsake,handmade,personalized gift",https://www.etsy.com/listing/234214275,photo-puzzle
Custom Custom Photo Puzzle,20.85,258,43,328,Shop149Studio,"toys & games,keepsake,handmade,personalized gift",https://www.etsy.com/listing/990993859,photo-puzzle
Custom Personalized paper puzzle gift For Dog Mom Gift 2026,10.09,168,28,202,Shop837Studio,"toys & games,custom,gift for her,handmade",https://www.etsy.com/listing/698523464,photo-puzzle
Custom Photo Puzzle For Grandma Gift 2026,17.82,1110,185,909,Shop331Studio,"handmade,toys & games,paper,gift for her",https://www.etsy.com/listing/259962572,photo-puzzle
Custom Custom Photo Puzzle For Dog Mom Christmas Gift Gift 2026,18.16,486,81,474,Shop764Studio,"custom,gift for her,handmade,personalized gift",https://www.etsy.com/listing/871449163,photo-puzzle
Handmade Custom Photo Puzzle Housewarming Gift - Free Shipping,14.26,210,35,217,Shop329Studio,"custom,paper,toys & games,gift for him",https://www.etsy.com/listing/917959847,photo-puzzle
Personalized Paper Puzzle For Boss | Best Gift Idea,13.03,102,17,125,Shop795Studio,"toys & games,keepsake,paper,personalized gift",https://www.etsy.com/listing/818551869,photo-puzzle
Personalized Custom Custom Photo Puzzle For Dog Mom - Free Shipping,12.0,1116,186,730,Shop350Studio,"gift for her,paper,custom,handmade",https://www.etsy.com/listing/582472934,photo-puzzle
Custom Custom Photo Puzzle | Best Gift Idea,21.17,534,89,279,Shop746Studio,"personalized gift,keepsake,custom,toys & games",https://www.etsy.com/listing/554361793,photo-puzzle
Custom Personalized Custom Photo Puzzle Valentine's Day Gift,17.1,2136,356,1881,Shop747Studio,"toys & games,gift for her,personalized gift,keepsake",https://www.etsy.com/listing/534294871,photo-puzzle
Custom Photo Puzzle For Best Friend Graduation Gift,14.18,1326,221,1156,Shop475Studio,"custom,gift for her,handmade,gift for him",https://www.etsy.com/listing/317018690,photo-puzzle
Handmade Custom Custom Photo Puzzle For Dog Mom - Free Shipping,18.18,192,32,127,Shop923Studio,"handmade,personalized gift,gift for him,toys & games",https://www.etsy.com/listing/118983433,photo-puzzle
Unique Custom Photo Puzzle For Grandma Wedding Gift Keepsake,12.09,612,102,341,Shop544Studio,"toys & games,keepsake,personalized gift,handmade",https://www.etsy.com/listing/677648247,photo-puzzle
Custom Photo Puzzle Keepsake,17.17,234,39,166,Shop277Studio,"custom,gift for him,toys & games,keepsake",https://www.etsy.com/listing/454249567,photo-puzzle
Personalized Personalized paper puzzle gift For Grandma - Free Shipping,19.54,198,33,81,Shop147Studio,"personalized gift,gift for him,toys & games,custom",https://www.etsy.com/listing/588738254,photo-puzzle
Paper Puzzle For Best Friend Gift 2026,21.1,372,62,146,Shop580Studio,"paper,toys & games,gift for her,custom",https://www.etsy.com/listing/978021095,photo-puzzle
Personalized paper puzzle gift For Mom Keepsake,22.97,180,30,163,Shop162Studio,"custom,gift for him,keepsake,gift for her",https://www.etsy.com/listing/820346335,photo-puzzle
Handmade Custom Photo Puzzle | Best Gift Idea,14.39,216,36,187,Shop358Studio,"gift for him,handmade,gift for her,custom",https://www.etsy.com/listing/654637779,photo-puzzle
Unique Paper Puzzle For Teacher - Free Shipping,18.72,216,36,284,Shop757Studio,"paper,handmade,gift for her,keepsake",https://www.etsy.com/listing/922817158,photo-puzzle
Unique Personalized paper puzzle gift Housewarming Gift,13.84,156,26,130,Shop904Studio,"gift for him,keepsake,paper,custom",https://www.etsy.com/listing/735251077,photo-puzzle
Personalized paper puzzle gift,11.12,192,32,231,Shop505Studio,"gift for him,personalized gift,handmade,custom",https://www.etsy.com/listing/136996894,photo-puzzle
Personalized fabric pad gift Valentine's Day Gift | Best Gift Idea,30.4,7680,1280,4870,Shop734Studio,"gift for him,fabric,office,custom",https://www.etsy.com/listing/158070716,mouse-pad
Handmade Fabric Pad For Dad | Best Gift Idea,20.14,504,84,393,Shop662Studio,"personalized gift,fabric,office,custom",https://www.etsy.com/listing/658897581,mouse-pad
Handmade Personalized Custom Mouse Pad Birthday Gift Gift 2026,37.42,3066,511,3129,Shop463Studio,"keepsake,handmade,gift for her,personalized gift",https://www.etsy.com/listing/651378737,mouse-pad
Custom Custom Mouse Pad For Dog Mom | Best Gift Idea,26.54,654,109,377,Shop493Studio,"gift for her,keepsake,office,fabric",https://www.etsy.com/listing/842700408,mouse-pad
Fabric Pad For Sister Anniversary Gift | Best Gift Idea,40.8,180,30,171,Shop893Studio,"keepsake,fabric,personalized gift,handmade",https://www.etsy.com/listing/248515692,mouse-pad
Personalized Custom fabric pad Graduation Gift Gift 2026,49.95,510,85,674,Shop387Studio,"gift for her,fabric,keepsake,office",https://www.etsy.com/listing/374225923,mouse-pad
Handmade Custom Custom Mouse Pad For Boss,39.01,1584,264,566,Shop638Studio,"gift for him,office,personalized gift,handmade",https://www.etsy.com/listing/130564993,mouse-pad
Personalized Custom fabric pad For Grandpa Mother's Day Gift Keepsake,36.32,1764,294,683,Shop842Studio,"gift for her,custom,fabric,handmade",https://www.etsy.com/listing/591173666,mouse-pad
Handmade Personalized fabric pad gift For Best Friend,37.27,1182,197,1088,Shop690Studio,"keepsake,fabric,office,personalized gift",https://www.etsy.com/listing/778311877,mouse-pad
Unique Personalized fabric pad gift Wedding Gift Gift 2026,37.0,660,110,540,Shop201Studio,"gift for her,fabric,custom,gift for him",https://www.etsy.com/listing/831466683,mouse-pad
Handmade Fabric Pad | Best Gift Idea,38.22,246,41,299,Shop960Studio,"custom,personalized gift,gift for her,keepsake",https://www.etsy.com/listing/423363860,mouse-pad
Custom Custom Mouse Pad,27.35,3342,557,4440,Shop729Studio,"office,gift for him,personalized gift,handmade",https://www.etsy.com/listing/272052307,mouse-pad
Personalized Personalized fabric pad gift For Dog Mom Wedding Gift Keepsake,35.01,3954,659,1976,Shop780Studio,"gift for her,gift for him,office,handmade",https://www.etsy.com/listing/153458533,mouse-pad
Personalized Personalized Custom Mouse Pad For Grandpa Gift 2026,34.12,1260,210,1419,Shop509Studio,"handmade,keepsake,gift for him,personalized gift",https://www.etsy.com/listing/335108062,mouse-pad
Unique Custom fabric pad For Boss Keepsake,34.65,360,60,260,Shop880Studio,"gift for him,gift for her,keepsake,handmade",https://www.etsy.com/listing/655856222,mouse-pad
Personalized Personalized fabric pad gift For Couple | Best Gift Idea,45.47,666,111,759,Shop711Studio,"personalized gift,gift for him,gift for her,custom",https://www.etsy.com/listing/250979783,mouse-pad
Personalized Personalized Custom Mouse Pad Gift 2026,29.52,864,144,960,Shop195Studio,"personalized gift,gift for him,fabric,custom",https://www.etsy.com/listing/996364278,mouse-pad
Custom Custom Mouse Pad For Boss,41.79,282,47,196,Shop131Studio,"custom,office,gift for him,handmade",https://www.etsy.com/listing/638153855,mouse-pad
Personalized Custom Mouse Pad,21.09,20334,3389,14009,Shop474Studio,"personalized gift,gift for her,office,gift for him",https://www.etsy.com/listing/953006605,mouse-pad
Handmade Custom Custom Mouse Pad For Dog Mom Mother's Day Gift,41.25,1050,175,1354,Shop738Studio,"custom,keepsake,gift for her,handmade",https://www.etsy.com/listing/374070692,mouse-pad
Custom Personalized fabric pad gift Gift 2026,18.22,948,158,364,Shop550Studio,"custom,fabric,gift for him,office",https://www.etsy.com/listing/137112722,mouse-pad
Custom Mouse Pad - Free Shipping,41.53,1464,244,1727,Shop157Studio,"gift for her,gift for him,personalized gift,fabric",https://www.etsy.com/listing/134398218,mouse-pad
Handmade Custom fabric pad For Teacher Keepsake,39.74,210,35,101,Shop562Studio,"office,personalized gift,keepsake,custom",https://www.etsy.com/listing/708862858,mouse-pad
Unique Custom Mouse Pad Birthday Gift Gift 2026,26.2,180,30,159,Shop663Studio,"office,gift for him,custom,gift for her",https://www.etsy.com/listing/750372047,mouse-pad
Personalized Personalized Custom Mouse Pad Valentine's Day Gift | Best Gift Idea,39.96,108,18,42,Shop111Studio,"handmade,fabric,personalized gift,gift for him",https://www.etsy.com/listing/681946809,mouse-pad
Unique Fabric Pad Keepsake,36.54,1650,275,1015,Shop443Studio,"keepsake,fabric,office,handmade",https://www.etsy.com/listing/298079929,mouse-pad
Fabric Pad Keepsake,28.35,1086,181,1113,Shop781Studio,"keepsake,fabric,office,handmade",https://www.etsy.com/listing/894861841,mouse-pad
Personalized Fabric Pad For Boss Keepsake,29.24,48,8,55,Shop666Studio,"gift for her,gift for him,keepsake,office",https://www.etsy.com/listing/586497122,mouse-pad
Custom Custom fabric pad - Free Shipping,35.34,342,57,372,Shop260Studio,"custom,office,handmade,gift for her",https://www.etsy.com/listing/498973923,mouse-pad
Unique Personalized Custom Mouse Pad - Free Shipping,36.85,630,105,588,Shop623Studio,"custom,handmade,personalized gift,gift for her",https://www.etsy.com/listing/846109395,mouse-pad
Personalized Personalized Custom Mouse Pad For Sister Anniversary Gift Keepsake,29.83,294,49,143,Shop602Studio,"handmade,custom,gift for him,keepsake",https://www.etsy.com/listing/119173884,mouse-pad
Custom Custom Mouse Pad For Dad Anniversary Gift | Best Gift Idea,32.43,1440,240,1360,Shop583Studio,"handmade,personalized gift,gift for him,office",https://www.etsy.com/listing/741623373,mouse-pad
Personalized Fabric Pad,34.06,1692,282,1181,Shop435Studio,"handmade,gift for her,personalized gift,office",https://www.etsy.com/listing/568873685,mouse-pad
Unique Personalized Custom Mouse Pad | Best Gift Idea,28.74,450,75,416,Shop786Studio,"fabric,handmade,office,personalized gift",https://www.etsy.com/listing/812156797,mouse-pad
Unique Personalized fabric pad gift For Mom Christmas Gift,28.93,8388,1398,8214,Shop319Studio,"keepsake,fabric,custom,office",https://www.etsy.com/listing/779443346,mouse-pad
Custom fabric pad For Sister Anniversary Gift - Free Shipping,36.31,1722,287,875,Shop431Studio,"office,handmade,keepsake,fabric",https://www.etsy.com/listing/727270912,mouse-pad
Personalized Custom Mouse Pad Memorial Gift - Free Shipping,37.81,456,76,491,Shop923Studio,"keepsake,personalized gift,gift for him,office",https://www.etsy.com/listing/195741361,mouse-pad
Custom Custom Mouse Pad For Mom Valentine's Day Gift | Best Gift Idea,24.05,240,40,132,Shop419Studio,"fabric,personalized gift,custom,gift for her",https://www.etsy.com/listing/260354193,mouse-pad
Custom Fabric Pad Memorial Gift Gift 2026,25.02,1212,202,1243,Shop139Studio,"fabric,handmade,keepsake,personalized gift",https://www.etsy.com/listing/705134881,mouse-pad
Fabric Pad For Boss | Best Gift Idea,28.33,1506,251,1607,Shop690Studio,"custom,keepsake,fabric,handmade",https://www.etsy.com/listing/939490561,mouse-pad
Handmade Custom fabric pad Father's Day Gift,31.27,762,127,766,Shop674Studio,"gift for her,keepsake,personalized gift,custom",https://www.etsy.com/listing/876324120,mouse-pad
Handmade Personalized Custom Mouse Pad For Sister Gift 2026,46.96,1152,192,1188,Shop990Studio,"office,personalized gift,keepsake,handmade",https://www.etsy.com/listing/154212184,mouse-pad
Personalized Custom Mouse Pad,33.22,624,104,339,Shop549Studio,"handmade,custom,fabric,gift for him",https://www.etsy.com/listing/551506963,mouse-pad
Unique Custom Custom Mouse Pad For Boss,43.44,510,85,249,Shop754Studio,"personalized gift,gift for her,keepsake,handmade",https://www.etsy.com/listing/268475426,mouse-pad
Unique Custom Mouse Pad Keepsake,34.48,690,115,849,Shop782Studio,"office,personalized gift,fabric,handmade",https://www.etsy.com/listing/707074955,mouse-pad
Custom Custom Mouse Pad,25.83,168,28,150,Shop345Studio,"custom,office,gift for him,personalized gift",https://www.etsy.com/listing/144733180,mouse-pad
Custom Mouse Pad - Free Shipping,32.34,402,67,528,Shop389Studio,"personalized gift,custom,gift for her,gift for him",https://www.etsy.com/listing/497940754,mouse-pad
Fabric Pad Wedding Gift | Best Gift Idea,26.59,240,40,231,Shop850Studio,"gift for her,personalized gift,handmade,fabric",https://www.etsy.com/listing/560679922,mouse-pad
Custom fabric pad For Dog Mom Anniversary Gift,21.37,3990,665,3012,Shop807Studio,"office,keepsake,custom,personalized gift",https://www.etsy.com/listing/397834274,mouse-pad
Handmade Custom Mouse Pad - Free Shipping,39.39,1218,203,637,Shop739Studio,"keepsake,custom,gift for her,fabric",https://www.etsy.com/listing/877852013,mouse-pad
Unique Custom Custom Mouse Pad For Grandma Wedding Gift | Best Gift Idea,41.15,816,136,325,Shop731Studio,"personalized gift,office,custom,keepsake",https://www.etsy.com/listing/549987174,mouse-pad
Personalized fabric pad gift Christmas Gift Gift 2026,29.97,930,155,560,Shop672Studio,"gift for her,keepsake,personalized gift,custom",https://www.etsy.com/listing/965847911,mouse-pad
Custom Custom Mouse Pad Housewarming Gift | Best Gift Idea,23.81,654,109,303,Shop329Studio,"gift for her,office,gift for him,custom",https://www.etsy.com/listing/150310138,mouse-pad
Handmade Personalized Custom Mouse Pad Gift 2026,24.05,924,154,690,Shop323Studio,"keepsake,fabric,handmade,gift for him",https://www.etsy.com/listing/255424733,mouse-pad
Personalized Custom Mouse Pad For Boss Christmas Gift,26.33,528,88,671,Shop125Studio,"gift for her,personalized gift,fabric,gift for him",https://www.etsy.com/listing/486223411,mouse-pad
Personalized Personalized Custom Mouse Pad For Grandpa Housewarming Gift Gift 2026,33.01,612,102,216,Shop974Studio,"handmade,personalized gift,gift for her,custom",https://www.etsy.com/listing/627779366,mouse-pad
Custom Fabric Pad For Grandma,34.55,3144,524,1694,Shop466Studio,"office,gift for her,keepsake,custom",https://www.etsy.com/listing/655542436,mouse-pad
Handmade Custom Custom Mouse Pad For Best Friend Housewarming Gift - Free Shipping,24.46,420,70,353,Shop328Studio,"handmade,custom,personalized gift,fabric",https://www.etsy.com/listing/127929211,mouse-pad
Custom Mouse Pad For Boss Keepsake,26.69,5664,944,3530,Shop686Studio,"fabric,personalized gift,handmade,gift for her",https://www.etsy.com/listing/642039831,mouse-pad
Custom Custom Custom Mouse Pad For Sister Father's Day Gift Gift 2026,32.12,264,44,266,Shop628Studio,"personalized gift,fabric,office,gift for him",https://www.etsy.com/listing/656802410,mouse-pad
Personalized wood plate gift For Dog Mom Graduation Gift - Free Shipping,29.06,324,54,135,Shop488Studio,"personalized gift,office,gift for her,custom",https://www.etsy.com/listing/678918547,desk-nameplate
Handmade Personalized Wood Desk Name Plate Anniversary Gift,31.41,2070,345,2291,Shop813Studio,"custom,office,personalized gift,gift for him",https://www.etsy.com/listing/395506271,desk-nameplate
Personalized Wood Desk Name Plate Gift 2026,39.86,486,81,194,Shop837Studio,"gift for her,personalized gift,wood,office",https://www.etsy.com/listing/254258727,desk-nameplate
Custom wood plate Christmas Gift,23.69,204,34,117,Shop780Studio,"personalized gift,handmade,gift for her,custom",https://www.etsy.com/listing/634646820,desk-nameplate
Personalized Wood Desk Name Plate Gift 2026,19.36,648,108,737,Shop510Studio,"office,gift for him,keepsake,custom",https://www.etsy.com/listing/374647393,desk-nameplate
Custom Wood Desk Name Plate For Dad,27.28,1326,221,825,Shop597Studio,"gift for him,office,handmade,keepsake",https://www.etsy.com/listing/599837009,desk-nameplate
Custom Custom wood plate For Sister Wedding Gift Keepsake,26.65,198,33,86,Shop287Studio,"wood,gift for her,keepsake,handmade",https://www.etsy.com/listing/722921744,desk-nameplate
Handmade Wood Plate | Best Gift Idea,27.52,258,43,280,Shop969Studio,"personalized gift,gift for her,office,custom",https://www.etsy.com/listing/716729557,desk-nameplate
Personalized Custom Wood Desk Name Plate,29.0,366,61,155,Shop537Studio,"office,personalized gift,keepsake,custom",https://www.etsy.com/listing/896752650,desk-nameplate
Custom wood plate - Free Shipping,27.3,642,107,443,Shop114Studio,"personalized gift,office,gift for her,handmade",https://www.etsy.com/listing/897872720,desk-nameplate
Unique Custom Wood Desk Name Plate For Boss Wedding Gift - Free Shipping,21.8,876,146,933,Shop283Studio,"office,gift for her,gift for him,handmade",https://www.etsy.com/listing/673137318,desk-nameplate
Handmade Wood Plate Birthday Gift | Best Gift Idea,29.3,342,57,276,Shop234Studio,"gift for him,office,personalized gift,wood",https://www.etsy.com/listing/551903372,desk-nameplate
Custom Wood Desk Name Plate,17.77,408,68,480,Shop560Studio,"handmade,gift for her,wood,office",https://www.etsy.com/listing/958393943,desk-nameplate
Unique Personalized wood plate gift For Sister Memorial Gift Keepsake,22.55,834,139,509,Shop141Studio,"custom,personalized gift,handmade,wood",https://www.etsy.com/listing/265088212,desk-nameplate
Custom Wood Desk Name Plate For Boss Keepsake,27.11,1596,266,1619,Shop281Studio,"personalized gift,gift for her,handmade,custom",https://www.etsy.com/listing/317171713,desk-nameplate
Personalized wood plate gift For Grandma Memorial Gift - Free Shipping,30.57,1002,167,617,Shop819Studio,"keepsake,handmade,custom,wood",https://www.etsy.com/listing/295395032,desk-nameplate
Unique Custom wood plate Wedding Gift,26.47,690,115,837,Shop191Studio,"personalized gift,keepsake,office,gift for her",https://www.etsy.com/listing/358684865,desk-nameplate
Personalized Custom wood plate For Teacher - Free Shipping,25.3,198,33,111,Shop632Studio,"gift for him,wood,personalized gift,handmade",https://www.etsy.com/listing/520239209,desk-nameplate
Unique Custom wood plate Gift 2026,21.02,1032,172,652,Shop970Studio,"wood,gift for him,custom,gift for her",https://www.etsy.com/listing/293505966,desk-nameplate
Handmade Wood Plate For Grandpa - Free Shipping,32.49,912,152,920,Shop411Studio,"custom,wood,gift for her,office",https://www.etsy.com/listing/865148029,desk-nameplate
Custom Custom wood plate Wedding Gift Gift 2026,26.81,330,55,244,Shop214Studio,"office,handmade,keepsake,custom",https://www.etsy.com/listing/821498705,desk-nameplate
Personalized Wood Plate For Dog Mom Graduation Gift,28.91,3312,552,3698,Shop233Studio,"handmade,custom,office,gift for him",https://www.etsy.com/listing/730954135,desk-nameplate
Personalized Personalized wood plate gift For Teacher,22.93,2244,374,2022,Shop417Studio,"wood,custom,personalized gift,keepsake",https://www.etsy.com/listing/726231166,desk-nameplate
Handmade Wood Desk Name Plate For Best Friend Father's Day Gift Gift 2026,31.52,570,95,475,Shop773Studio,"wood,gift for him,gift for her,keepsake",https://www.etsy.com/listing/184003366,desk-nameplate
Custom Wood Desk Name Plate Christmas Gift Keepsake,26.26,384,64,213,Shop493Studio,"office,personalized gift,gift for him,gift for her",https://www.etsy.com/listing/686597725,desk-nameplate
Personalized Wood Plate For Sister,21.4,132,22,139,Shop640Studio,"custom,gift for him,wood,office",https://www.etsy.com/listing/166577810,desk-nameplate
Personalized wood plate gift,30.32,348,58,303,Shop414Studio,"gift for him,office,handmade,personalized gift",https://www.etsy.com/listing/469827247,desk-nameplate
Wood Desk Name Plate Gift 2026,19.1,1002,167,648,Shop300Studio,"custom,keepsake,wood,office",https://www.etsy.com/listing/437899820,desk-nameplate
Wood Desk Name Plate - Free Shipping,19.31,1266,211,635,Shop540Studio,"handmade,gift for her,custom,personalized gift",https://www.etsy.com/listing/973602907,desk-nameplate
Personalized Wood Desk Name Plate For Dad,26.21,516,86,203,Shop450Studio,"gift for him,handmade,personalized gift,custom",https://www.etsy.com/listing/429422585,desk-nameplate
Unique Wood Desk Name Plate For Grandpa Gift 2026,25.72,936,156,1032,Shop612Studio,"keepsake,custom,gift for him,office",https://www.etsy.com/listing/975857373,desk-nameplate
Unique Personalized Wood Desk Name Plate,23.14,330,55,180,Shop655Studio,"office,gift for him,keepsake,custom",https://www.etsy.com/listing/201218523,desk-nameplate
Unique Custom Wood Desk Name Plate For Grandpa Graduation Gift - Free Shipping,23.58,1830,305,1529,Shop253Studio,"gift for him,keepsake,wood,office",https://www.etsy.com/listing/941744984,desk-nameplate
Personalized Custom Wood Desk Name Plate Keepsake,25.67,744,124,255,Shop505Studio,"custom,office,wood,gift for him",https://www.etsy.com/listing/931896860,desk-nameplate
Handmade Custom Wood Desk Name Plate Graduation Gift,25.29,810,135,992,Shop574Studio,"wood,gift for her,handmade,custom",https://www.etsy.com/listing/179173248,desk-nameplate
Wood Plate Graduation Gift Keepsake,28.41,1896,316,1634,Shop786Studio,"custom,office,personalized gift,handmade",https://www.etsy.com/listing/662299891,desk-nameplate
Personalized Custom Wood Desk Name Plate For Couple,32.2,948,158,411,Shop351Studio,"personalized gift,keepsake,handmade,custom",https://www.etsy.com/listing/585913221,desk-nameplate
Wood Desk Name Plate For Teacher Gift 2026,28.15,2304,384,1465,Shop772Studio,"custom,office,wood,keepsake",https://www.etsy.com/listing/601780016,desk-nameplate
Custom Wood Desk Name Plate Graduation Gift Gift 2026,31.53,3060,510,1248,Shop741Studio,"custom,wood,gift for her,personalized gift",https://www.etsy.com/listing/176683641,desk-nameplate
Personalized wood plate gift For Couple - Free Shipping,23.25,492,82,348,Shop861Studio,"gift for her,personalized gift,office,gift for him",https://www.etsy.com/listing/794366021,desk-nameplate
Personalized Custom Wood Desk Name Plate For Dog Mom Birthday Gift,22.88,636,106,629,Shop264Studio,"custom,wood,handmade,gift for her",https://www.etsy.com/listing/636194062,desk-nameplate
Resin Dice Set for DnD Tabletop Gaming Keepsake,56.55,222,37,255,Indie298Crafts,"handmade,gift",https://www.etsy.com/listing/897418247,
Resin Dice Set for DnD Tabletop Gaming - Free Shipping,39.3,534,89,198,Indie849Crafts,"handmade,gift",https://www.etsy.com/listing/896950358,
Resin Dice Set for DnD Tabletop Gaming Gift 2026,49.85,30,5,28,Indie861Crafts,"handmade,gift",https://www.etsy.com/listing/543098593,
Resin Dice Set for DnD Tabletop Gaming,17.38,144,24,167,Indie899Crafts,"handmade,gift",https://www.etsy.com/listing/232260637,
Resin Dice Set for DnD Tabletop Gaming Gift 2026,37.11,84,14,108,Indie734Crafts,"handmade,gift",https://www.etsy.com/listing/930527959,
Resin Dice Set for DnD Tabletop Gaming,17.68,96,16,104,Indie255Crafts,"handmade,gift",https://www.etsy.com/listing/934227781,
Resin Dice Set for DnD Tabletop Gaming,29.52,42,7,54,Indie499Crafts,"handmade,gift",https://www.etsy.com/listing/522338268,
Resin Dice Set for DnD Tabletop Gaming Gift 2026,41.06,108,18,98,Indie391Crafts,"handmade,gift",https://www.etsy.com/listing/913755855,
Resin Dice Set for DnD Tabletop Gaming Keepsake,30.24,306,51,102,Indie208Crafts,"handmade,gift",https://www.etsy.com/listing/316897182,
Crochet Octopus Plush Toy Handmade Amigurumi Keepsake,53.38,288,48,102,Indie679Crafts,"handmade,gift",https://www.etsy.com/listing/892052055,
Crochet Octopus Plush Toy Handmade Amigurumi Keepsake,15.81,96,16,116,Indie687Crafts,"handmade,gift",https://www.etsy.com/listing/831681421,
Crochet Octopus Plush Toy Handmade Amigurumi Keepsake,20.24,102,17,74,Indie810Crafts,"handmade,gift",https://www.etsy.com/listing/403010915,
Crochet Octopus Plush Toy Handmade Amigurumi - Free Shipping,53.72,498,83,253,Indie899Crafts,"handmade,gift",https://www.etsy.com/listing/476394005,
Crochet Octopus Plush Toy Handmade Amigurumi | Best Gift Idea,32.52,138,23,144,Indie295Crafts,"handmade,gift",https://www.etsy.com/listing/760316397,
Crochet Octopus Plush Toy Handmade Amigurumi,54.42,42,7,27,Indie191Crafts,"handmade,gift",https://www.etsy.com/listing/679370901,
Crochet Octopus Plush Toy Handmade Amigurumi Keepsake,44.95,54,9,34,Indie742Crafts,"handmade,gift",https://www.etsy.com/listing/665874991,
Crochet Octopus Plush Toy Handmade Amigurumi Gift 2026,11.81,144,24,100,Indie469Crafts,"handmade,gift",https://www.etsy.com/listing/847436711,
Crochet Octopus Plush Toy Handmade Amigurumi | Best Gift Idea,46.37,42,7,18,Indie541Crafts,"handmade,gift",https://www.etsy.com/listing/371280073,
Crochet Octopus Plush Toy Handmade Amigurumi,10.26,138,23,175,Indie505Crafts,"handmade,gift",https://www.etsy.com/listing/907019590,
Crochet Octopus Plush Toy Handmade Amigurumi Keepsake,31.43,276,46,322,Indie435Crafts,"handmade,gift",https://www.etsy.com/listing/737683543,
Crochet Octopus Plush Toy Handmade Amigurumi,18.39,96,16,54,Indie169Crafts,"handmade,gift",https://www.etsy.com/listing/889118691,
Crochet Octopus Plush Toy Handmade Amigurumi Keepsake,14.24,66,11,53,Indie277Crafts,"handmade,gift",https://www.etsy.com/listing/200606007,
Crochet Octopus Plush Toy Handmade Amigurumi,19.86,102,17,86,Indie350Crafts,"handmade,gift",https://www.etsy.com/listing/497822485,
Scented Soy Candle Lavender Vanilla 8oz,47.15,108,18,39,Indie134Crafts,"handmade,gift",https://www.etsy.com/listing/643940549,
Scented Soy Candle Lavender Vanilla 8oz,32.33,36,6,12,Indie287Crafts,"handmade,gift",https://www.etsy.com/listing/501509280,
Scented Soy Candle Lavender Vanilla 8oz,24.21,42,7,16,Indie160Crafts,"handmade,gift",https://www.etsy.com/listing/822097010,
Scented Soy Candle Lavender Vanilla 8oz Gift 2026,53.78,336,56,278,Indie960Crafts,"handmade,gift",https://www.etsy.com/listing/466623174,
Scented Soy Candle Lavender Vanilla 8oz,33.77,288,48,382,Indie812Crafts,"handmade,gift",https://www.etsy.com/listing/595627291,
Scented Soy Candle Lavender Vanilla 8oz | Best Gift Idea,49.69,78,13,37,Indie247Crafts,"handmade,gift",https://www.etsy.com/listing/618958168,
Scented Soy Candle Lavender Vanilla 8oz - Free Shipping,41.27,258,43,110,Indie710Crafts,"handmade,gift",https://www.etsy.com/listing/749457737,
Scented Soy Candle Lavender Vanilla 8oz | Best Gift Idea,14.83,204,34,233,Indie442Crafts,"handmade,gift",https://www.etsy.com/listing/712926391,
Scented Soy Candle Lavender Vanilla 8oz Keepsake,50.63,138,23,169,Indie307Crafts,"handmade,gift",https://www.etsy.com/listing/366691806,
Scented Soy Candle Lavender Vanilla 8oz Keepsake,52.12,120,20,106,Indie769Crafts,"handmade,gift",https://www.etsy.com/listing/961555235,
Scented Soy Candle Lavender Vanilla 8oz Keepsake,52.02,48,8,50,Indie424Crafts,"handmade,gift",https://www.etsy.com/listing/857561041,
Scented Soy Candle Lavender Vanilla 8oz | Best Gift Idea,44.13,138,23,52,Indie526Crafts,"handmade,gift",https://www.etsy.com/listing/206005025,
Scented Soy Candle Lavender Vanilla 8oz - Free Shipping,52.15,60,10,43,Indie258Crafts,"handmade,gift",https://www.etsy.com/listing/947925679,
Scented Soy Candle Lavender Vanilla 8oz - Free Shipping,53.53,30,5,10,Indie760Crafts,"handmade,gift",https://www.etsy.com/listing/174966492,
Scented Soy Candle Lavender Vanilla 8oz Keepsake,49.67,66,11,45,Indie217Crafts,"handmade,gift",https://www.etsy.com/listing/588896752,
Scented Soy Candle Lavender Vanilla 8oz Gift 2026,27.06,66,11,53,Indie370Crafts,"handmade,gift",https://www.etsy.com/listing/663134059,
Scented Soy Candle Lavender Vanilla 8oz,42.94,48,8,23,Indie319Crafts,"handmade,gift",https://www.etsy.com/listing/143771859,
3D Printed Articulated Dragon Fidget Toy,13.99,24,4,26,Indie142Crafts,"handmade,gift",https://www.etsy.com/listing/440959807,
3D Printed Articulated Dragon Fidget Toy Keepsake,33.06,78,13,85,Indie846Crafts,"handmade,gift",https://www.etsy.com/listing/840733805,
3D Printed Articulated Dragon Fidget Toy Keepsake,54.36,36,6,42,Indie413Crafts,"handmade,gift",https://www.etsy.com/listing/939597444,
3D Printed Articulated Dragon Fidget Toy Keepsake,22.43,48,8,33,Indie916Crafts,"handmade,gift",https://www.etsy.com/listing/675182147,
3D Printed Articulated Dragon Fidget Toy - Free Shipping,31.92,282,47,236,Indie808Crafts,"handmade,gift",https://www.etsy.com/listing/233797730,
3D Printed Articulated Dragon Fidget Toy Keepsake,43.73,372,62,340,Indie412Crafts,"handmade,gift",https://www.etsy.com/listing/385271074,
3D Printed Articulated Dragon Fidget Toy Gift 2026,43.35,72,12,41,Indie532Crafts,"handmade,gift",https://www.etsy.com/listing/551907619,
3D Printed Articulated Dragon Fidget Toy,54.72,30,5,12,Indie166Crafts,"handmade,gift",https://www.etsy.com/listing/253898183,
3D Printed Articulated Dragon Fidget Toy Keepsake,46.48,180,30,111,Indie725Crafts,"handmade,gift",https://www.etsy.com/listing/910129968,
3D Printed Articulated Dragon Fidget Toy Gift 2026,11.1,90,15,84,Indie407Crafts,"handmade,gift",https://www.etsy.com/listing/234632427,
3D Printed Articulated Dragon Fidget Toy,41.64,96,16,33,Indie970Crafts,"handmade,gift",https://www.etsy.com/listing/685045645,
3D Printed Articulated Dragon Fidget Toy - Free Shipping,50.26,168,28,60,Indie519Crafts,"handmade,gift",https://www.etsy.com/listing/433824416,
3D Printed Articulated Dragon Fidget Toy Keepsake,33.9,276,46,317,Indie747Crafts,"handmade,gift",https://www.etsy.com/listing/435582260,
3D Printed Articulated Dragon Fidget Toy,57.52,54,9,29,Indie316Crafts,"handmade,gift",https://www.etsy.com/listing/318470348,
3D Printed Articulated Dragon Fidget Toy Gift 2026,51.76,60,10,70,Indie490Crafts,"handmade,gift",https://www.etsy.com/listing/116525682,
3D Printed Articulated Dragon Fidget Toy,28.33,66,11,61,Indie496Crafts,"handmade,gift",https://www.etsy.com/listing/547377172,
3D Printed Articulated Dragon Fidget Toy Gift 2026,50.28,36,6,15,Indie593Crafts,"handmade,gift",https://www.etsy.com/listing/177489978,
Macrame Wall Hanging Boho Plant Holder,26.58,96,16,118,Indie208Crafts,"handmade,gift",https://www.etsy.com/listing/253204508,
Macrame Wall Hanging Boho Plant Holder - Free Shipping,43.54,180,30,186,Indie167Crafts,"handmade,gift",https://www.etsy.com/listing/533195758,
Macrame Wall Hanging Boho Plant Holder - Free Shipping,19.28,90,15,62,Indie371Crafts,"handmade,gift",https://www.etsy.com/listing/574234900,
Macrame Wall Hanging Boho Plant Holder,54.73,90,15,52,Indie395Crafts,"handmade,gift",https://www.etsy.com/listing/317993640,
Macrame Wall Hanging Boho Plant Holder Gift 2026,46.49,78,13,95,Indie610Crafts,"handmade,gift",https://www.etsy.com/listing/603287112,
Macrame Wall Hanging Boho Plant Holder | Best Gift Idea,29.35,282,47,358,Indie198Crafts,"handmade,gift",https://www.etsy.com/listing/733509965,
Macrame Wall Hanging Boho Plant Holder | Best Gift Idea,14.73,66,11,56,Indie635Crafts,"handmade,gift",https://www.etsy.com/listing/776543587,
Macrame Wall Hanging Boho Plant Holder,32.82,120,20,106,Indie621Crafts,"handmade,gift",https://www.etsy.com/listing/684055501,
Macrame Wall Hanging Boho Plant Holder Gift 2026,34.1,120,20,107,Indie387Crafts,"handmade,gift",https://www.etsy.com/listing/931281600,
Macrame Wall Hanging Boho Plant Holder | Best Gift Idea,56.13,228,38,239,Indie631Crafts,"handmade,gift",https://www.etsy.com/listing/824381385,
Macrame Wall Hanging Boho Plant Holder,53.94,54,9,41,Indie625Crafts,"handmade,gift",https://www.etsy.com/listing/326839364,
Macrame Wall Hanging Boho Plant Holder,39.1,102,17,135,Indie267Crafts,"handmade,gift",https://www.etsy.com/listing/693847860,
Macrame Wall Hanging Boho Plant Holder Keepsake,54.31,18,3,20,Indie303Crafts,"handmade,gift",https://www.etsy.com/listing/955602094,
Handmade Ceramic Vase Speckled Glaze Keepsake,21.48,90,15,44,Indie436Crafts,"handmade,gift",https://www.etsy.com/listing/139574634,
Handmade Ceramic Vase Speckled Glaze Gift 2026,59.69,132,22,156,Indie939Crafts,"handmade,gift",https://www.etsy.com/listing/797109466,
Handmade Ceramic Vase Speckled Glaze Gift 2026,32.6,96,16,93,Indie266Crafts,"handmade,gift",https://www.etsy.com/listing/120436731,
Handmade Ceramic Vase Speckled Glaze | Best Gift Idea,18.5,186,31,180,Indie691Crafts,"handmade,gift",https://www.etsy.com/listing/639522506,
Handmade Ceramic Vase Speckled Glaze,22.67,48,8,55,Indie852Crafts,"handmade,gift",https://www.etsy.com/listing/402886408,
Handmade Ceramic Vase Speckled Glaze,34.63,108,18,122,Indie333Crafts,"handmade,gift",https://www.etsy.com/listing/910972724,
Handmade Ceramic Vase Speckled Glaze Keepsake,53.88,150,25,193,Indie762Crafts,"handmade,gift",https://www.etsy.com/listing/921303194,
Handmade Ceramic Vase Speckled Glaze,34.95,72,12,88,Indie385Crafts,"handmade,gift",https://www.etsy.com/listing/128786165,
Handmade Ceramic Vase Speckled Glaze | Best Gift Idea,32.8,372,62,357,Indie911Crafts,"handmade,gift",https://www.etsy.com/listing/996036134,
Handmade Ceramic Vase Speckled Glaze,40.85,84,14,41,Indie354Crafts,"handmade,gift",https://www.etsy.com/listing/248068074,
Handmade Ceramic Vase Speckled Glaze | Best Gift Idea,52.21,132,22,113,Indie586Crafts,"handmade,gift",https://www.etsy.com/listing/472291890,
Handmade Ceramic Vase Speckled Glaze Gift 2026,47.0,210,35,204,Indie286Crafts,"handmade,gift",https://www.etsy.com/listing/771107838,
Handmade Ceramic Vase Speckled Glaze - Free Shipping,35.62,126,21,161,Indie851Crafts,"handmade,gift",https://www.etsy.com/listing/388402699,
Vintage Style Polymer Clay Earrings,59.53,36,6,40,Indie368Crafts,"handmade,gift",https://www.etsy.com/listing/224552793,
Vintage Style Polymer Clay Earrings - Free Shipping,41.67,96,16,96,Indie464Crafts,"handmade,gift",https://www.etsy.com/listing/399386894,
Vintage Style Polymer Clay Earrings Gift 2026,58.23,48,8,26,Indie551Crafts,"handmade,gift",https://www.etsy.com/listing/211688210,
Vintage Style Polymer Clay Earrings Gift 2026,34.51,36,6,23,Indie516Crafts,"handmade,gift",https://www.etsy.com/listing/440012526,
Vintage Style Polymer Clay Earrings,48.08,264,44,147,Indie700Crafts,"handmade,gift",https://www.etsy.com/listing/993399325,
Vintage Style Polymer Clay Earrings Keepsake,53.66,90,15,94,Indie862Crafts,"handmade,gift",https://www.etsy.com/listing/305106968,
Vintage Style Polymer Clay Earrings - Free Shipping,31.33,72,12,30,Indie321Crafts,"handmade,gift",https://www.etsy.com/listing/636798607,
Vintage Style Polymer Clay Earrings - Free Shipping,59.88,180,30,181,Indie689Crafts,"handmade,gift",https://www.etsy.com/listing/597403903,
Vintage Style Polymer Clay Earrings,27.82,102,17,48,Indie146Crafts,"handmade,gift",https://www.etsy.com/listing/612723972,
Vintage Style Polymer Clay Earrings,40.86,180,30,138,Indie691Crafts,"handmade,gift",https://www.etsy.com/listing/693607210,
Digital Wedding Invitation Template Download | Best Gift Idea,25.27,132,22,131,Indie476Crafts,"handmade,gift",https://www.etsy.com/listing/370475259,
Digital Wedding Invitation Template Download - Free Shipping,34.18,90,15,56,Indie178Crafts,"handmade,gift",https://www.etsy.com/listing/749884519,
Digital Wedding Invitation Template Download,33.07,246,41,85,Indie637Crafts,"handmade,gift",https://www.etsy.com/listing/220026219,
Digital Wedding Invitation Template Download,48.43,66,11,80,Indie582Crafts,"handmade,gift",https://www.etsy.com/listing/410917741,
Digital Wedding Invitation Template Download,42.52,78,13,91,Indie851Crafts,"handmade,gift",https://www.etsy.com/listing/478080447,
Digital Wedding Invitation Template Download Gift 2026,53.69,186,31,77,Indie645Crafts,"handmade,gift",https://www.etsy.com/listing/429185389,
Digital Wedding Invitation Template Download,21.75,222,37,232,Indie241Crafts,"handmade,gift",https://www.etsy.com/listing/156582445,
Digital Wedding Invitation Template Download - Free Shipping,49.09,330,55,192,Indie387Crafts,"handmade,gift",https://www.etsy.com/listing/431512765,
Digital Wedding Invitation Template Download Gift 2026,59.61,162,27,163,Indie126Crafts,"handmade,gift",https://www.etsy.com/listing/673693862,
Digital Wedding Invitation Template Download | Best Gift Idea,35.66,42,7,49,Indie198Crafts,"handmade,gift",https://www.etsy.com/listing/943790275,
Knitted Baby Booties Wool Newborn Gift - Free Shipping,52.35,114,19,73,Indie639Crafts,"handmade,gift",https://www.etsy.com/listing/629236359,
Knitted Baby Booties Wool Newborn Gift Keepsake,33.27,228,38,293,Indie231Crafts,"handmade,gift",https://www.etsy.com/listing/475832878,
Knitted Baby Booties Wool Newborn Gift Gift 2026,23.22,300,50,127,Indie940Crafts,"handmade,gift",https://www.etsy.com/listing/218197652,
Knitted Baby Booties Wool Newborn Gift Keepsake,58.29,48,8,57,Indie793Crafts,"handmade,gift",https://www.etsy.com/listing/434597331,
Knitted Baby Booties Wool Newborn Gift - Free Shipping,18.3,318,53,250,Indie286Crafts,"handmade,gift",https://www.etsy.com/listing/863556661,
Knitted Baby Booties Wool Newborn Gift Keepsake,58.11,48,8,16,Indie842Crafts,"handmade,gift",https://www.etsy.com/listing/564194851,
Knitted Baby Booties Wool Newborn Gift - Free Shipping,57.29,66,11,79,Indie653Crafts,"handmade,gift",https://www.etsy.com/listing/140130637,
Knitted Baby Booties Wool Newborn Gift Keepsake,35.06,282,47,173,Indie926Crafts,"handmade,gift",https://www.etsy.com/listing/598468897,
Pressed Flower Resin Bookmark Handmade,33.22,186,31,192,Indie993Crafts,"handmade,gift",https://www.etsy.com/listing/885400485,
Pressed Flower Resin Bookmark Handmade | Best Gift Idea,52.29,138,23,177,Indie659Crafts,"handmade,gift",https://www.etsy.com/listing/989134427,
Pressed Flower Resin Bookmark Handmade,31.76,318,53,196,Indie215Crafts,"handmade,gift",https://www.etsy.com/listing/241956557,
Pressed Flower Resin Bookmark Handmade | Best Gift Idea,43.4,186,31,114,Indie400Crafts,"handmade,gift",https://www.etsy.com/listing/281044917,
Pressed Flower Resin Bookmark Handmade,18.07,96,16,56,Indie225Crafts,"handmade,gift",https://www.etsy.com/listing/927409037,
Pressed Flower Resin Bookmark Handmade - Free Shipping,50.62,60,10,59,Indie863Crafts,"handmade,gift",https://www.etsy.com/listing/231398466,
Pressed Flower Resin Bookmark Handmade,22.49,234,39,129,Indie861Crafts,"handmade,gift",https://www.etsy.com/listing/841905780,
Pressed Flower Resin Bookmark Handmade,46.92,72,12,49,Indie554Crafts,"handmade,gift",https://www.etsy.com/listing/106583364,
