Title,Price,Sales,Revenue,Review Count,Seller,URL,_pt
Personalized Custom Shape Acrylic Ornament - Christmas Gift,25.43,143,3636.49,15,Brand959,https://www.amazon.com/dp/B039525643,acrylic-ornament
Acrylic Ornament,22.37,295,6599.15,25,Brand775,https://www.amazon.com/dp/B042191436,acrylic-ornament
Custom acrylic ornament - Anniversary Gift,17.77,254,4513.58,19,Brand735,https://www.amazon.com/dp/B059521572,acrylic-ornament
Custom acrylic ornament - Memorial Gift,20.87,70,1460.9,13,Brand198,https://www.amazon.com/dp/B083356578,acrylic-ornament
Personalized Custom Shape Acrylic Ornament,24.17,113,2731.21,9,Brand502,https://www.amazon.com/dp/B030820470,acrylic-ornament
Custom Custom Shape Acrylic Ornament - Memorial Gift,26.39,203,5357.17,21,Brand316,https://www.amazon.com/dp/B042894678,acrylic-ornament
Custom Shape Acrylic Ornament - Memorial Gift,14.25,28,399.0,5,Brand372,https://www.amazon.com/dp/B015313528,acrylic-ornament
Personalized acrylic ornament gift - Graduation Gift,15.62,30,468.6,5,Brand678,https://www.amazon.com/dp/B049695651,acrylic-ornament
Personalized acrylic ornament gift,23.36,138,3223.68,9,Brand738,https://www.amazon.com/dp/B011422499,acrylic-ornament
Acrylic Ornament - Anniversary Gift,20.82,370,7703.4,59,Brand677,https://www.amazon.com/dp/B085295173,acrylic-ornament
Personalized acrylic ornament gift - Mother's Day Gift,14.23,449,6389.27,111,Brand700,https://www.amazon.com/dp/B088562081,acrylic-ornament
Custom Shape Acrylic Ornament - Housewarming Gift,19.45,269,5232.05,46,Brand665,https://www.amazon.com/dp/B094492481,acrylic-ornament
Custom Custom Shape Acrylic Ornament,21.11,368,7768.48,32,Brand409,https://www.amazon.com/dp/B077204847,acrylic-ornament
Custom Shape Acrylic Ornament,15.26,147,2243.22,27,Brand703,https://www.amazon.com/dp/B027272904,acrylic-ornament
Custom acrylic ornament,18.51,183,3387.33,14,Brand257,https://www.amazon.com/dp/B036947776,acrylic-ornament
Custom acrylic ornament,17.71,82,1452.22,19,Brand604,https://www.amazon.com/dp/B033813784,acrylic-ornament
Custom Shape Acrylic Ornament - Anniversary Gift,19.07,217,4138.19,44,Brand620,https://www.amazon.com/dp/B044048621,acrylic-ornament
Custom acrylic ornament - Housewarming Gift,23.19,218,5055.42,54,Brand893,https://www.amazon.com/dp/B013477987,acrylic-ornament
Personalized Custom Shape Acrylic Ornament,17.48,368,6432.64,47,Brand286,https://www.amazon.com/dp/B040454034,acrylic-ornament
Custom acrylic ornament - Father's Day Gift,18.3,79,1445.7,11,Brand269,https://www.amazon.com/dp/B076695399,acrylic-ornament
Personalized acrylic ornament gift,21.05,102,2147.1,13,Brand686,https://www.amazon.com/dp/B046301896,acrylic-ornament
Personalized Custom Shape Acrylic Ornament - Valentine's Day Gift,19.62,73,1432.26,5,Brand472,https://www.amazon.com/dp/B052140826,acrylic-ornament
Custom Shape Acrylic Ornament - Father's Day Gift,21.48,826,17742.48,172,Brand290,https://www.amazon.com/dp/B091684440,acrylic-ornament
Acrylic Ornament - Housewarming Gift,19.66,165,3243.9,12,Brand121,https://www.amazon.com/dp/B094941853,acrylic-ornament
Acrylic Ornament - Anniversary Gift,20.87,35,730.45,1,Brand176,https://www.amazon.com/dp/B024574741,acrylic-ornament
Custom acrylic ornament,20.43,688,14055.84,151,Brand674,https://www.amazon.com/dp/B032334571,acrylic-ornament
Personalized acrylic ornament gift - Birthday Gift,15.77,624,9840.48,108,Brand145,https://www.amazon.com/dp/B058390433,acrylic-ornament
Custom acrylic ornament - Mother's Day Gift,13.97,628,8773.16,86,Brand801,https://www.amazon.com/dp/B015104276,acrylic-ornament
Personalized acrylic ornament gift,21.46,48,1030.08,9,Brand658,https://www.amazon.com/dp/B035906938,acrylic-ornament
Custom Custom Shape Acrylic Ornament - Mother's Day Gift,19.41,224,4347.84,37,Brand871,https://www.amazon.com/dp/B045559165,acrylic-ornament
Custom acrylic ornament,21.57,758,16350.06,140,Brand807,https://www.amazon.com/dp/B032767241,acrylic-ornament
Acrylic Ornament - Wedding Gift,22.28,36,802.08,8,Brand814,https://www.amazon.com/dp/B024107888,acrylic-ornament
Personalized acrylic ornament gift - Wedding Gift,23.73,1283,30445.59,88,Brand673,https://www.amazon.com/dp/B063764429,acrylic-ornament
Custom Custom Shape Acrylic Ornament,17.49,281,4914.69,35,Brand648,https://www.amazon.com/dp/B098198068,acrylic-ornament
Custom Custom Shape Acrylic Ornament - Housewarming Gift,14.47,169,2445.43,28,Brand364,https://www.amazon.com/dp/B069263269,acrylic-ornament
Personalized acrylic ornament gift - Housewarming Gift,16.42,47,771.74,7,Brand644,https://www.amazon.com/dp/B054604457,acrylic-ornament
Custom Custom Shape Acrylic Ornament - Christmas Gift,20.62,124,2556.88,16,Brand474,https://www.amazon.com/dp/B095063345,acrylic-ornament
Personalized acrylic ornament gift,15.24,181,2758.44,36,Brand145,https://www.amazon.com/dp/B076128483,acrylic-ornament
Personalized acrylic ornament gift - Birthday Gift,27.64,133,3676.12,12,Brand577,https://www.amazon.com/dp/B046687041,acrylic-ornament
Custom Shape Acrylic Ornament,20.27,129,2614.83,25,Brand934,https://www.amazon.com/dp/B057845162,acrylic-ornament
Custom Shape Acrylic Ornament - Anniversary Gift,23.18,275,6374.5,62,Brand852,https://www.amazon.com/dp/B083057713,acrylic-ornament
Custom Shape Acrylic Ornament,16.46,189,3110.94,43,Brand414,https://www.amazon.com/dp/B071021207,acrylic-ornament
Personalized acrylic ornament gift - Housewarming Gift,23.26,55,1279.3,4,Brand252,https://www.amazon.com/dp/B044238254,acrylic-ornament
Custom Shape Acrylic Ornament,20.12,655,13178.6,141,Brand760,https://www.amazon.com/dp/B062221619,acrylic-ornament
Custom Shape Acrylic Ornament,19.7,193,3802.1,29,Brand796,https://www.amazon.com/dp/B094491814,acrylic-ornament
Custom acrylic ornament - Memorial Gift,19.17,54,1035.18,11,Brand411,https://www.amazon.com/dp/B080327575,acrylic-ornament
Personalized Custom Shape Acrylic Ornament - Memorial Gift,15.47,352,5445.44,65,Brand321,https://www.amazon.com/dp/B068125556,acrylic-ornament
Personalized acrylic ornament gift - Housewarming Gift,22.75,129,2934.75,24,Brand787,https://www.amazon.com/dp/B068544060,acrylic-ornament
Personalized acrylic ornament gift - Valentine's Day Gift,21.88,637,13937.56,111,Brand611,https://www.amazon.com/dp/B050074063,acrylic-ornament
Acrylic Ornament,15.92,227,3613.84,41,Brand603,https://www.amazon.com/dp/B071432930,acrylic-ornament
Acrylic Ornament - Christmas Gift,15.78,183,2887.74,17,Brand397,https://www.amazon.com/dp/B049686636,acrylic-ornament
Custom acrylic ornament - Memorial Gift,18.31,155,2838.05,31,Brand963,https://www.amazon.com/dp/B052530038,acrylic-ornament
Acrylic Ornament,15.36,285,4377.6,44,Brand548,https://www.amazon.com/dp/B067783984,acrylic-ornament
Acrylic Ornament,20.11,477,9592.47,69,Brand562,https://www.amazon.com/dp/B092951648,acrylic-ornament
Custom Custom Shape Acrylic Ornament - Anniversary Gift,14.55,644,9370.2,55,Brand482,https://www.amazon.com/dp/B029522451,acrylic-ornament
Custom Shape Acrylic Ornament - Christmas Gift,18.81,279,5247.99,54,Brand737,https://www.amazon.com/dp/B012893417,acrylic-ornament
Personalized Custom Shape Acrylic Ornament - Birthday Gift,18.34,120,2200.8,21,Brand275,https://www.amazon.com/dp/B039361452,acrylic-ornament
Custom Custom Shape Acrylic Ornament - Graduation Gift,13.46,232,3122.72,53,Brand949,https://www.amazon.com/dp/B055018868,acrylic-ornament
Custom Shape Acrylic Ornament,13.29,30,398.7,3,Brand779,https://www.amazon.com/dp/B041481279,acrylic-ornament
Personalized Custom Shape Acrylic Ornament - Graduation Gift,22.88,412,9426.56,64,Brand623,https://www.amazon.com/dp/B040680082,acrylic-ornament
Acrylic Ornament,23.83,458,10914.14,71,Brand700,https://www.amazon.com/dp/B084955334,acrylic-ornament
Personalized Custom Shape Acrylic Ornament - Wedding Gift,16.91,1009,17062.19,233,Brand623,https://www.amazon.com/dp/B081860351,acrylic-ornament
Personalized acrylic ornament gift - Father's Day Gift,21.71,321,6968.91,48,Brand617,https://www.amazon.com/dp/B067300325,acrylic-ornament
Custom Custom Shape Acrylic Ornament,17.86,86,1535.96,6,Brand467,https://www.amazon.com/dp/B048708227,acrylic-ornament
Personalized Custom Shape Acrylic Ornament,13.08,57,745.56,11,Brand985,https://www.amazon.com/dp/B059858301,acrylic-ornament
Personalized Custom Shape Acrylic Ornament - Christmas Gift,20.56,111,2282.16,11,Brand717,https://www.amazon.com/dp/B015845210,acrylic-ornament
Wood Ornament - Birthday Gift,32.33,26,840.58,3,Brand395,https://www.amazon.com/dp/B068620149,wood-ornament
Custom wood ornament - Mother's Day Gift,27.25,116,3161.0,14,Brand787,https://www.amazon.com/dp/B082927229,wood-ornament
Engraved Wood Ornament,23.98,11,263.78,1,Brand439,https://www.amazon.com/dp/B078085135,wood-ornament
Custom Engraved Wood Ornament - Memorial Gift,27.49,35,962.15,1,Brand190,https://www.amazon.com/dp/B098191409,wood-ornament
Wood Ornament,26.48,35,926.8,6,Brand342,https://www.amazon.com/dp/B093624636,wood-ornament
Custom Stamped Metal Ornament - Birthday Gift,22.53,41,923.73,9,Brand321,https://www.amazon.com/dp/B064664591,metal-ornament
Stamped Metal Ornament,30.71,19,583.49,2,Brand356,https://www.amazon.com/dp/B045878033,metal-ornament
Custom Stamped Metal Ornament,31.19,100,3119.0,21,Brand524,https://www.amazon.com/dp/B072522424,metal-ornament
Custom metal ornament - Graduation Gift,27.95,470,13136.5,78,Brand819,https://www.amazon.com/dp/B069866610,metal-ornament
Personalized Stamped Metal Ornament,23.32,437,10190.84,44,Brand536,https://www.amazon.com/dp/B056002938,metal-ornament
Stamped Metal Ornament - Valentine's Day Gift,32.13,101,3245.13,22,Brand261,https://www.amazon.com/dp/B024927942,metal-ornament
Custom metal ornament - Housewarming Gift,29.99,81,2429.19,15,Brand705,https://www.amazon.com/dp/B057946638,metal-ornament
Stamped Metal Ornament,33.51,38,1273.38,8,Brand448,https://www.amazon.com/dp/B037994659,metal-ornament
Personalized Stamped Metal Ornament - Birthday Gift,22.24,1105,24575.2,110,Brand677,https://www.amazon.com/dp/B084455388,metal-ornament
Stamped Metal Ornament,26.91,44,1184.04,10,Brand463,https://www.amazon.com/dp/B011092681,metal-ornament
Custom Stamped Metal Ornament,22.46,158,3548.68,20,Brand600,https://www.amazon.com/dp/B048556192,metal-ornament
Personalized Stamped Metal Ornament,27.53,66,1816.98,8,Brand565,https://www.amazon.com/dp/B090361449,metal-ornament
Personalized metal ornament gift - Christmas Gift,33.46,201,6725.46,20,Brand633,https://www.amazon.com/dp/B051403373,metal-ornament
Custom metal ornament,29.29,483,14147.07,33,Brand263,https://www.amazon.com/dp/B037163760,metal-ornament
Personalized metal ornament gift - Father's Day Gift,23.89,273,6521.97,24,Brand787,https://www.amazon.com/dp/B079698874,metal-ornament
Personalized Stamped Metal Ornament - Valentine's Day Gift,18.41,365,6719.65,79,Brand129,https://www.amazon.com/dp/B019751833,metal-ornament
Stamped Metal Ornament,33.3,70,2331.0,13,Brand572,https://www.amazon.com/dp/B070673776,metal-ornament
Metal Ornament,30.86,42,1296.12,4,Brand572,https://www.amazon.com/dp/B012413185,metal-ornament
Stamped Metal Ornament,26.21,124,3250.04,27,Brand833,https://www.amazon.com/dp/B099190022,metal-ornament
Personalized Stamped Metal Ornament,30.18,96,2897.28,19,Brand245,https://www.amazon.com/dp/B064205166,metal-ornament
Custom Stamped Metal Ornament,27.52,108,2972.16,8,Brand527,https://www.amazon.com/dp/B020525250,metal-ornament
Custom metal ornament,19.19,367,7042.73,69,Brand192,https://www.amazon.com/dp/B031489897,metal-ornament
Custom metal ornament,26.24,40,1049.6,8,Brand737,https://www.amazon.com/dp/B016762546,metal-ornament
Custom Stamped Metal Ornament,24.92,568,14154.56,99,Brand765,https://www.amazon.com/dp/B086523557,metal-ornament
Custom Stamped Metal Ornament,38.06,79,3006.74,11,Brand647,https://www.amazon.com/dp/B015517365,metal-ornament
Custom Stamped Metal Ornament - Birthday Gift,31.59,17,537.03,3,Brand816,https://www.amazon.com/dp/B026542731,metal-ornament
Ceramic Photo Ornament - Mother's Day Gift,15.1,89,1343.9,20,Brand990,https://www.amazon.com/dp/B012771475,ceramic-ornament
Ceramic Photo Ornament,15.99,770,12312.3,39,Brand447,https://www.amazon.com/dp/B035937937,ceramic-ornament
Custom ceramic ornament,16.47,25,411.75,2,Brand775,https://www.amazon.com/dp/B081447728,ceramic-ornament
Personalized ceramic ornament gift - Birthday Gift,19.8,211,4177.8,33,Brand501,https://www.amazon.com/dp/B072009577,ceramic-ornament
Custom Ceramic Photo Ornament,19.2,71,1363.2,11,Brand354,https://www.amazon.com/dp/B049793370,ceramic-ornament
Custom Ceramic Photo Ornament,20.13,33,664.29,6,Brand734,https://www.amazon.com/dp/B029680564,ceramic-ornament
Custom ceramic ornament,17.88,192,3432.96,42,Brand575,https://www.amazon.com/dp/B064902205,ceramic-ornament
Custom Ceramic Photo Ornament,18.2,38,691.6,4,Brand216,https://www.amazon.com/dp/B047459099,ceramic-ornament
Personalized ceramic ornament gift - Valentine's Day Gift,17.65,118,2082.7,22,Brand612,https://www.amazon.com/dp/B012670684,ceramic-ornament
Ceramic Ornament - Anniversary Gift,19.58,172,3367.76,41,Brand828,https://www.amazon.com/dp/B064240308,ceramic-ornament
Custom ceramic ornament,16.98,479,8133.42,96,Brand923,https://www.amazon.com/dp/B064848643,ceramic-ornament
Personalized ceramic ornament gift,17.15,130,2229.5,29,Brand254,https://www.amazon.com/dp/B085763525,ceramic-ornament
Ceramic Photo Ornament - Memorial Gift,21.32,81,1726.92,6,Brand554,https://www.amazon.com/dp/B044053460,ceramic-ornament
Personalized ceramic ornament gift - Anniversary Gift,13.26,113,1498.38,9,Brand143,https://www.amazon.com/dp/B066494794,ceramic-ornament
Custom ceramic ornament,15.46,508,7853.68,41,Brand307,https://www.amazon.com/dp/B037322438,ceramic-ornament
Custom Ceramic Photo Ornament,13.76,130,1788.8,15,Brand899,https://www.amazon.com/dp/B068796401,ceramic-ornament
Custom Ceramic Photo Ornament - Valentine's Day Gift,12.31,459,5650.29,102,Brand996,https://www.amazon.com/dp/B068207598,ceramic-ornament
Ceramic Ornament - Mother's Day Gift,19.65,352,6916.8,52,Brand566,https://www.amazon.com/dp/B058242900,ceramic-ornament
Personalized ceramic ornament gift,21.41,94,2012.54,14,Brand168,https://www.amazon.com/dp/B091405571,ceramic-ornament
Personalized ceramic ornament gift,20.62,436,8990.32,63,Brand265,https://www.amazon.com/dp/B060896011,ceramic-ornament
Personalized ceramic ornament gift - Mother's Day Gift,14.36,92,1321.12,12,Brand784,https://www.amazon.com/dp/B035374164,ceramic-ornament
Personalized Ceramic Photo Ornament - Mother's Day Gift,21.01,112,2353.12,7,Brand837,https://www.amazon.com/dp/B014087266,ceramic-ornament
Custom ceramic ornament,21.97,92,2021.24,21,Brand908,https://www.amazon.com/dp/B082064167,ceramic-ornament
Personalized ceramic ornament gift - Wedding Gift,19.34,98,1895.32,20,Brand154,https://www.amazon.com/dp/B039526402,ceramic-ornament
Personalized Ceramic Photo Ornament - Housewarming Gift,21.23,62,1316.26,13,Brand767,https://www.amazon.com/dp/B089456275,ceramic-ornament
Personalized Ceramic Photo Ornament - Valentine's Day Gift,17.82,184,3278.88,27,Brand987,https://www.amazon.com/dp/B029804348,ceramic-ornament
Custom Ceramic Photo Ornament - Valentine's Day Gift,13.24,86,1138.64,7,Brand326,https://www.amazon.com/dp/B030320059,ceramic-ornament
Custom Ceramic Photo Ornament - Graduation Gift,17.66,25,441.5,4,Brand616,https://www.amazon.com/dp/B072507951,ceramic-ornament
Custom Ceramic Photo Ornament - Wedding Gift,13.99,188,2630.12,32,Brand320,https://www.amazon.com/dp/B034976000,ceramic-ornament
Custom ceramic ornament,19.06,140,2668.4,31,Brand505,https://www.amazon.com/dp/B028661009,ceramic-ornament
Custom ceramic ornament,22.82,61,1392.02,14,Brand564,https://www.amazon.com/dp/B063897253,ceramic-ornament
Custom ceramic ornament,21.1,36,759.6,3,Brand473,https://www.amazon.com/dp/B033669297,ceramic-ornament
Custom ceramic ornament,19.23,95,1826.85,20,Brand691,https://www.amazon.com/dp/B025881412,ceramic-ornament
Custom Ceramic Photo Ornament,17.49,33,577.17,3,Brand146,https://www.amazon.com/dp/B048718549,ceramic-ornament
Personalized ceramic ornament gift - Valentine's Day Gift,20.55,192,3945.6,21,Brand288,https://www.amazon.com/dp/B088531380,ceramic-ornament
Ceramic Photo Ornament - Housewarming Gift,16.17,112,1811.04,10,Brand474,https://www.amazon.com/dp/B092276484,ceramic-ornament
Personalized ceramic ornament gift,13.99,205,2867.95,27,Brand405,https://www.amazon.com/dp/B029009889,ceramic-ornament
Custom Ceramic Photo Ornament - Mother's Day Gift,24.1,160,3856.0,27,Brand764,https://www.amazon.com/dp/B036662926,ceramic-ornament
Ceramic Photo Ornament,22.04,112,2468.48,18,Brand410,https://www.amazon.com/dp/B036816321,ceramic-ornament
Personalized Ceramic Photo Ornament - Christmas Gift,16.29,76,1238.04,11,Brand763,https://www.amazon.com/dp/B018151420,ceramic-ornament
Personalized Ceramic Photo Ornament - Birthday Gift,22.37,29,648.73,3,Brand412,https://www.amazon.com/dp/B071719372,ceramic-ornament
Ceramic Photo Ornament,20.36,511,10403.96,102,Brand990,https://www.amazon.com/dp/B048122681,ceramic-ornament
Personalized Ceramic Photo Ornament - Father's Day Gift,12.44,74,920.56,12,Brand987,https://www.amazon.com/dp/B071587523,ceramic-ornament
Ceramic Ornament - Christmas Gift,18.98,90,1708.2,12,Brand892,https://www.amazon.com/dp/B076077556,ceramic-ornament
Custom ceramic ornament,18.14,889,16126.46,195,Brand879,https://www.amazon.com/dp/B090801281,ceramic-ornament
Custom ceramic ornament,21.57,243,5241.51,35,Brand248,https://www.amazon.com/dp/B067445832,ceramic-ornament
Custom Acrylic Suncatcher,11.14,32,356.48,3,Brand134,https://www.amazon.com/dp/B046005990,acrylic-suncatcher
Personalized acrylic suncatcher gift - Mother's Day Gift,18.79,15,281.85,2,Brand311,https://www.amazon.com/dp/B057731051,acrylic-suncatcher
Acrylic Suncatcher,19.59,5,97.95,0,Brand436,https://www.amazon.com/dp/B072333212,acrylic-suncatcher
Personalized acrylic suncatcher gift,23.87,31,739.97,3,Brand595,https://www.amazon.com/dp/B045632141,acrylic-suncatcher
Acrylic Suncatcher,20.56,28,575.68,3,Brand374,https://www.amazon.com/dp/B054033897,acrylic-suncatcher
Metal 20oz,31.35,106,3323.1,21,Brand922,https://www.amazon.com/dp/B064879438,stainless-tumbler
Metal 20oz,20.9,33,689.7,7,Brand965,https://www.amazon.com/dp/B038618605,stainless-tumbler
Metal 20oz,26.24,44,1154.56,5,Brand534,https://www.amazon.com/dp/B048017755,stainless-tumbler
Personalized metal 20oz gift - Christmas Gift,23.74,42,997.08,9,Brand566,https://www.amazon.com/dp/B067414083,stainless-tumbler
Custom metal 20oz,26.22,11,288.42,1,Brand409,https://www.amazon.com/dp/B011833162,stainless-tumbler
Stainless Steel Tumbler 20oz,26.33,8,210.64,1,Brand552,https://www.amazon.com/dp/B010037357,stainless-tumbler
Metal 20oz - Christmas Gift,26.55,57,1513.35,3,Brand444,https://www.amazon.com/dp/B018892902,stainless-tumbler
Custom metal 20oz - Christmas Gift,30.21,55,1661.55,9,Brand473,https://www.amazon.com/dp/B014806034,stainless-tumbler
Stainless Steel Tumbler 20oz,24.07,68,1636.76,6,Brand697,https://www.amazon.com/dp/B057140413,stainless-tumbler
Personalized ceramic 11oz gift,16.61,65,1079.65,11,Brand807,https://www.amazon.com/dp/B051435602,ceramic-mug
Ceramic Mug 11oz - Mother's Day Gift,22.64,30,679.2,6,Brand211,https://www.amazon.com/dp/B038926061,ceramic-mug
Custom ceramic 11oz,12.91,57,735.87,4,Brand629,https://www.amazon.com/dp/B030600443,ceramic-mug
Personalized Ceramic Mug 11oz - Housewarming Gift,15.4,51,785.4,3,Brand368,https://www.amazon.com/dp/B058908827,ceramic-mug
Custom Ceramic Mug 11oz,21.47,238,5109.86,38,Brand142,https://www.amazon.com/dp/B075177253,ceramic-mug
Personalized ceramic 11oz gift - Graduation Gift,18.51,126,2332.26,14,Brand649,https://www.amazon.com/dp/B068857583,ceramic-mug
Personalized ceramic 11oz gift,19.59,11,215.49,2,Brand532,https://www.amazon.com/dp/B073201354,ceramic-mug
Ceramic Mug 11oz - Valentine's Day Gift,20.45,40,818.0,5,Brand143,https://www.amazon.com/dp/B022995803,ceramic-mug
Custom Ceramic Mug 11oz - Memorial Gift,14.94,58,866.52,6,Brand981,https://www.amazon.com/dp/B029726637,ceramic-mug
Ceramic Mug 11oz,22.2,62,1376.4,6,Brand238,https://www.amazon.com/dp/B077149380,ceramic-mug
Personalized ceramic 11oz gift,19.77,91,1799.07,22,Brand792,https://www.amazon.com/dp/B099774828,ceramic-mug
Personalized Ceramic Mug 11oz - Housewarming Gift,19.15,75,1436.25,15,Brand831,https://www.amazon.com/dp/B029066981,ceramic-mug
Ceramic Mug 11oz,19.62,164,3217.68,36,Brand842,https://www.amazon.com/dp/B024647474,ceramic-mug
Custom ceramic 11oz,15.75,82,1291.5,5,Brand427,https://www.amazon.com/dp/B085023468,ceramic-mug
Custom Ceramic Mug 11oz - Graduation Gift,16.45,79,1299.55,19,Brand709,https://www.amazon.com/dp/B070708916,ceramic-mug
Custom ceramic 11oz,19.29,58,1118.82,10,Brand265,https://www.amazon.com/dp/B089519626,ceramic-mug
Personalized ceramic 11oz gift - Father's Day Gift,19.28,21,404.88,1,Brand219,https://www.amazon.com/dp/B098023846,ceramic-mug
Personalized ceramic 11oz gift - Anniversary Gift,18.97,23,436.31,4,Brand404,https://www.amazon.com/dp/B093071319,ceramic-mug
Glass Glass,10.4,9,93.6,1,Brand209,https://www.amazon.com/dp/B013557194,glass-can
Custom Beer Can Glass,22.86,20,457.2,3,Brand207,https://www.amazon.com/dp/B070113148,glass-can
Glass Glass - Valentine's Day Gift,23.55,51,1201.05,11,Brand694,https://www.amazon.com/dp/B052694391,glass-can
Personalized Beer Can Glass - Wedding Gift,19.42,365,7088.3,39,Brand575,https://www.amazon.com/dp/B078194486,glass-can
Personalized glass glass gift,21.46,49,1051.54,3,Brand666,https://www.amazon.com/dp/B080254928,glass-can
Custom Beer Can Glass,23.69,43,1018.67,9,Brand443,https://www.amazon.com/dp/B014801588,glass-can
Personalized Beer Can Glass,24.33,28,681.24,4,Brand635,https://www.amazon.com/dp/B052660178,glass-can
Custom glass glass,14.8,182,2693.6,36,Brand655,https://www.amazon.com/dp/B031411889,glass-can
Personalized glass glass gift - Valentine's Day Gift,18.96,10,189.6,0,Brand172,https://www.amazon.com/dp/B042481251,glass-can
Custom glass glass - Memorial Gift,17.99,61,1097.39,6,Brand289,https://www.amazon.com/dp/B031209215,glass-can
Custom Beer Can Glass - Christmas Gift,23.87,124,2959.88,21,Brand615,https://www.amazon.com/dp/B066398966,glass-can
Custom glass glass - Christmas Gift,15.26,388,5920.88,51,Brand153,https://www.amazon.com/dp/B051859173,glass-can
Glass Glass,20.8,29,603.2,2,Brand287,https://www.amazon.com/dp/B068514891,glass-can
Personalized Beer Can Glass - Father's Day Gift,21.91,21,460.11,1,Brand376,https://www.amazon.com/dp/B028219983,glass-can
Personalized glass glass gift - Anniversary Gift,22.25,15,333.75,1,Brand106,https://www.amazon.com/dp/B069541775,glass-can
Glass Glass - Valentine's Day Gift,23.68,129,3054.72,22,Brand251,https://www.amazon.com/dp/B040482894,glass-can
Personalized Beer Can Glass,19.34,66,1276.44,3,Brand687,https://www.amazon.com/dp/B049562863,glass-can
Glass Glass,20.98,248,5203.04,24,Brand795,https://www.amazon.com/dp/B065089648,glass-can
Glass Glass - Valentine's Day Gift,18.52,21,388.92,3,Brand752,https://www.amazon.com/dp/B080616233,glass-can
Personalized Engraved Cutting Board,28.99,92,2667.08,12,Brand313,https://www.amazon.com/dp/B036009296,wood-cutting-board
Personalized wood board gift,18.87,49,924.63,6,Brand207,https://www.amazon.com/dp/B049036147,wood-cutting-board
Wood Board - Anniversary Gift,22.6,165,3729.0,9,Brand564,https://www.amazon.com/dp/B071363505,wood-cutting-board
Personalized Engraved Cutting Board - Father's Day Gift,23.35,34,793.9,6,Brand555,https://www.amazon.com/dp/B041919001,wood-cutting-board
Engraved Cutting Board - Mother's Day Gift,26.45,135,3570.75,27,Brand717,https://www.amazon.com/dp/B039807946,wood-cutting-board
Wood Board,27.22,320,8710.4,77,Brand269,https://www.amazon.com/dp/B051043047,wood-cutting-board
Engraved Cutting Board - Valentine's Day Gift,22.09,235,5191.15,12,Brand445,https://www.amazon.com/dp/B093022653,wood-cutting-board
Personalized wood board gift,21.8,25,545.0,5,Brand231,https://www.amazon.com/dp/B064090049,wood-cutting-board
Engraved Cutting Board - Wedding Gift,23.89,62,1481.18,12,Brand339,https://www.amazon.com/dp/B018266321,wood-cutting-board
Wood Board - Housewarming Gift,24.46,89,2176.94,6,Brand438,https://www.amazon.com/dp/B083068849,wood-cutting-board
Engraved Cutting Board,26.26,7,183.82,1,Brand836,https://www.amazon.com/dp/B046269837,wood-cutting-board
Custom Engraved Cutting Board,25.29,23,581.67,3,Brand561,https://www.amazon.com/dp/B077275529,wood-cutting-board
Personalized wood board gift,26.83,95,2548.85,17,Brand256,https://www.amazon.com/dp/B048982904,wood-cutting-board
Personalized Engraved Cutting Board - Graduation Gift,28.54,18,513.72,3,Brand716,https://www.amazon.com/dp/B036534793,wood-cutting-board
Engraved Cutting Board,26.04,65,1692.6,9,Brand703,https://www.amazon.com/dp/B018696294,wood-cutting-board
Custom Engraved Cutting Board - Graduation Gift,31.22,16,499.52,2,Brand151,https://www.amazon.com/dp/B021546228,wood-cutting-board
Personalized wood board gift - Father's Day Gift,21.73,147,3194.31,7,Brand455,https://www.amazon.com/dp/B041533038,wood-cutting-board
Personalized wood board gift,24.64,35,862.4,2,Brand429,https://www.amazon.com/dp/B066356258,wood-cutting-board
Custom Engraved Cutting Board,26.43,39,1030.77,3,Brand853,https://www.amazon.com/dp/B039107733,wood-cutting-board
Custom Engraved Cutting Board - Housewarming Gift,28.35,324,9185.4,17,Brand597,https://www.amazon.com/dp/B032941081,wood-cutting-board
Personalized wood board gift,25.14,133,3343.62,29,Brand253,https://www.amazon.com/dp/B057658093,wood-cutting-board
Custom Engraved Cutting Board - Anniversary Gift,30.35,147,4461.45,10,Brand459,https://www.amazon.com/dp/B069932189,wood-cutting-board
Wood Board - Memorial Gift,19.94,171,3409.74,14,Brand394,https://www.amazon.com/dp/B053447653,wood-cutting-board
Personalized Engraved Cutting Board - Graduation Gift,18.4,13,239.2,2,Brand612,https://www.amazon.com/dp/B014719112,wood-cutting-board
Personalized fabric doormat gift,30.62,34,1041.08,6,Brand793,https://www.amazon.com/dp/B061398846,coir-doormat
Custom Custom Coir Doormat - Memorial Gift,30.32,26,788.32,3,Brand644,https://www.amazon.com/dp/B040521849,coir-doormat
Custom fabric doormat,30.65,16,490.4,3,Brand833,https://www.amazon.com/dp/B056238440,coir-doormat
Custom fabric doormat,30.64,5,153.2,1,Brand167,https://www.amazon.com/dp/B032383489,coir-doormat
Personalized Custom Coir Doormat - Wedding Gift,24.6,19,467.4,4,Brand415,https://www.amazon.com/dp/B053148470,coir-doormat
Custom fabric doormat - Anniversary Gift,24.5,52,1274.0,5,Brand429,https://www.amazon.com/dp/B040998716,coir-doormat
Fabric Doormat,31.96,122,3899.12,14,Brand400,https://www.amazon.com/dp/B068802785,coir-doormat
Fabric Doormat - Birthday Gift,27.46,4,109.84,0,Brand167,https://www.amazon.com/dp/B027859540,coir-doormat
Personalized Custom Coir Doormat - Wedding Gift,33.66,36,1211.76,5,Brand194,https://www.amazon.com/dp/B090027791,coir-doormat
Custom fabric doormat - Valentine's Day Gift,30.64,1,30.64,0,Brand861,https://www.amazon.com/dp/B087724006,coir-doormat
Custom Coir Doormat - Christmas Gift,33.77,18,607.86,2,Brand694,https://www.amazon.com/dp/B056234668,coir-doormat
Custom Custom Coir Doormat - Birthday Gift,29.53,698,20611.94,125,Brand723,https://www.amazon.com/dp/B076099044,coir-doormat
Custom Personalized Fleece Blanket - Father's Day Gift,29.42,57,1676.94,13,Brand990,https://www.amazon.com/dp/B067763190,fleece-blanket
Fabric Blanket - Birthday Gift,27.47,295,8103.65,18,Brand663,https://www.amazon.com/dp/B089276187,fleece-blanket
Fabric Blanket,41.25,129,5321.25,24,Brand620,https://www.amazon.com/dp/B039389536,fleece-blanket
Custom fabric blanket - Graduation Gift,20.45,41,838.45,4,Brand121,https://www.amazon.com/dp/B076230658,fleece-blanket
Fabric Blanket - Christmas Gift,27.77,87,2415.99,9,Brand164,https://www.amazon.com/dp/B076797300,fleece-blanket
Fabric Blanket,26.11,217,5665.87,33,Brand925,https://www.amazon.com/dp/B043922543,fleece-blanket
Personalized Fleece Blanket,26.79,307,8224.53,35,Brand639,https://www.amazon.com/dp/B074454593,fleece-blanket
Personalized fabric blanket gift - Housewarming Gift,32.97,107,3527.79,22,Brand863,https://www.amazon.com/dp/B095726291,fleece-blanket
Custom Personalized Fleece Blanket - Housewarming Gift,32.44,1840,59689.6,279,Brand859,https://www.amazon.com/dp/B053280772,fleece-blanket
Custom Personalized Fleece Blanket,25.69,124,3185.56,28,Brand683,https://www.amazon.com/dp/B013245643,fleece-blanket
Personalized Fleece Blanket,19.55,97,1896.35,20,Brand511,https://www.amazon.com/dp/B058874630,fleece-blanket
Personalized Personalized Fleece Blanket - Christmas Gift,33.91,139,4713.49,20,Brand946,https://www.amazon.com/dp/B063003650,fleece-blanket
Custom Personalized Fleece Blanket - Mother's Day Gift,33.21,336,11158.56,35,Brand902,https://www.amazon.com/dp/B075379277,fleece-blanket
Custom Personalized Fleece Blanket - Anniversary Gift,34.33,82,2815.06,14,Brand748,https://www.amazon.com/dp/B053217047,fleece-blanket
Personalized fabric blanket gift - Wedding Gift,27.68,35,968.8,5,Brand512,https://www.amazon.com/dp/B062540513,fleece-blanket
Fabric Blanket - Mother's Day Gift,26.72,321,8577.12,56,Brand239,https://www.amazon.com/dp/B013454029,fleece-blanket
Fabric Blanket,24.21,6,145.26,1,Brand424,https://www.amazon.com/dp/B050451144,fleece-blanket
Personalized fabric blanket gift - Wedding Gift,29.11,57,1659.27,7,Brand126,https://www.amazon.com/dp/B045050041,fleece-blanket
Personalized Personalized Fleece Blanket - Christmas Gift,20.45,111,2269.95,23,Brand590,https://www.amazon.com/dp/B058841923,fleece-blanket
Custom fabric blanket,23.95,360,8622.0,19,Brand867,https://www.amazon.com/dp/B092486733,fleece-blanket
Fabric Blanket,35.94,391,14052.54,47,Brand374,https://www.amazon.com/dp/B015455347,fleece-blanket
Custom fabric blanket - Christmas Gift,21.11,19,401.09,2,Brand793,https://www.amazon.com/dp/B050991696,fleece-blanket
Personalized Fleece Blanket - Graduation Gift,28.12,169,4752.28,39,Brand531,https://www.amazon.com/dp/B049450293,fleece-blanket
Personalized fabric blanket gift,30.64,116,3554.24,11,Brand173,https://www.amazon.com/dp/B097130148,fleece-blanket
Personalized Fleece Blanket,26.28,60,1576.8,6,Brand824,https://www.amazon.com/dp/B067859949,fleece-blanket
Personalized Fleece Blanket - Housewarming Gift,27.33,270,7379.1,32,Brand179,https://www.amazon.com/dp/B062468976,fleece-blanket
Personalized fabric blanket gift,28.52,96,2737.92,12,Brand517,https://www.amazon.com/dp/B014967223,fleece-blanket
Fabric Blanket - Birthday Gift,29.11,105,3056.55,18,Brand749,https://www.amazon.com/dp/B036391447,fleece-blanket
Personalized Fleece Blanket,34.1,108,3682.8,20,Brand741,https://www.amazon.com/dp/B078243020,fleece-blanket
Personalized Personalized Fleece Blanket - Housewarming Gift,30.68,1246,38227.28,207,Brand228,https://www.amazon.com/dp/B066862139,fleece-blanket
Personalized Personalized Fleece Blanket,25.66,65,1667.9,5,Brand599,https://www.amazon.com/dp/B053864928,fleece-blanket
Custom Personalized Fleece Blanket,29.17,29,845.93,6,Brand346,https://www.amazon.com/dp/B079554314,fleece-blanket
Custom fabric blanket,31.45,225,7076.25,18,Brand573,https://www.amazon.com/dp/B066955837,fleece-blanket
Personalized Personalized Fleece Blanket - Mother's Day Gift,25.03,114,2853.42,20,Brand195,https://www.amazon.com/dp/B062702776,fleece-blanket
Personalized Personalized Fleece Blanket - Christmas Gift,24.78,69,1709.82,10,Brand971,https://www.amazon.com/dp/B051673655,fleece-blanket
Personalized Fleece Blanket,27.77,74,2054.98,16,Brand753,https://www.amazon.com/dp/B065797361,fleece-blanket
Personalized Fleece Blanket - Memorial Gift,28.33,7,198.31,1,Brand342,https://www.amazon.com/dp/B046064800,fleece-blanket
Personalized fabric blanket gift - Mother's Day Gift,24.43,100,2443.0,22,Brand753,https://www.amazon.com/dp/B073189411,fleece-blanket
Fabric Blanket,25.72,821,21116.12,54,Brand990,https://www.amazon.com/dp/B064148762,fleece-blanket
Personalized Personalized Fleece Blanket - Birthday Gift,31.58,658,20779.64,81,Brand281,https://www.amazon.com/dp/B061912716,fleece-blanket
Custom fabric blanket - Wedding Gift,32.73,20,654.6,2,Brand225,https://www.amazon.com/dp/B063900592,fleece-blanket
Personalized Personalized Fleece Blanket - Wedding Gift,22.89,173,3959.97,19,Brand295,https://www.amazon.com/dp/B051712254,fleece-blanket
Fabric Blanket - Father's Day Gift,27.24,70,1906.8,11,Brand565,https://www.amazon.com/dp/B057262763,fleece-blanket
Custom fabric blanket,29.07,12,348.84,1,Brand964,https://www.amazon.com/dp/B051543639,sherpa-blanket
Personalized fabric blanket gift - Father's Day Gift,32.02,26,832.52,2,Brand682,https://www.amazon.com/dp/B052462391,sherpa-blanket
Fabric Blanket - Father's Day Gift,29.18,99,2888.82,18,Brand201,https://www.amazon.com/dp/B070166316,sherpa-blanket
Personalized Sherpa Photo Blanket - Graduation Gift,31.71,205,6500.55,23,Brand714,https://www.amazon.com/dp/B065672033,sherpa-blanket
Personalized fabric blanket gift,23.69,49,1160.81,3,Brand147,https://www.amazon.com/dp/B049599781,sherpa-blanket
Sherpa Photo Blanket,29.18,46,1342.28,10,Brand365,https://www.amazon.com/dp/B046393984,sherpa-blanket
Personalized fabric blanket gift,29.78,207,6164.46,25,Brand111,https://www.amazon.com/dp/B010784322,sherpa-blanket
Personalized fabric blanket gift,30.63,48,1470.24,5,Brand982,https://www.amazon.com/dp/B022713166,sherpa-blanket
Personalized Sherpa Photo Blanket,33.16,182,6035.12,29,Brand966,https://www.amazon.com/dp/B043965259,sherpa-blanket
Sherpa Photo Blanket,24.43,23,561.89,2,Brand231,https://www.amazon.com/dp/B066112205,sherpa-blanket
Personalized fabric blanket gift,15.51,57,884.07,12,Brand697,https://www.amazon.com/dp/B036935053,sherpa-blanket
Fabric Blanket - Memorial Gift,20.4,259,5283.6,63,Brand131,https://www.amazon.com/dp/B056135711,sherpa-blanket
Custom Sherpa Photo Blanket,29.83,29,865.07,1,Brand615,https://www.amazon.com/dp/B045732153,sherpa-blanket
Personalized Sherpa Photo Blanket,21.86,126,2754.36,23,Brand443,https://www.amazon.com/dp/B047373746,sherpa-blanket
Personalized Sherpa Photo Blanket,35.29,50,1764.5,9,Brand462,https://www.amazon.com/dp/B095382095,sherpa-blanket
Personalized fabric blanket gift - Wedding Gift,29.33,303,8886.99,40,Brand766,https://www.amazon.com/dp/B040779780,sherpa-blanket
Sherpa Photo Blanket,31.32,67,2098.44,14,Brand545,https://www.amazon.com/dp/B055798675,sherpa-blanket
Fabric Blanket,34.24,359,12292.16,18,Brand731,https://www.amazon.com/dp/B072835519,sherpa-blanket
Custom Sherpa Photo Blanket,21.36,221,4720.56,12,Brand749,https://www.amazon.com/dp/B092348147,sherpa-blanket
Sherpa Photo Blanket,28.55,54,1541.7,3,Brand394,https://www.amazon.com/dp/B040886600,sherpa-blanket
Custom Sherpa Photo Blanket - Valentine's Day Gift,30.94,116,3589.04,6,Brand729,https://www.amazon.com/dp/B052910710,sherpa-blanket
Personalized Sherpa Photo Blanket,29.73,227,6748.71,17,Brand492,https://www.amazon.com/dp/B059593125,sherpa-blanket
Custom fabric blanket,23.89,194,4634.66,15,Brand480,https://www.amazon.com/dp/B064536438,sherpa-blanket
Custom Sherpa Photo Blanket,28.2,269,7585.8,40,Brand578,https://www.amazon.com/dp/B099273646,sherpa-blanket
Personalized Sherpa Photo Blanket,33.42,164,5480.88,25,Brand256,https://www.amazon.com/dp/B034263377,sherpa-blanket
Personalized Sherpa Photo Blanket,22.74,84,1910.16,20,Brand693,https://www.amazon.com/dp/B070282008,sherpa-blanket
Fabric Blanket,26.34,128,3371.52,19,Brand506,https://www.amazon.com/dp/B040196249,sherpa-blanket
Custom fabric blanket - Anniversary Gift,29.91,97,2901.27,9,Brand431,https://www.amazon.com/dp/B045366737,sherpa-blanket
Personalized Sherpa Photo Blanket,25.09,48,1204.32,3,Brand315,https://www.amazon.com/dp/B061988045,sherpa-blanket
Personalized fabric blanket gift,28.16,269,7575.04,36,Brand243,https://www.amazon.com/dp/B079304106,sherpa-blanket
Fabric Blanket - Graduation Gift,30.61,7,214.27,0,Brand516,https://www.amazon.com/dp/B043362317,sherpa-blanket
Custom Custom Canvas Print - Mother's Day Gift,31.46,33,1038.18,8,Brand125,https://www.amazon.com/dp/B048187393,canvas-print
Personalized Custom Canvas Print - Birthday Gift,28.46,124,3529.04,18,Brand776,https://www.amazon.com/dp/B010794153,canvas-print
Custom canvas print,28.26,13,367.38,2,Brand318,https://www.amazon.com/dp/B037964324,canvas-print
Custom Canvas Print,28.98,58,1680.84,13,Brand290,https://www.amazon.com/dp/B025568812,canvas-print
Canvas Print - Anniversary Gift,35.68,15,535.2,1,Brand885,https://www.amazon.com/dp/B099120130,canvas-print
Custom Custom Canvas Print,28.76,171,4917.96,24,Brand140,https://www.amazon.com/dp/B030256184,canvas-print
Personalized canvas print gift - Memorial Gift,18.18,18,327.24,3,Brand261,https://www.amazon.com/dp/B054925119,canvas-print
Custom Canvas Print - Valentine's Day Gift,28.99,19,550.81,2,Brand855,https://www.amazon.com/dp/B068626267,canvas-print
Personalized Custom Canvas Print,31.39,563,17672.57,133,Brand302,https://www.amazon.com/dp/B062413313,canvas-print
Custom canvas print - Wedding Gift,31.58,11,347.38,1,Brand935,https://www.amazon.com/dp/B073944954,canvas-print
Personalized canvas print gift,36.22,11,398.42,2,Brand275,https://www.amazon.com/dp/B029159514,canvas-print
Canvas Print - Valentine's Day Gift,34.61,82,2838.02,17,Brand684,https://www.amazon.com/dp/B082721410,canvas-print
Personalized Custom Canvas Print - Wedding Gift,30.75,71,2183.25,8,Brand597,https://www.amazon.com/dp/B024761842,canvas-print
Personalized Custom Canvas Print - Wedding Gift,24.0,209,5016.0,34,Brand354,https://www.amazon.com/dp/B093057858,canvas-print
Personalized Custom Canvas Print - Mother's Day Gift,30.77,11,338.47,1,Brand842,https://www.amazon.com/dp/B071720656,canvas-print
Canvas Print,23.41,6,140.46,1,Brand668,https://www.amazon.com/dp/B029326623,canvas-print
Paper Poster - Mother's Day Gift,15.8,180,2844.0,37,Brand545,https://www.amazon.com/dp/B072583844,paper-poster
Personalized paper poster gift,17.69,77,1362.13,8,Brand147,https://www.amazon.com/dp/B010523289,paper-poster
Paper Poster - Mother's Day Gift,10.42,62,646.04,11,Brand971,https://www.amazon.com/dp/B079355319,paper-poster
Paper Poster - Graduation Gift,16.19,21,339.99,4,Brand656,https://www.amazon.com/dp/B053377024,paper-poster
Paper Poster - Mother's Day Gift,19.48,143,2785.64,33,Brand250,https://www.amazon.com/dp/B079205380,paper-poster
Paper Poster,19.15,142,2719.3,8,Brand216,https://www.amazon.com/dp/B036830712,paper-poster
Custom paper poster - Christmas Gift,14.84,155,2300.2,27,Brand800,https://www.amazon.com/dp/B057924352,paper-poster
Personalized paper poster gift,11.67,30,350.1,5,Brand612,https://www.amazon.com/dp/B055225428,paper-poster
Personalized Custom Art Poster,16.57,183,3032.31,41,Brand921,https://www.amazon.com/dp/B026247066,paper-poster
Custom paper poster - Mother's Day Gift,17.35,98,1700.3,21,Brand363,https://www.amazon.com/dp/B051768067,paper-poster
Custom Art Poster,20.3,28,568.4,4,Brand974,https://www.amazon.com/dp/B054472186,paper-poster
Custom Art Poster - Memorial Gift,19.33,456,8814.48,86,Brand734,https://www.amazon.com/dp/B069075349,paper-poster
Custom Art Poster - Housewarming Gift,15.25,112,1708.0,27,Brand715,https://www.amazon.com/dp/B023787620,paper-poster
Personalized paper poster gift,17.15,104,1783.6,22,Brand566,https://www.amazon.com/dp/B037296988,paper-poster
Personalized Custom Art Poster,20.95,231,4839.45,35,Brand992,https://www.amazon.com/dp/B029210395,paper-poster
Custom paper poster,12.18,114,1388.52,13,Brand567,https://www.amazon.com/dp/B092585226,paper-poster
Custom Custom Art Poster,13.13,291,3820.83,66,Brand458,https://www.amazon.com/dp/B039600410,paper-poster
Paper Poster - Father's Day Gift,15.88,25,397.0,3,Brand139,https://www.amazon.com/dp/B073447571,paper-poster
Paper Poster - Christmas Gift,15.08,155,2337.4,38,Brand158,https://www.amazon.com/dp/B069539380,paper-poster
Custom Custom Art Poster - Wedding Gift,18.37,76,1396.12,16,Brand622,https://www.amazon.com/dp/B043016452,paper-poster
Personalized paper poster gift,17.26,12,207.12,2,Brand928,https://www.amazon.com/dp/B087130960,paper-poster
Paper Poster - Valentine's Day Gift,21.42,80,1713.6,13,Brand342,https://www.amazon.com/dp/B042278063,paper-poster
Personalized Custom Art Poster,20.33,41,833.53,4,Brand635,https://www.amazon.com/dp/B071084989,paper-poster
Paper Poster,16.13,1054,17001.02,225,Brand488,https://www.amazon.com/dp/B071933302,paper-poster
Custom paper poster - Christmas Gift,20.15,577,11626.55,42,Brand905,https://www.amazon.com/dp/B028661165,paper-poster
Personalized paper poster gift - Christmas Gift,12.56,176,2210.56,27,Brand764,https://www.amazon.com/dp/B048204810,paper-poster
Personalized paper poster gift,13.46,162,2180.52,15,Brand695,https://www.amazon.com/dp/B084073354,paper-poster
Paper Poster - Mother's Day Gift,20.95,78,1634.1,8,Brand448,https://www.amazon.com/dp/B098604603,paper-poster
Paper Poster - Father's Day Gift,17.78,277,4925.06,25,Brand744,https://www.amazon.com/dp/B057643287,paper-poster
Custom Custom Art Poster,13.87,121,1678.27,14,Brand763,https://www.amazon.com/dp/B054790014,paper-poster
Custom paper poster - Anniversary Gift,16.71,690,11529.9,112,Brand995,https://www.amazon.com/dp/B065674141,paper-poster
Custom paper poster,12.02,296,3557.92,35,Brand865,https://www.amazon.com/dp/B022937292,paper-poster
Personalized paper poster gift,17.74,116,2057.84,12,Brand288,https://www.amazon.com/dp/B068461055,paper-poster
Custom Art Poster,18.61,251,4671.11,13,Brand184,https://www.amazon.com/dp/B046990815,paper-poster
Custom paper poster - Housewarming Gift,15.4,83,1278.2,11,Brand662,https://www.amazon.com/dp/B012857338,paper-poster
Personalized paper poster gift - Christmas Gift,20.56,97,1994.32,9,Brand707,https://www.amazon.com/dp/B034394111,paper-poster
Custom Custom Art Poster - Father's Day Gift,9.39,42,394.38,6,Brand201,https://www.amazon.com/dp/B027344131,paper-poster
Personalized paper poster gift - Christmas Gift,10.18,784,7981.12,75,Brand922,https://www.amazon.com/dp/B028838395,paper-poster
Custom Custom Art Poster - Housewarming Gift,12.55,353,4430.15,52,Brand878,https://www.amazon.com/dp/B029191747,paper-poster
Custom Custom Art Poster,19.0,17,323.0,1,Brand437,https://www.amazon.com/dp/B070938884,paper-poster
Custom Custom Art Poster - Christmas Gift,12.01,125,1501.25,18,Brand140,https://www.amazon.com/dp/B054583306,paper-poster
Paper Poster - Memorial Gift,13.15,194,2551.1,25,Brand764,https://www.amazon.com/dp/B098543965,paper-poster
Personalized metal sign gift,31.43,55,1728.65,6,Brand324,https://www.amazon.com/dp/B060918731,metal-sign
Custom metal sign,29.7,60,1782.0,4,Brand469,https://www.amazon.com/dp/B020639014,metal-sign
Personalized Custom Metal Sign,23.93,174,4163.82,26,Brand691,https://www.amazon.com/dp/B043352665,metal-sign
Metal Sign - Mother's Day Gift,32.72,80,2617.6,10,Brand564,https://www.amazon.com/dp/B044957732,metal-sign
Personalized Custom Metal Sign,21.55,11,237.05,0,Brand862,https://www.amazon.com/dp/B014045812,metal-sign
Metal Sign,24.86,75,1864.5,4,Brand272,https://www.amazon.com/dp/B026065128,metal-sign
Custom Custom Metal Sign - Birthday Gift,33.01,67,2211.67,6,Brand646,https://www.amazon.com/dp/B027675174,metal-sign
Personalized metal sign gift,29.58,21,621.18,4,Brand808,https://www.amazon.com/dp/B037980453,metal-sign
Custom Custom Metal Sign,24.02,161,3867.22,13,Brand443,https://www.amazon.com/dp/B027965075,metal-sign
Custom Metal Sign - Birthday Gift,34.18,89,3042.02,20,Brand459,https://www.amazon.com/dp/B073058506,metal-sign
Metal Sign - Mother's Day Gift,30.76,186,5721.36,27,Brand446,https://www.amazon.com/dp/B085687404,metal-sign
Custom Custom Metal Sign,30.29,251,7602.79,48,Brand958,https://www.amazon.com/dp/B073969276,metal-sign
Custom Metal Sign - Housewarming Gift,29.99,25,749.75,5,Brand558,https://www.amazon.com/dp/B096860517,metal-sign
Custom Custom Metal Sign - Birthday Gift,28.03,179,5017.37,16,Brand611,https://www.amazon.com/dp/B059777868,metal-sign
Personalized metal sign gift - Housewarming Gift,29.12,102,2970.24,10,Brand469,https://www.amazon.com/dp/B072837231,metal-sign
Metal Sign - Wedding Gift,35.42,322,11405.24,58,Brand320,https://www.amazon.com/dp/B065135933,metal-sign
Custom Custom Metal Sign,26.99,164,4426.36,10,Brand566,https://www.amazon.com/dp/B048116321,metal-sign
Personalized metal sign gift - Valentine's Day Gift,25.38,97,2461.86,8,Brand480,https://www.amazon.com/dp/B018159491,metal-sign
Personalized metal sign gift - Valentine's Day Gift,21.91,211,4623.01,25,Brand837,https://www.amazon.com/dp/B023523260,metal-sign
Custom metal sign,34.28,167,5724.76,16,Brand723,https://www.amazon.com/dp/B021037856,metal-sign
Personalized metal sign gift - Graduation Gift,37.13,196,7277.48,39,Brand608,https://www.amazon.com/dp/B079638503,metal-sign
Custom metal sign,26.82,334,8957.88,17,Brand135,https://www.amazon.com/dp/B070259459,metal-sign
Personalized metal sign gift,28.22,56,1580.32,11,Brand473,https://www.amazon.com/dp/B072363857,metal-sign
Personalized Custom Metal Sign - Valentine's Day Gift,19.35,31,599.85,4,Brand658,https://www.amazon.com/dp/B063924505,metal-sign
Custom Metal Sign,30.27,148,4479.96,32,Brand736,https://www.amazon.com/dp/B043120842,metal-sign
Custom Metal Sign,27.11,88,2385.68,10,Brand512,https://www.amazon.com/dp/B037489760,metal-sign
Custom Custom Metal Sign - Birthday Gift,25.65,12,307.8,1,Brand678,https://www.amazon.com/dp/B058067200,metal-sign
Metal Sign - Birthday Gift,24.35,1078,26249.3,197,Brand728,https://www.amazon.com/dp/B013020865,metal-sign
Personalized Custom Metal Sign,24.61,540,13289.4,80,Brand813,https://www.amazon.com/dp/B016681598,metal-sign
Personalized Custom Metal Sign,28.18,166,4677.88,17,Brand750,https://www.amazon.com/dp/B079071019,metal-sign
Custom wood sign - Mother's Day Gift,17.27,33,569.91,6,Brand234,https://www.amazon.com/dp/B077646323,wood-sign
Personalized Wood Sign,16.9,32,540.8,7,Brand786,https://www.amazon.com/dp/B079392969,wood-sign
Custom Personalized Wood Sign,28.06,36,1010.16,4,Brand941,https://www.amazon.com/dp/B025515572,wood-sign
Personalized wood sign gift,16.53,10,165.3,1,Brand831,https://www.amazon.com/dp/B039351712,wood-sign
Custom Personalized Wood Sign - Housewarming Gift,24.27,15,364.05,2,Brand359,https://www.amazon.com/dp/B050540121,wood-sign
Custom Personalized Wood Sign - Wedding Gift,22.05,10,220.5,0,Brand439,https://www.amazon.com/dp/B024716488,wood-sign
Personalized Personalized Wood Sign - Wedding Gift,33.44,53,1772.32,6,Brand914,https://www.amazon.com/dp/B089157480,wood-sign
Personalized Custom Neon LED Sign - Valentine's Day Gift,25.9,53,1372.7,6,Brand309,https://www.amazon.com/dp/B072640810,neon-sign
Custom acrylic sign,22.45,567,12729.15,47,Brand693,https://www.amazon.com/dp/B080829498,neon-sign
Acrylic Sign,15.08,72,1085.76,4,Brand419,https://www.amazon.com/dp/B011555976,neon-sign
Acrylic Sign,21.89,41,897.49,5,Brand803,https://www.amazon.com/dp/B053877706,neon-sign
Personalized acrylic sign gift - Graduation Gift,24.33,58,1411.14,13,Brand155,https://www.amazon.com/dp/B035870452,neon-sign
Personalized acrylic sign gift,23.25,60,1395.0,13,Brand393,https://www.amazon.com/dp/B049028597,neon-sign
Custom acrylic sign,20.33,281,5712.73,53,Brand964,https://www.amazon.com/dp/B094807255,neon-sign
Custom Neon LED Sign - Wedding Gift,22.51,134,3016.34,25,Brand744,https://www.amazon.com/dp/B029504323,neon-sign
Custom acrylic sign,18.53,137,2538.61,19,Brand831,https://www.amazon.com/dp/B024424696,neon-sign
Personalized acrylic sign gift - Memorial Gift,15.33,270,4139.1,34,Brand235,https://www.amazon.com/dp/B060074502,neon-sign
Acrylic Sign,15.14,49,741.86,2,Brand578,https://www.amazon.com/dp/B024440032,neon-sign
Custom acrylic sign,23.52,59,1387.68,12,Brand229,https://www.amazon.com/dp/B050391228,neon-sign
Custom Custom Neon LED Sign,21.13,150,3169.5,26,Brand347,https://www.amazon.com/dp/B048756759,neon-sign
Personalized acrylic sign gift,15.89,227,3607.03,37,Brand256,https://www.amazon.com/dp/B056171846,neon-sign
Acrylic Sign - Wedding Gift,21.58,176,3798.08,36,Brand460,https://www.amazon.com/dp/B045440675,neon-sign
Custom Custom Neon LED Sign - Memorial Gift,21.15,37,782.55,5,Brand178,https://www.amazon.com/dp/B079313139,neon-sign
Custom Custom Neon LED Sign - Father's Day Gift,15.17,377,5719.09,29,Brand714,https://www.amazon.com/dp/B096300886,neon-sign
Acrylic Sign - Mother's Day Gift,20.27,451,9141.77,94,Brand826,https://www.amazon.com/dp/B015941886,neon-sign
Custom Custom Neon LED Sign - Wedding Gift,19.06,40,762.4,7,Brand524,https://www.amazon.com/dp/B048346465,neon-sign
Custom acrylic sign,23.19,50,1159.5,3,Brand546,https://www.amazon.com/dp/B043602830,neon-sign
Personalized acrylic sign gift,15.77,88,1387.76,7,Brand939,https://www.amazon.com/dp/B026668192,neon-sign
Personalized acrylic sign gift - Birthday Gift,21.12,75,1584.0,13,Brand625,https://www.amazon.com/dp/B052569134,neon-sign
Personalized acrylic sign gift,21.89,684,14972.76,158,Brand576,https://www.amazon.com/dp/B062029638,neon-sign
Personalized acrylic sign gift,17.96,16,287.36,3,Brand546,https://www.amazon.com/dp/B065575707,neon-sign
Acrylic Sign - Valentine's Day Gift,20.06,14,280.84,2,Brand367,https://www.amazon.com/dp/B049691781,neon-sign
Custom Neon LED Sign,21.63,63,1362.69,7,Brand747,https://www.amazon.com/dp/B072824970,neon-sign
Acrylic Sign,20.03,112,2243.36,12,Brand849,https://www.amazon.com/dp/B091422507,neon-sign
Custom Custom Neon LED Sign,15.04,58,872.32,11,Brand395,https://www.amazon.com/dp/B049998468,neon-sign
Personalized Custom Neon LED Sign - Housewarming Gift,20.8,215,4472.0,40,Brand221,https://www.amazon.com/dp/B078339629,neon-sign
Custom acrylic sign - Anniversary Gift,14.36,67,962.12,16,Brand294,https://www.amazon.com/dp/B080012965,neon-sign
Acrylic Light,18.47,21,387.87,1,Brand881,https://www.amazon.com/dp/B010570173,acrylic-night-light
Personalized acrylic light gift,21.5,22,473.0,1,Brand432,https://www.amazon.com/dp/B060323539,acrylic-night-light
Custom acrylic light - Mother's Day Gift,15.53,9,139.77,0,Brand822,https://www.amazon.com/dp/B032458942,acrylic-night-light
3D Acrylic Night Light - Birthday Gift,22.41,33,739.53,3,Brand408,https://www.amazon.com/dp/B036381068,acrylic-night-light
Engraved Photo Frame - Memorial Gift,24.34,183,4454.22,15,Brand459,https://www.amazon.com/dp/B072545356,wood-photo-frame
Personalized wood frame gift - Wedding Gift,23.93,12,287.16,1,Brand790,https://www.amazon.com/dp/B056696490,wood-photo-frame
Custom wood frame - Birthday Gift,25.81,18,464.58,1,Brand371,https://www.amazon.com/dp/B053827176,wood-photo-frame
Custom Engraved Photo Frame,23.26,197,4582.22,49,Brand103,https://www.amazon.com/dp/B093152246,wood-photo-frame
Wood Frame - Valentine's Day Gift,23.57,51,1202.07,6,Brand338,https://www.amazon.com/dp/B047409563,wood-photo-frame
Personalized Engraved Photo Frame,26.86,162,4351.32,35,Brand672,https://www.amazon.com/dp/B011411877,wood-photo-frame
Wood Frame,26.31,70,1841.7,14,Brand907,https://www.amazon.com/dp/B057310360,wood-photo-frame
Wood Frame,28.68,181,5191.08,35,Brand147,https://www.amazon.com/dp/B019500866,wood-photo-frame
Personalized Engraved Photo Frame - Father's Day Gift,28.03,76,2130.28,16,Brand921,https://www.amazon.com/dp/B085792888,wood-photo-frame
Wood Frame - Christmas Gift,32.31,494,15961.14,93,Brand817,https://www.amazon.com/dp/B063032131,wood-photo-frame
Wood Frame - Wedding Gift,24.66,78,1923.48,17,Brand491,https://www.amazon.com/dp/B061879909,wood-photo-frame
Personalized wood frame gift,31.2,200,6240.0,48,Brand200,https://www.amazon.com/dp/B034821746,wood-photo-frame
Custom wood frame,22.59,35,790.65,4,Brand488,https://www.amazon.com/dp/B027050217,wood-photo-frame
Custom Engraved Photo Frame - Mother's Day Gift,29.96,29,868.84,4,Brand774,https://www.amazon.com/dp/B063384328,wood-photo-frame
Personalized Engraved Photo Frame,27.15,33,895.95,6,Brand848,https://www.amazon.com/dp/B084851254,wood-photo-frame
Engraved Photo Frame - Valentine's Day Gift,27.31,184,5025.04,27,Brand296,https://www.amazon.com/dp/B096779249,wood-photo-frame
Custom wood frame - Housewarming Gift,18.61,9,167.49,1,Brand444,https://www.amazon.com/dp/B062112526,wood-photo-frame
Personalized Engraved Photo Frame - Housewarming Gift,32.63,144,4698.72,33,Brand288,https://www.amazon.com/dp/B079243879,wood-photo-frame
Custom wood frame - Valentine's Day Gift,22.44,126,2827.44,24,Brand346,https://www.amazon.com/dp/B079004353,wood-photo-frame
Engraved Photo Frame,24.3,121,2940.3,30,Brand672,https://www.amazon.com/dp/B027118777,wood-photo-frame
Custom wood frame,21.51,154,3312.54,7,Brand190,https://www.amazon.com/dp/B069242807,wood-photo-frame
Engraved Photo Frame,26.55,168,4460.4,37,Brand520,https://www.amazon.com/dp/B023034971,wood-photo-frame
Personalized wood frame gift - Wedding Gift,33.19,87,2887.53,18,Brand552,https://www.amazon.com/dp/B068955379,wood-photo-frame
Custom Engraved Photo Frame,23.06,236,5442.16,21,Brand947,https://www.amazon.com/dp/B098060803,wood-photo-frame
Engraved Photo Frame,25.61,39,998.79,3,Brand387,https://www.amazon.com/dp/B079722315,wood-photo-frame
Engraved Photo Frame - Memorial Gift,20.2,70,1414.0,16,Brand559,https://www.amazon.com/dp/B035520571,wood-photo-frame
Personalized wood frame gift,23.69,344,8149.36,59,Brand224,https://www.amazon.com/dp/B063117556,wood-photo-frame
Personalized Engraved Photo Frame,21.6,521,11253.6,112,Brand263,https://www.amazon.com/dp/B062018552,wood-photo-frame
Custom Engraved Photo Frame,21.24,29,615.96,2,Brand281,https://www.amazon.com/dp/B063950802,wood-photo-frame
Personalized wood frame gift,19.38,134,2596.92,27,Brand400,https://www.amazon.com/dp/B012179830,wood-photo-frame
Custom Engraved Photo Frame - Housewarming Gift,23.14,185,4280.9,35,Brand448,https://www.amazon.com/dp/B067120594,wood-photo-frame
Personalized wood frame gift - Birthday Gift,23.83,103,2454.49,21,Brand701,https://www.amazon.com/dp/B052890548,wood-photo-frame
Engraved Photo Frame - Wedding Gift,25.55,335,8559.25,41,Brand366,https://www.amazon.com/dp/B094356280,wood-photo-frame
Custom Acrylic Keychain,19.53,29,566.37,1,Brand385,https://www.amazon.com/dp/B099907209,acrylic-keychain
Custom Acrylic Keychain,20.62,294,6062.28,41,Brand922,https://www.amazon.com/dp/B064138320,acrylic-keychain
Personalized Custom Acrylic Keychain - Graduation Gift,20.76,8,166.08,1,Brand689,https://www.amazon.com/dp/B060597039,acrylic-keychain
Custom Custom Acrylic Keychain,19.78,17,336.26,3,Brand222,https://www.amazon.com/dp/B023811554,acrylic-keychain
Custom Custom Acrylic Keychain,21.26,48,1020.48,9,Brand386,https://www.amazon.com/dp/B097207160,acrylic-keychain
Acrylic Keychain - Graduation Gift,18.0,23,414.0,1,Brand822,https://www.amazon.com/dp/B017570434,acrylic-keychain
Custom acrylic keychain,21.89,46,1006.94,8,Brand441,https://www.amazon.com/dp/B055402881,acrylic-keychain
Acrylic Keychain - Mother's Day Gift,17.9,28,501.2,4,Brand282,https://www.amazon.com/dp/B042239806,acrylic-keychain
Custom acrylic keychain - Valentine's Day Gift,24.01,55,1320.55,10,Brand301,https://www.amazon.com/dp/B073027266,acrylic-keychain
Custom Custom Acrylic Keychain - Memorial Gift,20.88,33,689.04,8,Brand138,https://www.amazon.com/dp/B017746961,acrylic-keychain
Personalized acrylic keychain gift,14.18,29,411.22,1,Brand683,https://www.amazon.com/dp/B011635059,acrylic-keychain
Acrylic Keychain,24.01,115,2761.15,8,Brand556,https://www.amazon.com/dp/B045320890,acrylic-keychain
Custom Custom Acrylic Keychain,17.65,17,300.05,3,Brand910,https://www.amazon.com/dp/B025071400,acrylic-keychain
Custom acrylic keychain,14.77,65,960.05,11,Brand207,https://www.amazon.com/dp/B055024809,acrylic-keychain
Custom acrylic keychain - Father's Day Gift,29.14,73,2127.22,9,Brand659,https://www.amazon.com/dp/B044856250,acrylic-keychain
Acrylic Keychain,21.21,16,339.36,2,Brand204,https://www.amazon.com/dp/B090074008,acrylic-keychain
Custom Custom Acrylic Keychain,18.88,203,3832.64,38,Brand130,https://www.amazon.com/dp/B019301864,acrylic-keychain
Personalized Custom Acrylic Keychain - Wedding Gift,21.36,122,2605.92,24,Brand359,https://www.amazon.com/dp/B025040525,acrylic-keychain
Personalized acrylic keychain gift - Graduation Gift,14.49,47,681.03,3,Brand628,https://www.amazon.com/dp/B040850459,acrylic-keychain
Acrylic Keychain,23.34,117,2730.78,29,Brand451,https://www.amazon.com/dp/B026640311,acrylic-keychain
Custom acrylic keychain - Mother's Day Gift,15.04,17,255.68,2,Brand696,https://www.amazon.com/dp/B016928616,acrylic-keychain
Personalized Custom Acrylic Keychain - Christmas Gift,20.57,21,431.97,3,Brand819,https://www.amazon.com/dp/B047538815,acrylic-keychain
Engraved Metal Keychain - Anniversary Gift,24.84,26,645.84,4,Brand896,https://www.amazon.com/dp/B096353221,metal-keychain
Metal Keychain,27.39,19,520.41,1,Brand532,https://www.amazon.com/dp/B033216733,metal-keychain
Engraved Metal Keychain,26.37,7,184.59,0,Brand731,https://www.amazon.com/dp/B054642790,metal-keychain
Engraved Metal Keychain - Valentine's Day Gift,31.91,154,4914.14,15,Brand460,https://www.amazon.com/dp/B035348278,metal-keychain
Metal Keychain - Christmas Gift,27.42,66,1809.72,5,Brand741,https://www.amazon.com/dp/B088744771,metal-keychain
Personalized Engraved Metal Keychain,23.15,57,1319.55,6,Brand583,https://www.amazon.com/dp/B095812034,metal-keychain
Personalized Engraved Metal Keychain,23.55,30,706.5,3,Brand361,https://www.amazon.com/dp/B025407712,metal-keychain
Metal Keychain - Birthday Gift,26.68,23,613.64,5,Brand590,https://www.amazon.com/dp/B029532425,metal-keychain
Personalized Engraved Metal Keychain - Graduation Gift,27.11,97,2629.67,17,Brand451,https://www.amazon.com/dp/B061657822,metal-keychain
Metal Keychain,25.7,80,2056.0,8,Brand726,https://www.amazon.com/dp/B064530447,metal-keychain
Custom Engraved Metal Keychain - Father's Day Gift,18.74,219,4104.06,52,Brand692,https://www.amazon.com/dp/B041533897,metal-keychain
Metal Keychain - Mother's Day Gift,32.91,22,724.02,3,Brand139,https://www.amazon.com/dp/B071135501,metal-keychain
Custom metal keychain,17.49,324,5666.76,42,Brand921,https://www.amazon.com/dp/B073859167,metal-keychain
Custom Engraved Metal Keychain,35.32,40,1412.8,3,Brand319,https://www.amazon.com/dp/B026068977,metal-keychain
Personalized Leather Keychain,17.79,16,284.64,1,Brand293,https://www.amazon.com/dp/B060379246,leather-keychain
Custom leather keychain,22.69,66,1497.54,6,Brand586,https://www.amazon.com/dp/B043372774,leather-keychain
Personalized leather keychain gift,22.34,85,1898.9,7,Brand956,https://www.amazon.com/dp/B073879392,leather-keychain
Personalized Personalized Leather Keychain - Graduation Gift,27.53,61,1679.33,13,Brand677,https://www.amazon.com/dp/B095900373,leather-keychain
Personalized Leather Keychain,27.6,42,1159.2,6,Brand225,https://www.amazon.com/dp/B014452292,leather-keychain
Personalized Personalized Leather Keychain - Mother's Day Gift,25.01,37,925.37,3,Brand772,https://www.amazon.com/dp/B055105449,leather-keychain
Personalized Personalized Leather Keychain,20.19,28,565.32,2,Brand995,https://www.amazon.com/dp/B055902032,leather-keychain
Personalized Personalized Leather Keychain,20.74,18,373.32,1,Brand766,https://www.amazon.com/dp/B065595324,leather-keychain
Custom leather keychain,23.81,26,619.06,1,Brand738,https://www.amazon.com/dp/B030728922,leather-keychain
Personalized Leather Keychain,27.65,90,2488.5,20,Brand848,https://www.amazon.com/dp/B031698812,leather-keychain
Personalized Personalized Leather Keychain,24.4,41,1000.4,7,Brand244,https://www.amazon.com/dp/B048468672,leather-keychain
Personalized Leather Keychain - Birthday Gift,22.41,11,246.51,2,Brand910,https://www.amazon.com/dp/B046303755,leather-keychain
Personalized stone stone gift,34.32,642,22033.44,150,Brand703,https://www.amazon.com/dp/B040397208,garden-stone
Personalized stone stone gift,33.41,370,12361.7,59,Brand218,https://www.amazon.com/dp/B064679802,garden-stone
Personalized Memorial Garden Stone - Graduation Gift,28.23,951,26846.73,107,Brand368,https://www.amazon.com/dp/B037128293,garden-stone
Stone Stone,34.39,144,4952.16,34,Brand273,https://www.amazon.com/dp/B069819417,garden-stone
Personalized stone stone gift - Graduation Gift,28.11,90,2529.9,14,Brand238,https://www.amazon.com/dp/B028029875,garden-stone
Personalized Memorial Garden Stone,38.84,1363,52938.92,336,Brand623,https://www.amazon.com/dp/B095787504,garden-stone
Custom stone stone,39.81,975,38814.75,220,Brand799,https://www.amazon.com/dp/B023736710,garden-stone
Memorial Garden Stone,36.49,294,10728.06,19,Brand488,https://www.amazon.com/dp/B011965503,garden-stone
Custom stone stone - Father's Day Gift,30.17,208,6275.36,35,Brand719,https://www.amazon.com/dp/B070641092,garden-stone
Custom stone stone,33.15,218,7226.7,33,Brand128,https://www.amazon.com/dp/B072671336,garden-stone
Personalized stone stone gift,25.46,467,11889.82,72,Brand126,https://www.amazon.com/dp/B069906460,garden-stone
Personalized Memorial Garden Stone - Mother's Day Gift,25.08,1373,34434.84,157,Brand947,https://www.amazon.com/dp/B031694371,garden-stone
Personalized Memorial Garden Stone - Father's Day Gift,31.98,3175,101536.5,206,Brand666,https://www.amazon.com/dp/B099166250,garden-stone
Personalized Memorial Garden Stone,38.69,120,4642.8,21,Brand517,https://www.amazon.com/dp/B080968592,garden-stone
Custom Memorial Garden Stone,34.81,199,6927.19,27,Brand376,https://www.amazon.com/dp/B070717043,garden-stone
Personalized stone stone gift,32.15,226,7265.9,17,Brand171,https://www.amazon.com/dp/B068901756,garden-stone
Stone Stone - Mother's Day Gift,24.0,358,8592.0,69,Brand915,https://www.amazon.com/dp/B088251340,garden-stone
Custom Memorial Garden Stone,26.07,348,9072.36,33,Brand602,https://www.amazon.com/dp/B033745626,garden-stone
Stone Stone,33.56,121,4060.76,13,Brand669,https://www.amazon.com/dp/B040811522,garden-stone
Personalized stone stone gift,27.01,159,4294.59,30,Brand359,https://www.amazon.com/dp/B059384847,garden-stone
Custom Memorial Garden Stone - Mother's Day Gift,26.04,211,5494.44,42,Brand649,https://www.amazon.com/dp/B090793612,garden-stone
Personalized stone stone gift - Graduation Gift,26.04,366,9530.64,52,Brand784,https://www.amazon.com/dp/B067384954,garden-stone
Personalized Memorial Garden Stone - Housewarming Gift,31.26,81,2532.06,14,Brand853,https://www.amazon.com/dp/B094842180,garden-stone
Custom stone stone,33.87,84,2845.08,14,Brand195,https://www.amazon.com/dp/B074819576,garden-stone
Custom Memorial Garden Stone,29.66,319,9461.54,34,Brand686,https://www.amazon.com/dp/B040822421,garden-stone
Personalized stone stone gift,29.09,378,10996.02,27,Brand848,https://www.amazon.com/dp/B049259910,garden-stone
Personalized stone stone gift - Graduation Gift,43.17,103,4446.51,11,Brand337,https://www.amazon.com/dp/B041475923,garden-stone
Custom stone stone,36.19,79,2859.01,12,Brand326,https://www.amazon.com/dp/B023890611,garden-stone
Memorial Garden Stone - Father's Day Gift,25.15,1051,26432.65,98,Brand149,https://www.amazon.com/dp/B019044103,garden-stone
Custom Memorial Garden Stone - Wedding Gift,38.87,168,6530.16,11,Brand584,https://www.amazon.com/dp/B088166594,garden-stone
Stone Stone,33.54,290,9726.6,64,Brand373,https://www.amazon.com/dp/B080880007,garden-stone
Stone Stone,37.65,258,9713.7,24,Brand940,https://www.amazon.com/dp/B087905754,garden-stone
Stone Stone,35.34,847,29932.98,56,Brand789,https://www.amazon.com/dp/B075345325,garden-stone
Personalized Memorial Garden Stone,31.64,417,13193.88,90,Brand283,https://www.amazon.com/dp/B092680796,garden-stone
Custom Memorial Garden Stone,32.41,579,18765.39,97,Brand183,https://www.amazon.com/dp/B011508649,garden-stone
Stone Stone - Mother's Day Gift,40.76,95,3872.2,14,Brand680,https://www.amazon.com/dp/B072079160,garden-stone
Personalized stone stone gift,30.07,846,25439.22,153,Brand261,https://www.amazon.com/dp/B075670011,garden-stone
Memorial Garden Stone,32.57,67,2182.19,7,Brand597,https://www.amazon.com/dp/B089016128,garden-stone
Personalized stone stone gift,36.05,2295,82734.75,455,Brand302,https://www.amazon.com/dp/B090684401,garden-stone
Stone Stone - Memorial Gift,49.32,17,838.44,1,Brand953,https://www.amazon.com/dp/B095681116,garden-stone
Memorial Garden Stone,35.82,132,4728.24,26,Brand826,https://www.amazon.com/dp/B055449303,garden-stone
Custom stone stone,33.41,69,2305.29,14,Brand413,https://www.amazon.com/dp/B037011805,garden-stone
Stone Stone,37.59,466,17516.94,66,Brand482,https://www.amazon.com/dp/B096159976,garden-stone
Personalized stone stone gift - Housewarming Gift,42.57,332,14133.24,75,Brand400,https://www.amazon.com/dp/B093467558,garden-stone
Stone Stone - Housewarming Gift,36.91,239,8821.49,32,Brand907,https://www.amazon.com/dp/B043986576,garden-stone
Personalized stone stone gift,41.04,2186,89713.44,460,Brand581,https://www.amazon.com/dp/B080384662,garden-stone
Memorial Garden Stone - Memorial Gift,35.02,857,30012.14,164,Brand272,https://www.amazon.com/dp/B050705166,garden-stone
Custom Memorial Garden Stone - Memorial Gift,35.24,549,19346.76,54,Brand847,https://www.amazon.com/dp/B035323743,garden-stone
Personalized stone stone gift - Housewarming Gift,26.15,33,862.95,7,Brand600,https://www.amazon.com/dp/B055742409,garden-stone
Memorial Garden Stone - Anniversary Gift,42.23,244,10304.12,39,Brand876,https://www.amazon.com/dp/B013823699,garden-stone
Custom stone stone,40.43,232,9379.76,30,Brand696,https://www.amazon.com/dp/B068477799,garden-stone
Custom stone stone - Anniversary Gift,22.37,831,18589.47,51,Brand138,https://www.amazon.com/dp/B070918145,garden-stone
Stone Stone - Father's Day Gift,42.25,1849,78120.25,283,Brand335,https://www.amazon.com/dp/B010508344,garden-stone
Custom stone stone - Birthday Gift,33.75,141,4758.75,31,Brand627,https://www.amazon.com/dp/B011089835,garden-stone
Personalized Memorial Garden Stone - Christmas Gift,29.86,315,9405.9,48,Brand289,https://www.amazon.com/dp/B041991464,garden-stone
Custom stone stone,32.27,290,9358.3,42,Brand140,https://www.amazon.com/dp/B042782604,garden-stone
Custom stone stone,42.32,486,20567.52,111,Brand906,https://www.amazon.com/dp/B048200976,garden-stone
Custom stone stone,32.33,472,15259.76,61,Brand608,https://www.amazon.com/dp/B012583377,garden-stone
Stone Stone - Valentine's Day Gift,29.05,132,3834.6,17,Brand573,https://www.amazon.com/dp/B089156426,garden-stone
Custom Memorial Garden Stone,31.09,479,14892.11,44,Brand992,https://www.amazon.com/dp/B049644259,garden-stone
Personalized stone stone gift - Father's Day Gift,43.27,34,1471.18,6,Brand826,https://www.amazon.com/dp/B034856208,garden-stone
Custom Memorial Garden Stone,28.94,3109,89974.46,306,Brand868,https://www.amazon.com/dp/B069899413,garden-stone
Custom Memorial Garden Stone - Wedding Gift,36.85,751,27674.35,60,Brand718,https://www.amazon.com/dp/B073644432,garden-stone
Memorial Garden Stone - Graduation Gift,30.89,129,3984.81,20,Brand102,https://www.amazon.com/dp/B062099139,garden-stone
Personalized stone stone gift,28.89,599,17305.11,113,Brand345,https://www.amazon.com/dp/B093082539,garden-stone
Stone Stone - Anniversary Gift,34.71,236,8191.56,47,Brand621,https://www.amazon.com/dp/B017642494,garden-stone
Memorial Garden Stone,37.56,647,24301.32,138,Brand195,https://www.amazon.com/dp/B053981955,garden-stone
Personalized stone stone gift - Valentine's Day Gift,30.38,938,28496.44,205,Brand995,https://www.amazon.com/dp/B090721095,garden-stone
Custom Memorial Garden Stone,28.69,172,4934.68,9,Brand398,https://www.amazon.com/dp/B064180986,garden-stone
Stone Stone - Housewarming Gift,26.16,448,11719.68,53,Brand779,https://www.amazon.com/dp/B067912473,garden-stone
Custom stone stone - Graduation Gift,36.15,189,6832.35,19,Brand537,https://www.amazon.com/dp/B046637225,garden-stone
Memorial Garden Stone - Graduation Gift,44.86,157,7043.02,32,Brand238,https://www.amazon.com/dp/B032365367,garden-stone
Custom Memorial Garden Stone - Housewarming Gift,32.13,45,1445.85,5,Brand122,https://www.amazon.com/dp/B031463253,garden-stone
Memorial Garden Stone,39.24,113,4434.12,15,Brand194,https://www.amazon.com/dp/B068493047,garden-stone
Custom Memorial Garden Stone - Mother's Day Gift,44.35,797,35346.95,183,Brand279,https://www.amazon.com/dp/B057478489,garden-stone
Memorial Garden Stone,32.15,182,5851.3,16,Brand103,https://www.amazon.com/dp/B060933031,garden-stone
Memorial Wind Chime - Valentine's Day Gift,33.18,27,895.86,3,Brand701,https://www.amazon.com/dp/B092975979,wind-chime
Custom metal chime,26.65,145,3864.25,30,Brand729,https://www.amazon.com/dp/B061035782,wind-chime
Personalized metal chime gift - Father's Day Gift,21.52,50,1076.0,11,Brand694,https://www.amazon.com/dp/B087349276,wind-chime
Custom metal chime - Valentine's Day Gift,28.86,79,2279.94,8,Brand957,https://www.amazon.com/dp/B031178254,wind-chime
Personalized metal chime gift,23.44,12,281.28,1,Brand412,https://www.amazon.com/dp/B029362444,wind-chime
Metal Chime - Graduation Gift,27.39,244,6683.16,53,Brand856,https://www.amazon.com/dp/B059904480,wind-chime
Custom Memorial Wind Chime,26.52,13,344.76,3,Brand293,https://www.amazon.com/dp/B099238775,wind-chime
Personalized Memorial Wind Chime - Mother's Day Gift,22.11,28,619.08,4,Brand446,https://www.amazon.com/dp/B078806248,wind-chime
Personalized metal chime gift - Memorial Gift,24.22,6,145.32,1,Brand253,https://www.amazon.com/dp/B070960160,wind-chime
Custom metal chime,33.54,881,29548.74,68,Brand845,https://www.amazon.com/dp/B048649022,wind-chime
Custom metal chime - Housewarming Gift,28.79,52,1497.08,4,Brand631,https://www.amazon.com/dp/B058855164,wind-chime
Personalized Memorial Wind Chime,26.67,44,1173.48,8,Brand113,https://www.amazon.com/dp/B013884290,wind-chime
Fabric Flag - Mother's Day Gift,27.59,99,2731.41,19,Brand904,https://www.amazon.com/dp/B064864650,garden-flag
Fabric Flag - Christmas Gift,31.56,20,631.2,3,Brand414,https://www.amazon.com/dp/B041995700,garden-flag
Custom Custom Garden Flag,28.01,82,2296.82,8,Brand145,https://www.amazon.com/dp/B055806727,garden-flag
Custom Garden Flag,25.67,26,667.42,6,Brand685,https://www.amazon.com/dp/B051578712,garden-flag
Fabric Flag - Valentine's Day Gift,34.58,37,1279.46,5,Brand360,https://www.amazon.com/dp/B022550839,garden-flag
Custom fabric flag,32.11,39,1252.29,2,Brand511,https://www.amazon.com/dp/B051216855,garden-flag
Personalized Custom Garden Flag - Housewarming Gift,26.21,278,7286.38,35,Brand596,https://www.amazon.com/dp/B011755923,garden-flag
Personalized Custom Garden Flag - Birthday Gift,23.88,155,3701.4,8,Brand403,https://www.amazon.com/dp/B099952985,garden-flag
Custom Custom Garden Flag - Wedding Gift,23.35,17,396.95,3,Brand751,https://www.amazon.com/dp/B094719316,garden-flag
Custom Garden Flag - Mother's Day Gift,24.87,87,2163.69,16,Brand187,https://www.amazon.com/dp/B010439509,garden-flag
Personalized Custom Garden Flag,27.27,13,354.51,3,Brand921,https://www.amazon.com/dp/B090928473,garden-flag
Personalized Engraved Pet ID Tag,25.05,52,1302.6,6,Brand654,https://www.amazon.com/dp/B074438887,pet-tag
Custom Engraved Pet ID Tag - Graduation Gift,29.95,43,1287.85,5,Brand876,https://www.amazon.com/dp/B093402875,pet-tag
Custom metal tag,29.52,410,12103.2,97,Brand911,https://www.amazon.com/dp/B059580371,pet-tag
Custom Engraved Pet ID Tag - Wedding Gift,33.87,13,440.31,1,Brand984,https://www.amazon.com/dp/B011245518,pet-tag
Personalized Engraved Pet ID Tag - Graduation Gift,32.61,98,3195.78,12,Brand199,https://www.amazon.com/dp/B064424386,pet-tag
Custom Engraved Pet ID Tag - Christmas Gift,26.31,62,1631.22,14,Brand845,https://www.amazon.com/dp/B078928329,pet-tag
Personalized metal tag gift - Christmas Gift,25.45,4,101.8,0,Brand320,https://www.amazon.com/dp/B053330139,pet-tag
Engraved Pet ID Tag,26.22,24,629.28,5,Brand969,https://www.amazon.com/dp/B081274195,pet-tag
Custom metal tag - Christmas Gift,31.99,162,5182.38,32,Brand191,https://www.amazon.com/dp/B071789061,pet-tag
Engraved Pet ID Tag - Graduation Gift,29.39,26,764.14,5,Brand531,https://www.amazon.com/dp/B052203718,pet-tag
Personalized fabric bandana gift - Christmas Gift,28.09,220,6179.8,28,Brand247,https://www.amazon.com/dp/B041345747,pet-bandana
Custom Pet Bandana,30.64,18,551.52,4,Brand245,https://www.amazon.com/dp/B054712401,pet-bandana
Custom Custom Pet Bandana - Wedding Gift,34.62,293,10143.66,28,Brand381,https://www.amazon.com/dp/B065998248,pet-bandana
Personalized Custom Pet Bandana,21.91,30,657.3,2,Brand783,https://www.amazon.com/dp/B022466856,pet-bandana
Fabric Bandana - Graduation Gift,23.42,113,2646.46,7,Brand112,https://www.amazon.com/dp/B098070160,pet-bandana
Fabric Bandana,26.76,213,5699.88,32,Brand851,https://www.amazon.com/dp/B091155020,pet-bandana
Fabric Bandana,30.35,49,1487.15,3,Brand148,https://www.amazon.com/dp/B017195190,pet-bandana
Personalized fabric bandana gift - Father's Day Gift,20.52,234,4801.68,13,Brand146,https://www.amazon.com/dp/B039623589,pet-bandana
Custom fabric bandana,31.72,102,3235.44,25,Brand809,https://www.amazon.com/dp/B012733134,pet-bandana
Personalized Custom Pet Bandana,29.15,61,1778.15,13,Brand751,https://www.amazon.com/dp/B076093084,pet-bandana
Custom fabric bandana - Housewarming Gift,17.76,131,2326.56,15,Brand301,https://www.amazon.com/dp/B098988822,pet-bandana
Personalized Custom Pet Bandana,24.07,407,9796.49,39,Brand774,https://www.amazon.com/dp/B021532412,pet-bandana
Custom fabric bandana,32.88,15,493.2,1,Brand201,https://www.amazon.com/dp/B034912591,pet-bandana
Custom Pet Bandana,26.3,609,16016.7,44,Brand645,https://www.amazon.com/dp/B069437985,pet-bandana
Personalized fabric bandana gift,28.49,111,3162.39,19,Brand422,https://www.amazon.com/dp/B021798660,pet-bandana
Custom fabric bandana,26.21,32,838.72,5,Brand412,https://www.amazon.com/dp/B010603325,pet-bandana
Fabric Bandana - Graduation Gift,41.98,60,2518.8,3,Brand743,https://www.amazon.com/dp/B011360773,pet-bandana
Custom Pet Bandana - Mother's Day Gift,33.22,130,4318.6,16,Brand226,https://www.amazon.com/dp/B098267331,pet-bandana
Fabric Bandana - Housewarming Gift,34.12,175,5971.0,21,Brand309,https://www.amazon.com/dp/B054603080,pet-bandana
Custom Pet Bandana,23.13,35,809.55,3,Brand702,https://www.amazon.com/dp/B083073292,pet-bandana
Personalized fabric bandana gift,29.86,170,5076.2,36,Brand731,https://www.amazon.com/dp/B054168703,pet-bandana
Custom Personalized Ceramic Pet Bowl,17.37,23,399.51,2,Brand272,https://www.amazon.com/dp/B038358617,pet-bowl
Personalized Ceramic Pet Bowl - Housewarming Gift,20.78,223,4633.94,12,Brand974,https://www.amazon.com/dp/B079513243,pet-bowl
Custom ceramic bowl - Valentine's Day Gift,12.23,7,85.61,0,Brand698,https://www.amazon.com/dp/B047072656,pet-bowl
Personalized Ceramic Pet Bowl,19.39,343,6650.77,35,Brand218,https://www.amazon.com/dp/B062414394,pet-bowl
Ceramic Bowl,15.67,187,2930.29,29,Brand854,https://www.amazon.com/dp/B045260800,pet-bowl
Custom Personalized Ceramic Pet Bowl,17.01,25,425.25,1,Brand799,https://www.amazon.com/dp/B076126241,pet-bowl
Custom Personalized Ceramic Pet Bowl,16.52,70,1156.4,13,Brand508,https://www.amazon.com/dp/B046686563,pet-bowl
Personalized ceramic bowl gift - Housewarming Gift,17.07,59,1007.13,8,Brand877,https://www.amazon.com/dp/B095780062,pet-bowl
Personalized Personalized Ceramic Pet Bowl,13.27,39,517.53,3,Brand600,https://www.amazon.com/dp/B084529158,pet-bowl
Custom Personalized Ceramic Pet Bowl - Valentine's Day Gift,23.19,215,4985.85,16,Brand164,https://www.amazon.com/dp/B082775756,pet-bowl
Personalized ceramic bowl gift,19.03,52,989.56,5,Brand609,https://www.amazon.com/dp/B070675959,pet-bowl
Personalized Ceramic Pet Bowl - Graduation Gift,19.54,383,7483.82,40,Brand994,https://www.amazon.com/dp/B055157184,pet-bowl
Custom Personalized Ceramic Pet Bowl,19.16,27,517.32,5,Brand145,https://www.amazon.com/dp/B029184452,pet-bowl
Personalized Ceramic Pet Bowl - Memorial Gift,15.3,52,795.6,11,Brand578,https://www.amazon.com/dp/B043759964,pet-bowl
Personalized ceramic bowl gift - Anniversary Gift,19.49,103,2007.47,7,Brand495,https://www.amazon.com/dp/B092785701,pet-bowl
Personalized Ceramic Pet Bowl - Memorial Gift,24.27,6,145.62,0,Brand362,https://www.amazon.com/dp/B056928977,pet-bowl
Ceramic Bowl,19.6,36,705.6,7,Brand873,https://www.amazon.com/dp/B079464229,pet-bowl
Personalized ceramic bowl gift - Memorial Gift,17.88,8,143.04,1,Brand552,https://www.amazon.com/dp/B051287418,pet-bowl
Ceramic Bowl,14.93,230,3433.9,47,Brand894,https://www.amazon.com/dp/B035485348,pet-bowl
Ceramic Bowl - Housewarming Gift,18.8,152,2857.6,31,Brand708,https://www.amazon.com/dp/B041303442,pet-bowl
Ceramic Bowl,19.47,13,253.11,3,Brand342,https://www.amazon.com/dp/B080333189,pet-bowl
Personalized Personalized Ceramic Pet Bowl,19.29,81,1562.49,19,Brand285,https://www.amazon.com/dp/B024753519,pet-bowl
Personalized ceramic bowl gift - Valentine's Day Gift,15.25,116,1769.0,21,Brand166,https://www.amazon.com/dp/B027053509,pet-bowl
Fabric T-Shirt,28.72,274,7869.28,59,Brand288,https://www.amazon.com/dp/B041372908,tshirt
Custom Printed T-Shirt - Graduation Gift,30.28,526,15927.28,114,Brand336,https://www.amazon.com/dp/B085628221,tshirt
Custom fabric t-shirt,30.82,1893,58342.26,422,Brand484,https://www.amazon.com/dp/B085265425,tshirt
Fabric T-Shirt,31.36,175,5488.0,17,Brand146,https://www.amazon.com/dp/B015257621,tshirt
Custom fabric t-shirt,32.83,368,12081.44,81,Brand973,https://www.amazon.com/dp/B042361781,tshirt
Custom Printed T-Shirt - Mother's Day Gift,28.39,941,26714.99,167,Brand985,https://www.amazon.com/dp/B098880044,tshirt
Personalized fabric t-shirt gift,19.86,242,4806.12,36,Brand904,https://www.amazon.com/dp/B036424696,tshirt
Fabric T-Shirt,34.3,533,18281.9,116,Brand198,https://www.amazon.com/dp/B053334072,tshirt
Personalized Custom Printed T-Shirt,31.07,199,6182.93,20,Brand860,https://www.amazon.com/dp/B071741529,tshirt
Personalized Custom Printed T-Shirt,35.43,1456,51586.08,115,Brand833,https://www.amazon.com/dp/B077964253,tshirt
Custom Custom Printed T-Shirt,32.41,999,32377.59,148,Brand300,https://www.amazon.com/dp/B041492836,tshirt
Personalized fabric t-shirt gift,26.64,701,18674.64,125,Brand627,https://www.amazon.com/dp/B060688185,tshirt
Custom Printed T-Shirt,35.22,430,15144.6,102,Brand942,https://www.amazon.com/dp/B029188235,tshirt
Custom Custom Printed T-Shirt - Valentine's Day Gift,38.51,62,2387.62,12,Brand646,https://www.amazon.com/dp/B023097788,tshirt
Fabric T-Shirt - Father's Day Gift,25.87,287,7424.69,14,Brand665,https://www.amazon.com/dp/B039013198,tshirt
Custom fabric t-shirt - Birthday Gift,21.65,391,8465.15,96,Brand962,https://www.amazon.com/dp/B040801529,tshirt
Custom Custom Printed T-Shirt,30.1,202,6080.2,38,Brand731,https://www.amazon.com/dp/B098060467,tshirt
Personalized Custom Printed T-Shirt - Wedding Gift,34.48,659,22722.32,112,Brand347,https://www.amazon.com/dp/B037484114,tshirt
Custom Custom Printed T-Shirt - Birthday Gift,23.66,48,1135.68,3,Brand995,https://www.amazon.com/dp/B074335370,tshirt
Custom Printed T-Shirt,22.58,410,9257.8,23,Brand786,https://www.amazon.com/dp/B068657775,tshirt
Custom fabric t-shirt - Valentine's Day Gift,39.35,2040,80274.0,444,Brand466,https://www.amazon.com/dp/B014883032,tshirt
Custom fabric t-shirt,18.41,1140,20987.4,61,Brand183,https://www.amazon.com/dp/B057680474,tshirt
Personalized fabric t-shirt gift - Memorial Gift,29.08,200,5816.0,32,Brand691,https://www.amazon.com/dp/B045145247,tshirt
Fabric T-Shirt - Father's Day Gift,27.92,175,4886.0,41,Brand604,https://www.amazon.com/dp/B030472841,tshirt
Fabric T-Shirt,31.09,495,15389.55,34,Brand560,https://www.amazon.com/dp/B059342612,tshirt
Personalized fabric t-shirt gift,26.84,754,20237.36,42,Brand503,https://www.amazon.com/dp/B014249407,tshirt
Fabric T-Shirt,32.96,192,6328.32,9,Brand168,https://www.amazon.com/dp/B083239843,tshirt
Custom Printed T-Shirt - Father's Day Gift,26.05,250,6512.5,35,Brand586,https://www.amazon.com/dp/B096097011,tshirt
Custom fabric t-shirt - Christmas Gift,26.15,2289,59857.35,332,Brand313,https://www.amazon.com/dp/B084623135,tshirt
Personalized Custom Printed T-Shirt - Father's Day Gift,18.28,3250,59410.0,192,Brand133,https://www.amazon.com/dp/B056413873,tshirt
Custom Printed T-Shirt - Memorial Gift,29.7,271,8048.7,61,Brand336,https://www.amazon.com/dp/B055273658,tshirt
Custom fabric t-shirt,26.2,725,18995.0,178,Brand769,https://www.amazon.com/dp/B038052679,tshirt
Custom Printed T-Shirt - Father's Day Gift,34.28,365,12512.2,24,Brand676,https://www.amazon.com/dp/B083896443,tshirt
Custom Printed T-Shirt,32.82,629,20643.78,95,Brand803,https://www.amazon.com/dp/B089023079,tshirt
Custom Printed T-Shirt,24.28,121,2937.88,16,Brand531,https://www.amazon.com/dp/B017584720,tshirt
Custom Custom Printed T-Shirt,31.18,329,10258.22,16,Brand290,https://www.amazon.com/dp/B029504074,tshirt
Custom Printed T-Shirt,24.69,505,12468.45,66,Brand995,https://www.amazon.com/dp/B032623638,tshirt
Custom fabric t-shirt - Anniversary Gift,21.82,251,5476.82,49,Brand813,https://www.amazon.com/dp/B044717806,tshirt
Fabric T-Shirt,21.3,232,4941.6,41,Brand355,https://www.amazon.com/dp/B049141028,tshirt
Custom Custom Printed T-Shirt - Memorial Gift,33.54,761,25523.94,72,Brand693,https://www.amazon.com/dp/B013390443,tshirt
Personalized fabric t-shirt gift - Memorial Gift,28.06,53,1487.18,5,Brand708,https://www.amazon.com/dp/B013785615,tshirt
Custom fabric t-shirt,34.58,945,32678.1,162,Brand803,https://www.amazon.com/dp/B079550150,tshirt
Personalized Custom Printed T-Shirt - Valentine's Day Gift,29.88,972,29043.36,219,Brand878,https://www.amazon.com/dp/B084546066,tshirt
Fabric T-Shirt,28.26,163,4606.38,30,Brand507,https://www.amazon.com/dp/B049216667,tshirt
Custom fabric t-shirt - Anniversary Gift,29.96,468,14021.28,96,Brand638,https://www.amazon.com/dp/B013347976,tshirt
Personalized fabric t-shirt gift - Housewarming Gift,28.28,97,2743.16,22,Brand763,https://www.amazon.com/dp/B069386103,tshirt
Custom fabric t-shirt - Anniversary Gift,30.43,594,18075.42,45,Brand466,https://www.amazon.com/dp/B051742858,tshirt
Personalized Custom Printed T-Shirt - Anniversary Gift,30.15,132,3979.8,8,Brand171,https://www.amazon.com/dp/B037793244,tshirt
Custom Custom Printed T-Shirt,27.33,913,24952.29,144,Brand245,https://www.amazon.com/dp/B059052003,tshirt
Personalized Custom Printed T-Shirt,28.89,802,23169.78,178,Brand863,https://www.amazon.com/dp/B067404925,tshirt
Custom fabric t-shirt - Christmas Gift,29.09,387,11257.83,71,Brand491,https://www.amazon.com/dp/B013572666,tshirt
Custom Custom Printed T-Shirt - Memorial Gift,21.3,181,3855.3,38,Brand402,https://www.amazon.com/dp/B083330630,tshirt
Personalized fabric t-shirt gift,27.28,1546,42174.88,324,Brand773,https://www.amazon.com/dp/B067008873,tshirt
Fabric T-Shirt,26.73,2842,75966.66,478,Brand442,https://www.amazon.com/dp/B033982994,tshirt
Custom Printed T-Shirt,27.2,453,12321.6,78,Brand244,https://www.amazon.com/dp/B029695194,tshirt
Custom Custom Printed T-Shirt - Father's Day Gift,25.04,284,7111.36,44,Brand540,https://www.amazon.com/dp/B021772770,tshirt
Custom Custom Printed T-Shirt - Birthday Gift,33.25,342,11371.5,84,Brand201,https://www.amazon.com/dp/B083029473,tshirt
Custom Custom Printed T-Shirt,25.97,143,3713.71,32,Brand148,https://www.amazon.com/dp/B048085307,tshirt
Custom Custom Printed T-Shirt,32.51,126,4096.26,8,Brand847,https://www.amazon.com/dp/B083381615,tshirt
Custom Printed T-Shirt - Anniversary Gift,18.58,1703,31641.74,167,Brand549,https://www.amazon.com/dp/B096993205,tshirt
Custom Printed T-Shirt - Graduation Gift,30.31,296,8971.76,40,Brand476,https://www.amazon.com/dp/B016727569,tshirt
Fabric T-Shirt,28.76,1496,43024.96,148,Brand306,https://www.amazon.com/dp/B082005481,tshirt
Custom Custom Printed T-Shirt,21.46,130,2789.8,28,Brand621,https://www.amazon.com/dp/B038616920,tshirt
Custom fabric t-shirt,28.15,191,5376.65,44,Brand882,https://www.amazon.com/dp/B081926215,tshirt
Custom Custom Printed T-Shirt,30.24,502,15180.48,121,Brand696,https://www.amazon.com/dp/B054699393,tshirt
Personalized Custom Printed T-Shirt,29.06,831,24148.86,193,Brand153,https://www.amazon.com/dp/B020577397,tshirt
Custom Printed T-Shirt,22.74,3111,70744.14,482,Brand847,https://www.amazon.com/dp/B071244387,tshirt
Personalized Custom Printed T-Shirt - Graduation Gift,22.91,469,10744.79,55,Brand951,https://www.amazon.com/dp/B047798934,tshirt
Custom Custom Printed T-Shirt - Housewarming Gift,29.44,357,10510.08,28,Brand708,https://www.amazon.com/dp/B098081135,tshirt
Custom fabric t-shirt - Anniversary Gift,29.83,663,19777.29,97,Brand829,https://www.amazon.com/dp/B082414192,tshirt
Custom Custom Printed T-Shirt - Memorial Gift,19.11,65,1242.15,12,Brand485,https://www.amazon.com/dp/B033949433,tshirt
Custom Custom Printed T-Shirt,33.0,1626,53658.0,359,Brand828,https://www.amazon.com/dp/B041371500,tshirt
Custom fabric t-shirt - Mother's Day Gift,27.18,157,4267.26,30,Brand148,https://www.amazon.com/dp/B028139041,tshirt
Custom fabric t-shirt,28.77,561,16139.97,94,Brand587,https://www.amazon.com/dp/B056340275,tshirt
Custom fabric t-shirt - Birthday Gift,26.83,1674,44913.42,277,Brand624,https://www.amazon.com/dp/B025233137,tshirt
Personalized Custom Printed T-Shirt - Father's Day Gift,28.52,305,8698.6,64,Brand581,https://www.amazon.com/dp/B012815780,tshirt
Personalized Custom Printed T-Shirt,21.65,320,6928.0,22,Brand151,https://www.amazon.com/dp/B037391996,tshirt
Fabric T-Shirt,25.25,479,12094.75,106,Brand798,https://www.amazon.com/dp/B098726947,tshirt
Personalized fabric t-shirt gift,25.7,905,23258.5,65,Brand788,https://www.amazon.com/dp/B028001592,tshirt
Custom fabric t-shirt,27.7,545,15096.5,50,Brand390,https://www.amazon.com/dp/B046465790,tshirt
Personalized fabric t-shirt gift - Mother's Day Gift,21.51,247,5312.97,19,Brand240,https://www.amazon.com/dp/B031699111,tshirt
Personalized fabric t-shirt gift - Wedding Gift,39.19,263,10306.97,28,Brand579,https://www.amazon.com/dp/B035861037,tshirt
Personalized fabric t-shirt gift,33.57,1238,41559.66,202,Brand598,https://www.amazon.com/dp/B028661807,tshirt
Custom Custom Printed T-Shirt - Memorial Gift,33.85,1090,36896.5,69,Brand984,https://www.amazon.com/dp/B073132676,tshirt
Fabric T-Shirt,37.47,272,10191.84,23,Brand908,https://www.amazon.com/dp/B023703026,tshirt
Custom Custom Printed T-Shirt - Housewarming Gift,35.73,651,23260.23,68,Brand661,https://www.amazon.com/dp/B089435779,tshirt
Personalized Custom Printed T-Shirt - Anniversary Gift,29.46,979,28841.34,189,Brand687,https://www.amazon.com/dp/B083976050,tshirt
Personalized Custom Printed T-Shirt - Mother's Day Gift,21.99,315,6926.85,74,Brand360,https://www.amazon.com/dp/B039799484,tshirt
Custom Custom Printed T-Shirt,32.94,3737,123096.78,310,Brand802,https://www.amazon.com/dp/B045696568,tshirt
Custom fabric t-shirt,34.63,1486,51460.18,184,Brand804,https://www.amazon.com/dp/B072128350,tshirt
Personalized Custom Printed T-Shirt - Father's Day Gift,25.32,8,202.56,1,Brand633,https://www.amazon.com/dp/B038297749,tshirt
Personalized Custom Printed T-Shirt - Anniversary Gift,26.55,499,13248.45,82,Brand279,https://www.amazon.com/dp/B091766546,tshirt
Custom Printed T-Shirt,27.78,115,3194.7,13,Brand555,https://www.amazon.com/dp/B043394431,tshirt
Custom Printed T-Shirt - Memorial Gift,30.67,2601,79772.67,238,Brand897,https://www.amazon.com/dp/B066517944,tshirt
Personalized Custom Printed T-Shirt,23.21,238,5523.98,13,Brand303,https://www.amazon.com/dp/B021548256,tshirt
Personalized fabric t-shirt gift,21.53,187,4026.11,15,Brand380,https://www.amazon.com/dp/B072202811,tshirt
Fabric T-Shirt,30.09,913,27472.17,75,Brand921,https://www.amazon.com/dp/B089783717,tshirt
Custom Custom Printed T-Shirt - Birthday Gift,35.53,193,6857.29,27,Brand802,https://www.amazon.com/dp/B048150169,tshirt
Personalized fabric t-shirt gift - Mother's Day Gift,26.23,303,7947.69,57,Brand382,https://www.amazon.com/dp/B055219175,tshirt
Custom Custom Printed T-Shirt - Memorial Gift,29.32,126,3694.32,8,Brand657,https://www.amazon.com/dp/B066183907,tshirt
Personalized fabric t-shirt gift,34.12,377,12863.24,48,Brand273,https://www.amazon.com/dp/B019403379,tshirt
Fabric T-Shirt,22.27,699,15566.73,151,Brand241,https://www.amazon.com/dp/B041882898,tshirt
Custom Custom Printed T-Shirt,36.26,1343,48697.18,136,Brand106,https://www.amazon.com/dp/B068648720,tshirt
Custom fabric t-shirt,31.08,2274,70675.92,321,Brand771,https://www.amazon.com/dp/B082227349,tshirt
Custom Custom Printed T-Shirt - Wedding Gift,39.67,51,2023.17,9,Brand417,https://www.amazon.com/dp/B038659550,tshirt
Personalized fabric t-shirt gift,23.4,1474,34491.6,166,Brand121,https://www.amazon.com/dp/B052339635,tshirt
Personalized fabric t-shirt gift,28.08,161,4520.88,38,Brand910,https://www.amazon.com/dp/B040587316,tshirt
Personalized Custom Printed T-Shirt - Father's Day Gift,38.92,200,7784.0,18,Brand596,https://www.amazon.com/dp/B030542096,tshirt
Custom Printed T-Shirt,31.9,1062,33877.8,213,Brand672,https://www.amazon.com/dp/B012855391,tshirt
Personalized fabric t-shirt gift - Memorial Gift,25.53,456,11641.68,81,Brand345,https://www.amazon.com/dp/B020887237,tshirt
Personalized Custom Printed T-Shirt,30.23,647,19558.81,105,Brand328,https://www.amazon.com/dp/B085424343,tshirt
Fabric T-Shirt,27.28,554,15113.12,68,Brand758,https://www.amazon.com/dp/B039573478,tshirt
Custom Custom Printed T-Shirt - Memorial Gift,33.43,178,5950.54,27,Brand344,https://www.amazon.com/dp/B066526390,tshirt
Personalized Custom Hoodie,27.51,57,1568.07,11,Brand881,https://www.amazon.com/dp/B023168914,hoodie
Personalized Custom Hoodie - Housewarming Gift,27.14,166,4505.24,28,Brand203,https://www.amazon.com/dp/B030378885,hoodie
Personalized Custom Hoodie,39.53,297,11740.41,66,Brand139,https://www.amazon.com/dp/B057338459,hoodie
Custom fabric hoodie - Housewarming Gift,28.49,54,1538.46,10,Brand746,https://www.amazon.com/dp/B014775079,hoodie
Custom Hoodie,25.43,167,4246.81,24,Brand280,https://www.amazon.com/dp/B070183142,hoodie
Personalized fabric hoodie gift - Father's Day Gift,37.13,74,2747.62,14,Brand251,https://www.amazon.com/dp/B052017021,hoodie
Custom Custom Hoodie - Wedding Gift,22.85,30,685.5,3,Brand938,https://www.amazon.com/dp/B038457669,hoodie
Personalized fabric hoodie gift,30.89,740,22858.6,151,Brand180,https://www.amazon.com/dp/B016877027,hoodie
Fabric Hoodie,28.91,18,520.38,1,Brand402,https://www.amazon.com/dp/B039162487,hoodie
Custom fabric hoodie - Father's Day Gift,25.23,50,1261.5,10,Brand393,https://www.amazon.com/dp/B011638742,hoodie
Custom Hoodie,31.62,33,1043.46,5,Brand713,https://www.amazon.com/dp/B040065896,hoodie
Personalized fabric hoodie gift,32.35,127,4108.45,27,Brand849,https://www.amazon.com/dp/B036630657,hoodie
Fabric Hoodie - Anniversary Gift,28.65,188,5386.2,20,Brand172,https://www.amazon.com/dp/B089221654,hoodie
Personalized fabric hoodie gift,25.8,106,2734.8,20,Brand686,https://www.amazon.com/dp/B054874735,hoodie
Personalized fabric hoodie gift,30.85,133,4103.05,13,Brand958,https://www.amazon.com/dp/B068657364,hoodie
Personalized fabric hoodie gift - Housewarming Gift,18.96,65,1232.4,8,Brand129,https://www.amazon.com/dp/B057603243,hoodie
Personalized fabric hoodie gift - Valentine's Day Gift,27.57,579,15963.03,47,Brand899,https://www.amazon.com/dp/B087251349,hoodie
Personalized Canvas Tote Bag,26.3,182,4786.6,17,Brand315,https://www.amazon.com/dp/B041785289,tote-bag
Custom Canvas Tote Bag - Christmas Gift,38.57,474,18282.18,32,Brand899,https://www.amazon.com/dp/B032533168,tote-bag
Personalized Canvas Tote Bag,32.72,354,11582.88,54,Brand113,https://www.amazon.com/dp/B028517975,tote-bag
Personalized canvas bag gift - Christmas Gift,34.34,1564,53707.76,119,Brand812,https://www.amazon.com/dp/B036121545,tote-bag
Canvas Bag - Mother's Day Gift,30.61,761,23294.21,145,Brand353,https://www.amazon.com/dp/B098728993,tote-bag
Custom Canvas Tote Bag,30.32,2304,69857.28,342,Brand972,https://www.amazon.com/dp/B090956329,tote-bag
Custom Canvas Tote Bag,21.1,357,7532.7,33,Brand456,https://www.amazon.com/dp/B081996062,tote-bag
Canvas Tote Bag,30.54,838,25592.52,158,Brand814,https://www.amazon.com/dp/B010310880,tote-bag
Custom canvas bag,33.43,287,9594.41,39,Brand795,https://www.amazon.com/dp/B083615569,tote-bag
Custom canvas bag,34.57,111,3837.27,10,Brand341,https://www.amazon.com/dp/B017904715,tote-bag
Custom canvas bag - Memorial Gift,34.02,471,16023.42,99,Brand885,https://www.amazon.com/dp/B076564793,tote-bag
Custom canvas bag - Memorial Gift,29.62,1336,39572.32,278,Brand716,https://www.amazon.com/dp/B054062992,tote-bag
Personalized canvas bag gift,31.14,86,2678.04,10,Brand311,https://www.amazon.com/dp/B070336574,tote-bag
Canvas Tote Bag,36.06,357,12873.42,72,Brand858,https://www.amazon.com/dp/B064169064,tote-bag
Custom canvas bag,36.86,1675,61740.5,341,Brand749,https://www.amazon.com/dp/B020242461,tote-bag
Custom canvas bag,28.38,585,16602.3,80,Brand114,https://www.amazon.com/dp/B072429530,tote-bag
Canvas Tote Bag,32.01,51,1632.51,10,Brand344,https://www.amazon.com/dp/B051362483,tote-bag
Canvas Bag - Birthday Gift,28.67,1747,50086.49,104,Brand364,https://www.amazon.com/dp/B087306555,tote-bag
Personalized canvas bag gift,40.58,465,18869.7,71,Brand723,https://www.amazon.com/dp/B079298414,tote-bag
Canvas Tote Bag - Christmas Gift,21.88,469,10261.72,60,Brand271,https://www.amazon.com/dp/B097776181,tote-bag
Custom canvas bag - Memorial Gift,31.74,787,24979.38,136,Brand855,https://www.amazon.com/dp/B014711830,tote-bag
Personalized Canvas Tote Bag - Anniversary Gift,25.74,197,5070.78,29,Brand930,https://www.amazon.com/dp/B043794379,tote-bag
Canvas Bag - Mother's Day Gift,40.5,605,24502.5,83,Brand515,https://www.amazon.com/dp/B083851360,tote-bag
Personalized Canvas Tote Bag,25.63,246,6304.98,58,Brand103,https://www.amazon.com/dp/B071547742,tote-bag
Custom canvas bag - Anniversary Gift,33.37,221,7374.77,26,Brand573,https://www.amazon.com/dp/B027795134,tote-bag
Custom Canvas Tote Bag - Mother's Day Gift,29.94,332,9940.08,42,Brand546,https://www.amazon.com/dp/B069700084,tote-bag
Personalized Canvas Tote Bag - Mother's Day Gift,30.48,240,7315.2,49,Brand928,https://www.amazon.com/dp/B032421432,tote-bag
Canvas Bag - Wedding Gift,27.4,470,12878.0,42,Brand664,https://www.amazon.com/dp/B070782672,tote-bag
Personalized canvas bag gift,30.37,62,1882.94,4,Brand796,https://www.amazon.com/dp/B049061711,tote-bag
Personalized canvas bag gift,35.99,1663,59851.37,231,Brand878,https://www.amazon.com/dp/B059653331,tote-bag
Canvas Tote Bag,31.72,1138,36097.36,88,Brand805,https://www.amazon.com/dp/B093598762,tote-bag
Personalized Canvas Tote Bag - Anniversary Gift,25.17,2781,69997.77,249,Brand475,https://www.amazon.com/dp/B080978759,tote-bag
Canvas Bag,33.67,349,11750.83,55,Brand969,https://www.amazon.com/dp/B031037895,tote-bag
Canvas Bag - Wedding Gift,25.97,530,13764.1,116,Brand115,https://www.amazon.com/dp/B046259062,tote-bag
Personalized Canvas Tote Bag,23.72,471,11172.12,95,Brand502,https://www.amazon.com/dp/B024786113,tote-bag
Personalized Canvas Tote Bag - Valentine's Day Gift,25.92,779,20191.68,144,Brand242,https://www.amazon.com/dp/B070404443,tote-bag
Canvas Bag,35.83,482,17270.06,56,Brand401,https://www.amazon.com/dp/B056808884,tote-bag
Personalized canvas bag gift,25.83,772,19940.76,105,Brand822,https://www.amazon.com/dp/B074880534,tote-bag
Canvas Tote Bag,33.75,286,9652.5,36,Brand827,https://www.amazon.com/dp/B062969702,tote-bag
Custom Canvas Tote Bag - Wedding Gift,34.36,353,12129.08,37,Brand639,https://www.amazon.com/dp/B037155802,tote-bag
Custom canvas bag - Wedding Gift,38.44,1605,61696.2,297,Brand865,https://www.amazon.com/dp/B048131282,tote-bag
Canvas Bag - Anniversary Gift,31.38,621,19486.98,88,Brand608,https://www.amazon.com/dp/B094421223,tote-bag
Personalized Canvas Tote Bag,34.67,1556,53946.52,284,Brand240,https://www.amazon.com/dp/B049857828,tote-bag
Canvas Tote Bag,35.71,434,15498.14,100,Brand468,https://www.amazon.com/dp/B038397550,tote-bag
Canvas Tote Bag - Wedding Gift,41.25,462,19057.5,108,Brand555,https://www.amazon.com/dp/B060585725,tote-bag
Personalized canvas bag gift - Father's Day Gift,42.67,584,24919.28,142,Brand309,https://www.amazon.com/dp/B017127803,tote-bag
Custom Canvas Tote Bag,33.33,144,4799.52,20,Brand449,https://www.amazon.com/dp/B071895259,tote-bag
Personalized Canvas Tote Bag - Wedding Gift,34.37,1460,50180.2,217,Brand443,https://www.amazon.com/dp/B093445710,tote-bag
Personalized canvas bag gift,26.44,2372,62715.68,234,Brand178,https://www.amazon.com/dp/B077606212,tote-bag
Personalized canvas bag gift,32.18,1054,33917.72,256,Brand198,https://www.amazon.com/dp/B097520778,tote-bag
Canvas Bag - Mother's Day Gift,29.49,423,12474.27,65,Brand100,https://www.amazon.com/dp/B095569387,tote-bag
Custom Canvas Tote Bag,33.09,581,19225.29,88,Brand445,https://www.amazon.com/dp/B050199977,tote-bag
Custom canvas bag - Birthday Gift,26.55,1349,35815.95,251,Brand805,https://www.amazon.com/dp/B039309228,tote-bag
Personalized canvas bag gift - Anniversary Gift,34.91,276,9635.16,62,Brand710,https://www.amazon.com/dp/B057552664,tote-bag
Custom canvas bag,36.24,290,10509.6,43,Brand470,https://www.amazon.com/dp/B047975497,tote-bag
Custom Canvas Tote Bag,28.56,1051,30016.56,148,Brand109,https://www.amazon.com/dp/B070141612,tote-bag
Personalized canvas bag gift - Father's Day Gift,30.31,506,15336.86,76,Brand972,https://www.amazon.com/dp/B043584050,tote-bag
Canvas Tote Bag,28.07,645,18105.15,56,Brand709,https://www.amazon.com/dp/B087268650,tote-bag
Canvas Tote Bag,29.12,303,8823.36,53,Brand429,https://www.amazon.com/dp/B043333708,tote-bag
Canvas Bag,32.88,195,6411.6,44,Brand442,https://www.amazon.com/dp/B098301714,tote-bag
Canvas Tote Bag - Graduation Gift,37.27,392,14609.84,77,Brand314,https://www.amazon.com/dp/B014658988,tote-bag
Personalized Canvas Tote Bag - Christmas Gift,38.84,883,34295.72,206,Brand303,https://www.amazon.com/dp/B043076051,tote-bag
Personalized Canvas Tote Bag - Anniversary Gift,29.55,421,12440.55,61,Brand937,https://www.amazon.com/dp/B031887151,tote-bag
Personalized canvas bag gift,32.96,340,11206.4,79,Brand276,https://www.amazon.com/dp/B056545645,tote-bag
Personalized Canvas Tote Bag - Mother's Day Gift,40.47,1047,42372.09,117,Brand269,https://www.amazon.com/dp/B069969692,tote-bag
Canvas Tote Bag,19.52,1404,27406.08,226,Brand504,https://www.amazon.com/dp/B016495893,tote-bag
Canvas Tote Bag - Housewarming Gift,23.86,711,16964.46,42,Brand126,https://www.amazon.com/dp/B089045029,tote-bag
Custom Canvas Tote Bag,35.02,740,25914.8,59,Brand150,https://www.amazon.com/dp/B010594220,tote-bag
Custom Canvas Tote Bag - Birthday Gift,27.32,473,12922.36,88,Brand113,https://www.amazon.com/dp/B070595236,tote-bag
Custom canvas bag,28.62,350,10017.0,56,Brand710,https://www.amazon.com/dp/B062076481,tote-bag
Custom Canvas Tote Bag - Mother's Day Gift,25.86,120,3103.2,15,Brand495,https://www.amazon.com/dp/B096324917,tote-bag
Canvas Tote Bag,27.31,518,14146.58,123,Brand277,https://www.amazon.com/dp/B095442628,tote-bag
Canvas Bag - Housewarming Gift,27.61,238,6571.18,46,Brand550,https://www.amazon.com/dp/B067133110,tote-bag
Custom canvas bag,27.82,1170,32549.4,270,Brand709,https://www.amazon.com/dp/B059903423,tote-bag
Custom canvas bag - Father's Day Gift,30.21,98,2960.58,24,Brand831,https://www.amazon.com/dp/B049107154,tote-bag
Custom Canvas Tote Bag - Valentine's Day Gift,23.89,1543,36862.27,101,Brand954,https://www.amazon.com/dp/B073844549,tote-bag
Canvas Bag - Graduation Gift,25.56,273,6977.88,45,Brand158,https://www.amazon.com/dp/B057592950,tote-bag
Canvas Tote Bag,37.3,530,19769.0,62,Brand344,https://www.amazon.com/dp/B037985953,tote-bag
Custom Canvas Tote Bag - Mother's Day Gift,30.95,87,2692.65,8,Brand880,https://www.amazon.com/dp/B024833590,tote-bag
Custom Canvas Tote Bag - Housewarming Gift,38.56,234,9023.04,30,Brand660,https://www.amazon.com/dp/B036858794,tote-bag
Custom canvas bag,32.86,1050,34503.0,244,Brand443,https://www.amazon.com/dp/B038816181,tote-bag
Custom canvas bag - Housewarming Gift,37.69,266,10025.54,22,Brand914,https://www.amazon.com/dp/B088001910,tote-bag
Personalized canvas bag gift - Mother's Day Gift,30.51,654,19953.54,80,Brand807,https://www.amazon.com/dp/B055069690,tote-bag
Canvas Tote Bag,33.89,448,15182.72,27,Brand934,https://www.amazon.com/dp/B079834404,tote-bag
Custom canvas bag,38.11,257,9794.27,30,Brand722,https://www.amazon.com/dp/B052824884,tote-bag
Canvas Tote Bag,31.35,212,6646.2,11,Brand723,https://www.amazon.com/dp/B028310272,tote-bag
Custom Canvas Tote Bag,29.53,884,26104.52,146,Brand612,https://www.amazon.com/dp/B078807669,tote-bag
Canvas Bag,20.22,1149,23232.78,251,Brand802,https://www.amazon.com/dp/B089184743,tote-bag
Canvas Tote Bag,33.51,95,3183.45,11,Brand599,https://www.amazon.com/dp/B042103244,tote-bag
Personalized canvas bag gift,34.17,303,10353.51,24,Brand754,https://www.amazon.com/dp/B042065817,tote-bag
Canvas Bag,32.36,258,8348.88,35,Brand589,https://www.amazon.com/dp/B036346672,tote-bag
Canvas Tote Bag - Housewarming Gift,34.16,489,16704.24,86,Brand681,https://www.amazon.com/dp/B056539036,tote-bag
Personalized Canvas Tote Bag - Graduation Gift,30.0,862,25860.0,159,Brand187,https://www.amazon.com/dp/B038301876,tote-bag
Custom canvas bag,31.88,714,22762.32,44,Brand137,https://www.amazon.com/dp/B027052298,tote-bag
Custom canvas bag - Wedding Gift,32.51,401,13036.51,84,Brand706,https://www.amazon.com/dp/B010674446,tote-bag
Canvas Bag - Memorial Gift,37.98,461,17508.78,64,Brand182,https://www.amazon.com/dp/B075225397,tote-bag
Personalized canvas bag gift - Housewarming Gift,22.44,554,12431.76,38,Brand134,https://www.amazon.com/dp/B095107698,tote-bag
Canvas Bag - Housewarming Gift,32.37,207,6700.59,19,Brand188,https://www.amazon.com/dp/B011273566,tote-bag
Custom Custom Throw Pillow,26.32,34,894.88,7,Brand152,https://www.amazon.com/dp/B062567267,throw-pillow
Custom Custom Throw Pillow,20.55,66,1356.3,8,Brand533,https://www.amazon.com/dp/B012145915,throw-pillow
Fabric Pillow,32.36,82,2653.52,17,Brand298,https://www.amazon.com/dp/B037043185,throw-pillow
Personalized Custom Throw Pillow,14.53,35,508.55,8,Brand899,https://www.amazon.com/dp/B036432533,throw-pillow
Personalized Custom Throw Pillow,21.96,55,1207.8,5,Brand904,https://www.amazon.com/dp/B036751152,throw-pillow
Personalized fabric pillow gift - Valentine's Day Gift,24.01,107,2569.07,25,Brand376,https://www.amazon.com/dp/B045035592,throw-pillow
Custom fabric pillow - Memorial Gift,30.22,136,4109.92,31,Brand542,https://www.amazon.com/dp/B067370885,throw-pillow
Personalized Custom Throw Pillow - Valentine's Day Gift,34.03,6,204.18,0,Brand801,https://www.amazon.com/dp/B092852158,throw-pillow
Custom Throw Pillow,24.27,4,97.08,0,Brand800,https://www.amazon.com/dp/B098198910,throw-pillow
Personalized wood plaque gift - Father's Day Gift,21.62,44,951.28,4,Brand882,https://www.amazon.com/dp/B068745311,wood-plaque
Personalized Engraved Wood Plaque,24.75,29,717.75,2,Brand682,https://www.amazon.com/dp/B019613294,wood-plaque
Engraved Wood Plaque - Father's Day Gift,21.97,14,307.58,3,Brand527,https://www.amazon.com/dp/B097473711,wood-plaque
Custom wood plaque - Father's Day Gift,27.32,81,2212.92,15,Brand957,https://www.amazon.com/dp/B062199891,wood-plaque
Engraved Wood Plaque,26.71,87,2323.77,21,Brand200,https://www.amazon.com/dp/B066646158,wood-plaque
Engraved Wood Plaque - Anniversary Gift,26.85,15,402.75,2,Brand313,https://www.amazon.com/dp/B097922715,wood-plaque
Custom Engraved Wood Plaque,24.83,51,1266.33,12,Brand319,https://www.amazon.com/dp/B079736203,wood-plaque
Personalized Engraved Wood Plaque - Memorial Gift,28.31,401,11352.31,90,Brand285,https://www.amazon.com/dp/B073948872,wood-plaque
Custom wood plaque - Anniversary Gift,25.21,19,478.99,2,Brand532,https://www.amazon.com/dp/B012104556,wood-plaque
Personalized Engraved Wood Plaque,27.3,274,7480.2,26,Brand491,https://www.amazon.com/dp/B028030053,wood-plaque
Wood Plaque,19.51,30,585.3,5,Brand728,https://www.amazon.com/dp/B053365501,wood-plaque
Personalized Engraved Wood Plaque,24.82,78,1935.96,17,Brand719,https://www.amazon.com/dp/B073601366,wood-plaque
Custom wood plaque - Graduation Gift,19.65,43,844.95,10,Brand100,https://www.amazon.com/dp/B013238126,wood-plaque
Personalized Engraved Wood Plaque,20.98,25,524.5,4,Brand286,https://www.amazon.com/dp/B022447719,wood-plaque
Custom wood plaque,28.99,221,6406.79,50,Brand712,https://www.amazon.com/dp/B067225975,wood-plaque
Engraved Wood Plaque - Christmas Gift,27.23,252,6861.96,27,Brand659,https://www.amazon.com/dp/B016377895,wood-plaque
Engraved Wood Plaque - Valentine's Day Gift,25.31,76,1923.56,5,Brand363,https://www.amazon.com/dp/B056884477,wood-plaque
Personalized glass plaque gift - Birthday Gift,22.54,26,586.04,4,Brand804,https://www.amazon.com/dp/B039616683,crystal-plaque
Custom glass plaque - Birthday Gift,26.59,298,7923.82,38,Brand709,https://www.amazon.com/dp/B034659005,crystal-plaque
Crystal Award Plaque,18.76,13,243.88,1,Brand467,https://www.amazon.com/dp/B090205383,crystal-plaque
Crystal Award Plaque - Birthday Gift,22.6,32,723.2,2,Brand109,https://www.amazon.com/dp/B033922097,crystal-plaque
Custom Crystal Award Plaque,25.12,49,1230.88,12,Brand275,https://www.amazon.com/dp/B063726562,crystal-plaque
Custom Crystal Award Plaque,22.73,250,5682.5,15,Brand693,https://www.amazon.com/dp/B041776224,crystal-plaque
Custom glass plaque - Birthday Gift,19.73,36,710.28,6,Brand604,https://www.amazon.com/dp/B083310474,crystal-plaque
Glass Plaque,23.19,61,1414.59,11,Brand159,https://www.amazon.com/dp/B012096744,crystal-plaque
Custom Crystal Award Plaque,23.56,96,2261.76,20,Brand635,https://www.amazon.com/dp/B073793209,crystal-plaque
Custom Acrylic Award Plaque - Father's Day Gift,22.75,168,3822.0,14,Brand489,https://www.amazon.com/dp/B047056218,acrylic-plaque
Custom Acrylic Award Plaque,20.46,145,2966.7,23,Brand385,https://www.amazon.com/dp/B056867703,acrylic-plaque
Acrylic Award Plaque - Valentine's Day Gift,21.71,164,3560.44,29,Brand377,https://www.amazon.com/dp/B052989986,acrylic-plaque
Custom acrylic plaque - Mother's Day Gift,18.0,194,3492.0,23,Brand768,https://www.amazon.com/dp/B061055691,acrylic-plaque
Acrylic Award Plaque - Father's Day Gift,20.65,45,929.25,10,Brand355,https://www.amazon.com/dp/B047131167,acrylic-plaque
Acrylic Plaque,20.1,1298,26089.8,233,Brand461,https://www.amazon.com/dp/B092850239,acrylic-plaque
Custom acrylic plaque - Memorial Gift,19.69,38,748.22,3,Brand658,https://www.amazon.com/dp/B059251442,acrylic-plaque
Personalized Acrylic Award Plaque - Graduation Gift,17.79,71,1263.09,5,Brand150,https://www.amazon.com/dp/B086473762,acrylic-plaque
Acrylic Plaque,25.33,64,1621.12,14,Brand509,https://www.amazon.com/dp/B046120765,acrylic-plaque
Personalized Acrylic Award Plaque,22.17,80,1773.6,13,Brand728,https://www.amazon.com/dp/B086540853,acrylic-plaque
Personalized acrylic plaque gift,21.35,150,3202.5,36,Brand555,https://www.amazon.com/dp/B077415833,acrylic-plaque
Acrylic Award Plaque - Wedding Gift,17.56,92,1615.52,10,Brand658,https://www.amazon.com/dp/B078338566,acrylic-plaque
Custom acrylic plaque - Christmas Gift,23.76,182,4324.32,14,Brand643,https://www.amazon.com/dp/B042955020,acrylic-plaque
Personalized acrylic plaque gift,11.01,144,1585.44,25,Brand226,https://www.amazon.com/dp/B085609903,acrylic-plaque
Custom Acrylic Award Plaque - Memorial Gift,24.37,32,779.84,2,Brand940,https://www.amazon.com/dp/B073565893,acrylic-plaque
Custom Acrylic Award Plaque,18.27,79,1443.33,5,Brand959,https://www.amazon.com/dp/B077686298,acrylic-plaque
Personalized acrylic plaque gift - Housewarming Gift,19.89,266,5290.74,35,Brand216,https://www.amazon.com/dp/B075040909,acrylic-plaque
Acrylic Plaque - Valentine's Day Gift,22.79,36,820.44,3,Brand599,https://www.amazon.com/dp/B059716500,acrylic-plaque
Custom Acrylic Award Plaque,22.72,72,1635.84,7,Brand686,https://www.amazon.com/dp/B019572073,acrylic-plaque
Acrylic Award Plaque,21.56,583,12569.48,58,Brand135,https://www.amazon.com/dp/B068040967,acrylic-plaque
Acrylic Award Plaque,16.92,353,5972.76,19,Brand173,https://www.amazon.com/dp/B022331866,acrylic-plaque
Acrylic Plaque - Memorial Gift,17.71,329,5826.59,22,Brand361,https://www.amazon.com/dp/B085384517,acrylic-plaque
Personalized Acrylic Award Plaque,20.07,124,2488.68,21,Brand888,https://www.amazon.com/dp/B069434314,acrylic-plaque
Custom acrylic plaque,17.89,444,7943.16,75,Brand803,https://www.amazon.com/dp/B089731187,acrylic-plaque
Personalized acrylic plaque gift,24.36,84,2046.24,9,Brand912,https://www.amazon.com/dp/B068444137,acrylic-plaque
Acrylic Plaque - Mother's Day Gift,21.66,64,1386.24,9,Brand954,https://www.amazon.com/dp/B023216079,acrylic-plaque
Custom acrylic plaque - Wedding Gift,20.59,352,7247.68,52,Brand397,https://www.amazon.com/dp/B018044984,acrylic-plaque
Acrylic Award Plaque - Memorial Gift,24.26,149,3614.74,12,Brand269,https://www.amazon.com/dp/B058019428,acrylic-plaque
Personalized Acrylic Award Plaque - Memorial Gift,17.97,40,718.8,8,Brand763,https://www.amazon.com/dp/B096084248,acrylic-plaque
Custom Acrylic Award Plaque,22.04,92,2027.68,17,Brand935,https://www.amazon.com/dp/B011727048,acrylic-plaque
Personalized Acrylic Car Hanging Charm,20.82,124,2581.68,9,Brand483,https://www.amazon.com/dp/B032997331,car-charm
Custom acrylic charm - Graduation Gift,22.52,340,7656.8,41,Brand398,https://www.amazon.com/dp/B031087079,car-charm
Custom acrylic charm,11.71,763,8934.73,56,Brand357,https://www.amazon.com/dp/B019842591,car-charm
Personalized Acrylic Car Hanging Charm - Graduation Gift,22.52,107,2409.64,17,Brand651,https://www.amazon.com/dp/B042286478,car-charm
Acrylic Charm,19.27,575,11080.25,60,Brand589,https://www.amazon.com/dp/B041507591,car-charm
Acrylic Charm - Valentine's Day Gift,18.08,350,6328.0,18,Brand137,https://www.amazon.com/dp/B076903940,car-charm
Custom acrylic charm,16.23,187,3035.01,46,Brand829,https://www.amazon.com/dp/B034188011,car-charm
Personalized acrylic charm gift - Memorial Gift,19.78,173,3421.94,18,Brand440,https://www.amazon.com/dp/B097878926,car-charm
Personalized acrylic charm gift - Graduation Gift,21.24,95,2017.8,14,Brand935,https://www.amazon.com/dp/B024042128,car-charm
Custom Acrylic Car Hanging Charm,22.67,111,2516.37,8,Brand332,https://www.amazon.com/dp/B076754849,car-charm
Acrylic Car Hanging Charm,20.3,165,3349.5,13,Brand772,https://www.amazon.com/dp/B013389254,car-charm
Acrylic Charm - Christmas Gift,19.45,18,350.1,1,Brand350,https://www.amazon.com/dp/B060830926,car-charm
Custom Acrylic Car Hanging Charm,19.2,1136,21811.2,56,Brand768,https://www.amazon.com/dp/B097838613,car-charm
Acrylic Car Hanging Charm - Father's Day Gift,21.95,49,1075.55,12,Brand976,https://www.amazon.com/dp/B069551253,car-charm
Personalized acrylic charm gift - Memorial Gift,24.52,80,1961.6,12,Brand887,https://www.amazon.com/dp/B017457598,car-charm
Personalized acrylic charm gift,27.71,117,3242.07,16,Brand801,https://www.amazon.com/dp/B071611725,car-charm
Personalized acrylic charm gift - Wedding Gift,19.81,255,5051.55,63,Brand667,https://www.amazon.com/dp/B033752514,car-charm
Personalized Acrylic Car Hanging Charm - Mother's Day Gift,18.4,149,2741.6,24,Brand408,https://www.amazon.com/dp/B014068574,car-charm
Acrylic Charm,21.48,51,1095.48,4,Brand172,https://www.amazon.com/dp/B010043116,car-charm
Personalized Acrylic Car Hanging Charm - Father's Day Gift,20.63,84,1732.92,10,Brand144,https://www.amazon.com/dp/B078495144,car-charm
Acrylic Charm - Graduation Gift,16.08,20,321.6,4,Brand530,https://www.amazon.com/dp/B090998467,car-charm
Personalized Acrylic Car Hanging Charm - Anniversary Gift,18.82,84,1580.88,17,Brand165,https://www.amazon.com/dp/B091931175,car-charm
Acrylic Car Hanging Charm,24.33,121,2943.93,20,Brand329,https://www.amazon.com/dp/B015043480,car-charm
Custom acrylic charm,18.45,244,4501.8,19,Brand439,https://www.amazon.com/dp/B066107252,car-charm
Acrylic Car Hanging Charm - Graduation Gift,16.12,226,3643.12,29,Brand316,https://www.amazon.com/dp/B021081990,car-charm
Acrylic Charm - Anniversary Gift,23.7,110,2607.0,22,Brand367,https://www.amazon.com/dp/B025478259,car-charm
Personalized Acrylic Car Hanging Charm - Father's Day Gift,17.28,147,2540.16,29,Brand865,https://www.amazon.com/dp/B060214671,car-charm
Acrylic Charm,15.24,130,1981.2,10,Brand219,https://www.amazon.com/dp/B053486311,car-charm
Acrylic Charm,19.7,104,2048.8,23,Brand206,https://www.amazon.com/dp/B017518512,car-charm
Acrylic Charm - Father's Day Gift,16.09,352,5663.68,52,Brand869,https://www.amazon.com/dp/B098718103,car-charm
Acrylic Car Hanging Charm - Housewarming Gift,22.72,151,3430.72,32,Brand694,https://www.amazon.com/dp/B030892807,car-charm
Personalized acrylic charm gift - Valentine's Day Gift,14.25,167,2379.75,22,Brand793,https://www.amazon.com/dp/B013129800,car-charm
Custom acrylic charm,12.6,440,5544.0,91,Brand795,https://www.amazon.com/dp/B051945534,car-charm
Acrylic Car Hanging Charm,26.28,461,12115.08,53,Brand878,https://www.amazon.com/dp/B043262132,car-charm
Personalized acrylic charm gift,19.63,28,549.64,5,Brand371,https://www.amazon.com/dp/B030014171,car-charm
Custom Acrylic Car Hanging Charm,20.55,194,3986.7,40,Brand308,https://www.amazon.com/dp/B024840663,car-charm
Acrylic Car Hanging Charm,15.63,88,1375.44,11,Brand532,https://www.amazon.com/dp/B083091009,car-charm
Acrylic Car Hanging Charm,25.63,108,2768.04,6,Brand750,https://www.amazon.com/dp/B087209593,car-charm
Acrylic Charm,19.58,41,802.78,6,Brand267,https://www.amazon.com/dp/B050862907,car-charm
Acrylic Charm,19.94,45,897.3,5,Brand635,https://www.amazon.com/dp/B063937234,car-charm
Custom acrylic charm,19.65,75,1473.75,13,Brand470,https://www.amazon.com/dp/B079661458,car-charm
Personalized acrylic charm gift - Christmas Gift,19.68,116,2282.88,9,Brand652,https://www.amazon.com/dp/B080042185,car-charm
Acrylic Car Hanging Charm,17.41,229,3986.89,43,Brand694,https://www.amazon.com/dp/B021314561,car-charm
Custom acrylic charm,23.71,167,3959.57,41,Brand222,https://www.amazon.com/dp/B056242068,car-charm
Personalized acrylic charm gift - Birthday Gift,18.34,97,1778.98,16,Brand542,https://www.amazon.com/dp/B091400931,car-charm
Personalized Acrylic Car Hanging Charm - Wedding Gift,17.98,32,575.36,3,Brand129,https://www.amazon.com/dp/B091377544,car-charm
Custom Acrylic Car Hanging Charm,18.32,319,5844.08,78,Brand809,https://www.amazon.com/dp/B051590599,car-charm
Acrylic Charm - Wedding Gift,22.55,24,541.2,5,Brand395,https://www.amazon.com/dp/B076084201,car-charm
Custom acrylic charm,18.21,308,5608.68,61,Brand786,https://www.amazon.com/dp/B040775978,car-charm
Personalized Acrylic Car Hanging Charm - Memorial Gift,19.08,106,2022.48,11,Brand983,https://www.amazon.com/dp/B079599569,car-charm
Personalized acrylic charm gift,18.49,19,351.31,3,Brand944,https://www.amazon.com/dp/B068097542,car-charm
Acrylic Charm - Father's Day Gift,19.25,419,8065.75,84,Brand498,https://www.amazon.com/dp/B034786442,car-charm
Custom Engraved Bar Necklace - Wedding Gift,27.17,333,9047.61,61,Brand646,https://www.amazon.com/dp/B077177105,bar-necklace
Personalized metal necklace gift,31.58,9,284.22,1,Brand571,https://www.amazon.com/dp/B034763262,bar-necklace
Personalized Engraved Bar Necklace - Memorial Gift,21.86,61,1333.46,14,Brand637,https://www.amazon.com/dp/B046669121,bar-necklace
Personalized metal necklace gift - Memorial Gift,30.0,84,2520.0,4,Brand989,https://www.amazon.com/dp/B049354637,bar-necklace
Personalized metal necklace gift,23.25,93,2162.25,13,Brand255,https://www.amazon.com/dp/B014453487,bar-necklace
Personalized Engraved Bar Necklace - Memorial Gift,24.97,95,2372.15,8,Brand283,https://www.amazon.com/dp/B013256507,bar-necklace
Engraved Bar Necklace - Christmas Gift,25.22,32,807.04,2,Brand514,https://www.amazon.com/dp/B078324117,bar-necklace
Engraved Bar Necklace,21.95,230,5048.5,25,Brand826,https://www.amazon.com/dp/B080659840,bar-necklace
Custom metal necklace,29.77,58,1726.66,3,Brand554,https://www.amazon.com/dp/B096707912,bar-necklace
Engraved Bar Necklace - Father's Day Gift,27.43,85,2331.55,15,Brand538,https://www.amazon.com/dp/B093901902,bar-necklace
Metal Necklace,36.41,307,11177.87,37,Brand945,https://www.amazon.com/dp/B079721194,bar-necklace
Metal Necklace,31.18,42,1309.56,3,Brand275,https://www.amazon.com/dp/B084801564,bar-necklace
Custom Engraved Bar Necklace,26.48,15,397.2,1,Brand450,https://www.amazon.com/dp/B027701381,bar-necklace
Custom metal necklace - Valentine's Day Gift,19.26,54,1040.04,3,Brand338,https://www.amazon.com/dp/B060822587,bar-necklace
Custom Engraved Bar Necklace,27.89,139,3876.71,20,Brand374,https://www.amazon.com/dp/B026095042,bar-necklace
Engraved Bar Necklace - Memorial Gift,26.33,17,447.61,3,Brand555,https://www.amazon.com/dp/B054447431,bar-necklace
Metal Necklace - Housewarming Gift,33.31,61,2031.91,12,Brand738,https://www.amazon.com/dp/B031208826,bar-necklace
Personalized Engraved Bar Necklace,26.33,88,2317.04,16,Brand484,https://www.amazon.com/dp/B031035028,bar-necklace
Personalized metal bracelet gift - Christmas Gift,25.5,174,4437.0,32,Brand598,https://www.amazon.com/dp/B052807465,bead-bracelet
Custom metal bracelet,24.68,53,1308.04,2,Brand875,https://www.amazon.com/dp/B072500467,bead-bracelet
Custom Custom Bead Bracelet - Birthday Gift,30.08,17,511.36,3,Brand851,https://www.amazon.com/dp/B088136136,bead-bracelet
Metal Bracelet,22.99,53,1218.47,9,Brand467,https://www.amazon.com/dp/B024472882,bead-bracelet
Custom metal bracelet,29.15,25,728.75,1,Brand800,https://www.amazon.com/dp/B096531853,bead-bracelet
Custom metal bracelet - Father's Day Gift,27.14,14,379.96,2,Brand474,https://www.amazon.com/dp/B080510285,bead-bracelet
Custom Custom Bead Bracelet,24.83,10,248.3,2,Brand781,https://www.amazon.com/dp/B064582984,bead-bracelet
Personalized Custom Bead Bracelet - Mother's Day Gift,30.82,313,9646.66,32,Brand108,https://www.amazon.com/dp/B033269125,bead-bracelet
Custom Bead Bracelet - Anniversary Gift,28.79,11,316.69,2,Brand538,https://www.amazon.com/dp/B048681883,bead-bracelet
Custom metal bracelet,11.77,13,153.01,2,Brand763,https://www.amazon.com/dp/B082901010,bead-bracelet
Custom Custom Bead Bracelet - Birthday Gift,25.84,34,878.56,7,Brand721,https://www.amazon.com/dp/B072383633,bead-bracelet
Personalized Engraved Wallet Insert Card,27.17,105,2852.85,18,Brand173,https://www.amazon.com/dp/B078515924,wallet-card
Personalized metal card gift,25.32,11,278.52,1,Brand744,https://www.amazon.com/dp/B092396060,wallet-card
Custom metal card - Memorial Gift,32.71,46,1504.66,8,Brand258,https://www.amazon.com/dp/B065801816,wallet-card
Personalized metal card gift - Graduation Gift,20.85,89,1855.65,7,Brand579,https://www.amazon.com/dp/B021022435,wallet-card
Custom metal card,23.16,100,2316.0,9,Brand246,https://www.amazon.com/dp/B083299562,wallet-card
Engraved Wallet Insert Card,23.14,54,1249.56,3,Brand101,https://www.amazon.com/dp/B052938540,wallet-card
Custom Engraved Wallet Insert Card - Wedding Gift,30.76,51,1568.76,12,Brand436,https://www.amazon.com/dp/B056769844,wallet-card
Personalized Engraved Wallet Insert Card - Mother's Day Gift,17.46,41,715.86,7,Brand729,https://www.amazon.com/dp/B030856177,wallet-card
Custom metal card,38.18,12,458.16,0,Brand255,https://www.amazon.com/dp/B054743197,wallet-card
Custom Engraved Wallet Insert Card - Housewarming Gift,28.26,65,1836.9,5,Brand384,https://www.amazon.com/dp/B046073845,wallet-card
Engraved Wallet Insert Card - Memorial Gift,23.58,40,943.2,8,Brand716,https://www.amazon.com/dp/B063136302,wallet-card
Personalized Engraved Wallet Insert Card - Anniversary Gift,32.41,71,2301.11,16,Brand494,https://www.amazon.com/dp/B079825418,wallet-card
Metal Card,27.23,53,1443.19,9,Brand172,https://www.amazon.com/dp/B061976740,wallet-card
Personalized Engraved Wallet Insert Card,34.65,75,2598.75,7,Brand694,https://www.amazon.com/dp/B091026714,wallet-card
Custom Engraved Wallet Insert Card - Birthday Gift,24.67,42,1036.14,5,Brand417,https://www.amazon.com/dp/B030776634,wallet-card
Personalized paper puzzle gift,13.77,10,137.7,1,Brand605,https://www.amazon.com/dp/B028673372,photo-puzzle
Paper Puzzle,22.68,50,1134.0,11,Brand427,https://www.amazon.com/dp/B069781895,photo-puzzle
Paper Puzzle,18.34,86,1577.24,12,Brand904,https://www.amazon.com/dp/B032937390,photo-puzzle
Personalized paper puzzle gift - Christmas Gift,17.92,130,2329.6,32,Brand813,https://www.amazon.com/dp/B051207407,photo-puzzle
Personalized Custom Photo Puzzle - Father's Day Gift,19.26,274,5277.24,67,Brand873,https://www.amazon.com/dp/B055388978,photo-puzzle
Custom Custom Photo Puzzle - Anniversary Gift,12.52,399,4995.48,63,Brand721,https://www.amazon.com/dp/B027417717,photo-puzzle
Custom Custom Photo Puzzle - Anniversary Gift,18.24,164,2991.36,15,Brand380,https://www.amazon.com/dp/B041219027,photo-puzzle
Personalized paper puzzle gift - Housewarming Gift,13.19,86,1134.34,10,Brand945,https://www.amazon.com/dp/B020855704,photo-puzzle
Custom Photo Puzzle - Graduation Gift,7.69,25,192.25,2,Brand308,https://www.amazon.com/dp/B075664093,photo-puzzle
Custom Custom Photo Puzzle - Wedding Gift,13.02,82,1067.64,10,Brand343,https://www.amazon.com/dp/B053023472,photo-puzzle
Paper Puzzle - Anniversary Gift,13.98,131,1831.38,12,Brand904,https://www.amazon.com/dp/B047628753,photo-puzzle
Custom Custom Photo Puzzle,18.93,990,18740.7,163,Brand406,https://www.amazon.com/dp/B024287760,photo-puzzle
Personalized paper puzzle gift - Valentine's Day Gift,19.52,99,1932.48,9,Brand459,https://www.amazon.com/dp/B020151885,photo-puzzle
Paper Puzzle,17.37,42,729.54,3,Brand728,https://www.amazon.com/dp/B011800650,photo-puzzle
Custom paper puzzle,20.81,63,1311.03,11,Brand175,https://www.amazon.com/dp/B057428048,photo-puzzle
Custom Custom Photo Puzzle - Graduation Gift,10.07,92,926.44,22,Brand177,https://www.amazon.com/dp/B055702372,photo-puzzle
Custom paper puzzle - Christmas Gift,14.27,7,99.89,0,Brand242,https://www.amazon.com/dp/B012973140,photo-puzzle
Personalized Custom Photo Puzzle - Memorial Gift,23.62,147,3472.14,11,Brand345,https://www.amazon.com/dp/B049847784,photo-puzzle
Custom Photo Puzzle - Mother's Day Gift,16.93,45,761.85,2,Brand379,https://www.amazon.com/dp/B022102912,photo-puzzle
Custom Photo Puzzle,22.36,540,12074.4,43,Brand364,https://www.amazon.com/dp/B048795660,photo-puzzle
Personalized paper puzzle gift,16.55,1367,22623.85,185,Brand663,https://www.amazon.com/dp/B062875573,photo-puzzle
Custom Custom Photo Puzzle - Wedding Gift,13.21,72,951.12,9,Brand624,https://www.amazon.com/dp/B053798723,photo-puzzle
Paper Puzzle - Christmas Gift,20.44,155,3168.2,36,Brand664,https://www.amazon.com/dp/B074486202,photo-puzzle
Paper Puzzle - Memorial Gift,15.14,75,1135.5,13,Brand284,https://www.amazon.com/dp/B091852715,photo-puzzle
Custom Photo Puzzle - Graduation Gift,16.8,114,1915.2,19,Brand128,https://www.amazon.com/dp/B093768784,photo-puzzle
Paper Puzzle,16.47,34,559.98,4,Brand845,https://www.amazon.com/dp/B069369451,photo-puzzle
Personalized Custom Mouse Pad - Housewarming Gift,33.27,112,3726.24,12,Brand348,https://www.amazon.com/dp/B026472566,mouse-pad
Custom fabric pad,28.1,192,5395.2,47,Brand805,https://www.amazon.com/dp/B095861895,mouse-pad
Personalized Custom Mouse Pad - Graduation Gift,27.93,24,670.32,4,Brand520,https://www.amazon.com/dp/B091295427,mouse-pad
Custom fabric pad,27.88,112,3122.56,6,Brand321,https://www.amazon.com/dp/B033843536,mouse-pad
Fabric Pad - Housewarming Gift,20.51,68,1394.68,15,Brand589,https://www.amazon.com/dp/B083148340,mouse-pad
Personalized fabric pad gift - Mother's Day Gift,35.84,433,15518.72,105,Brand495,https://www.amazon.com/dp/B024942535,mouse-pad
Custom Custom Mouse Pad - Memorial Gift,33.76,285,9621.6,17,Brand545,https://www.amazon.com/dp/B030720924,mouse-pad
Custom Custom Mouse Pad,27.95,284,7937.8,55,Brand932,https://www.amazon.com/dp/B094305796,mouse-pad
Custom fabric pad - Housewarming Gift,23.43,61,1429.23,15,Brand713,https://www.amazon.com/dp/B082407660,mouse-pad
Custom Custom Mouse Pad - Wedding Gift,31.98,288,9210.24,35,Brand306,https://www.amazon.com/dp/B077728826,mouse-pad
Custom fabric pad,23.49,112,2630.88,6,Brand255,https://www.amazon.com/dp/B011295881,mouse-pad
Custom fabric pad,20.84,41,854.44,3,Brand698,https://www.amazon.com/dp/B094960931,mouse-pad
Fabric Pad,34.47,45,1551.15,2,Brand837,https://www.amazon.com/dp/B041426475,mouse-pad
Custom Mouse Pad,30.07,1376,41376.32,244,Brand137,https://www.amazon.com/dp/B090417765,mouse-pad
Custom Mouse Pad,24.65,286,7049.9,29,Brand718,https://www.amazon.com/dp/B078420234,mouse-pad
Personalized fabric pad gift - Valentine's Day Gift,26.16,199,5205.84,21,Brand395,https://www.amazon.com/dp/B040750692,mouse-pad
Custom Custom Mouse Pad - Graduation Gift,29.94,139,4161.66,24,Brand540,https://www.amazon.com/dp/B032540935,mouse-pad
Custom Mouse Pad,28.39,123,3491.97,11,Brand964,https://www.amazon.com/dp/B039279564,mouse-pad
Personalized Custom Mouse Pad,36.48,146,5326.08,22,Brand601,https://www.amazon.com/dp/B044596680,mouse-pad
Custom fabric pad - Memorial Gift,25.23,116,2926.68,23,Brand321,https://www.amazon.com/dp/B050597302,mouse-pad
Custom Mouse Pad - Memorial Gift,27.42,987,27063.54,116,Brand612,https://www.amazon.com/dp/B040977372,mouse-pad
Custom fabric pad - Wedding Gift,31.32,121,3789.72,24,Brand661,https://www.amazon.com/dp/B022781506,mouse-pad
Personalized fabric pad gift - Wedding Gift,43.73,224,9795.52,50,Brand968,https://www.amazon.com/dp/B037531874,mouse-pad
Fabric Pad - Anniversary Gift,29.55,228,6737.4,37,Brand977,https://www.amazon.com/dp/B073438730,mouse-pad
Custom Custom Mouse Pad,25.68,260,6676.8,51,Brand892,https://www.amazon.com/dp/B035977647,mouse-pad
Custom Custom Mouse Pad,23.62,739,17455.18,136,Brand528,https://www.amazon.com/dp/B032270715,mouse-pad
Custom Custom Mouse Pad - Wedding Gift,36.68,51,1870.68,8,Brand610,https://www.amazon.com/dp/B075347322,mouse-pad
Custom fabric pad,24.32,941,22885.12,176,Brand363,https://www.amazon.com/dp/B073798310,mouse-pad
Personalized Custom Mouse Pad,30.97,101,3127.97,14,Brand246,https://www.amazon.com/dp/B075903235,mouse-pad
Custom fabric pad - Birthday Gift,27.39,73,1999.47,10,Brand996,https://www.amazon.com/dp/B070894437,mouse-pad
Personalized fabric pad gift,27.77,124,3443.48,12,Brand334,https://www.amazon.com/dp/B037406656,mouse-pad
Custom fabric pad,30.18,24,724.32,4,Brand475,https://www.amazon.com/dp/B056794777,mouse-pad
Custom fabric pad,30.99,223,6910.77,41,Brand195,https://www.amazon.com/dp/B064903245,mouse-pad
Custom Mouse Pad,28.8,103,2966.4,9,Brand166,https://www.amazon.com/dp/B025408632,mouse-pad
Personalized Custom Mouse Pad - Birthday Gift,41.61,93,3869.73,21,Brand994,https://www.amazon.com/dp/B076622845,mouse-pad
Custom fabric pad - Father's Day Gift,24.34,235,5719.9,57,Brand695,https://www.amazon.com/dp/B019433781,mouse-pad
Personalized fabric pad gift,21.31,61,1299.91,8,Brand591,https://www.amazon.com/dp/B019333175,mouse-pad
Custom fabric pad - Graduation Gift,26.47,304,8046.88,60,Brand856,https://www.amazon.com/dp/B042562505,mouse-pad
Custom Mouse Pad - Graduation Gift,24.58,47,1155.26,4,Brand596,https://www.amazon.com/dp/B035463974,mouse-pad
Personalized Custom Mouse Pad - Graduation Gift,21.24,137,2909.88,14,Brand217,https://www.amazon.com/dp/B067473670,mouse-pad
Wood Desk Name Plate,24.23,209,5064.07,12,Brand600,https://www.amazon.com/dp/B045337050,desk-nameplate
Personalized Wood Desk Name Plate - Birthday Gift,25.25,38,959.5,8,Brand264,https://www.amazon.com/dp/B080560496,desk-nameplate
Custom Wood Desk Name Plate - Graduation Gift,33.6,63,2116.8,4,Brand473,https://www.amazon.com/dp/B011425671,desk-nameplate
Custom Wood Desk Name Plate - Housewarming Gift,23.11,130,3004.3,13,Brand632,https://www.amazon.com/dp/B048462638,desk-nameplate
Custom Wood Desk Name Plate,24.78,44,1090.32,4,Brand704,https://www.amazon.com/dp/B045866891,desk-nameplate
Wood Plate,26.01,64,1664.64,5,Brand727,https://www.amazon.com/dp/B033477415,desk-nameplate
Wood Desk Name Plate,28.95,75,2171.25,7,Brand711,https://www.amazon.com/dp/B098268987,desk-nameplate
Custom Wood Desk Name Plate,22.95,133,3052.35,22,Brand312,https://www.amazon.com/dp/B056410635,desk-nameplate
Personalized wood plate gift - Graduation Gift,21.31,203,4325.93,29,Brand162,https://www.amazon.com/dp/B036862641,desk-nameplate
Wood Desk Name Plate,15.14,417,6313.38,67,Brand508,https://www.amazon.com/dp/B059593651,desk-nameplate
Custom wood plate,17.56,39,684.84,3,Brand582,https://www.amazon.com/dp/B090244433,desk-nameplate
Wood Desk Name Plate,23.62,21,496.02,3,Brand895,https://www.amazon.com/dp/B059509058,desk-nameplate
Custom wood plate - Birthday Gift,21.86,322,7038.92,41,Brand803,https://www.amazon.com/dp/B022007239,desk-nameplate
Wood Plate,27.37,222,6076.14,40,Brand266,https://www.amazon.com/dp/B084989538,desk-nameplate
Personalized Wood Desk Name Plate,22.44,640,14361.6,145,Brand686,https://www.amazon.com/dp/B016698097,desk-nameplate
Custom Wood Desk Name Plate - Memorial Gift,24.69,2193,54145.17,448,Brand421,https://www.amazon.com/dp/B015937049,desk-nameplate
Custom Wood Desk Name Plate,36.35,50,1817.5,4,Brand129,https://www.amazon.com/dp/B021061212,desk-nameplate
Custom Wood Desk Name Plate,18.26,206,3761.56,26,Brand466,https://www.amazon.com/dp/B022641351,desk-nameplate
Personalized Wood Desk Name Plate,31.17,268,8353.56,56,Brand217,https://www.amazon.com/dp/B069177062,desk-nameplate
Custom Wood Desk Name Plate - Father's Day Gift,27.2,200,5440.0,43,Brand391,https://www.amazon.com/dp/B046361038,desk-nameplate
Wood Desk Name Plate - Housewarming Gift,24.29,280,6801.2,63,Brand954,https://www.amazon.com/dp/B024444168,desk-nameplate
Wood Desk Name Plate - Christmas Gift,37.17,99,3679.83,9,Brand448,https://www.amazon.com/dp/B082514506,desk-nameplate
