date,entity,entity_type,value
2024-08-26,acrylic-ornament,product_type,72.9
2024-09-02,acrylic-ornament,product_type,77.9
2024-09-09,acrylic-ornament,product_type,71.5
2024-09-16,acrylic-ornament,product_type,74.1
2024-09-23,acrylic-ornament,product_type,75.2
2024-09-30,acrylic-ornament,product_type,80.2
2024-10-07,acrylic-ornament,product_type,107.0
2024-10-14,acrylic-ornament,product_type,104.4
2024-10-21,acrylic-ornament,product_type,107.2
2024-10-28,acrylic-ornament,product_type,104.0
2024-11-04,acrylic-ornament,product_type,173.4
2024-11-11,acrylic-ornament,product_type,169.7
2024-11-18,acrylic-ornament,product_type,171.0
2024-11-25,acrylic-ornament,product_type,173.4
2024-12-02,acrylic-ornament,product_type,210.9
2024-12-09,acrylic-ornament,product_type,208.8
2024-12-16,acrylic-ornament,product_type,209.0
2024-12-23,acrylic-ornament,product_type,214.3
2024-12-30,acrylic-ornament,product_type,211.3
2025-01-06,acrylic-ornament,product_type,171.2
2025-01-13,acrylic-ornament,product_type,180.1
2025-01-20,acrylic-ornament,product_type,172.1
2025-01-27,acrylic-ornament,product_type,170.4
2025-02-03,acrylic-ornament,product_type,116.4
2025-02-10,acrylic-ornament,product_type,111.7
2025-02-17,acrylic-ornament,product_type,115.6
2025-02-24,acrylic-ornament,product_type,120.2
2025-03-03,acrylic-ornament,product_type,81.1
2025-03-10,acrylic-ornament,product_type,85.4
2025-03-17,acrylic-ornament,product_type,90.3
2025-03-24,acrylic-ornament,product_type,88.2
2025-03-31,acrylic-ornament,product_type,86.0
2025-04-07,acrylic-ornament,product_type,87.6
2025-04-14,acrylic-ornament,product_type,80.4
2025-04-21,acrylic-ornament,product_type,82.2
2025-04-28,acrylic-ornament,product_type,86.3
2025-05-05,acrylic-ornament,product_type,83.8
2025-05-12,acrylic-ornament,product_type,85.2
2025-05-19,acrylic-ornament,product_type,78.8
2025-05-26,acrylic-ornament,product_type,85.5
2025-06-02,acrylic-ornament,product_type,82.6
2025-06-09,acrylic-ornament,product_type,80.2
2025-06-16,acrylic-ornament,product_type,83.4
2025-06-23,acrylic-ornament,product_type,83.6
2025-06-30,acrylic-ornament,product_type,88.9
2025-07-07,acrylic-ornament,product_type,84.8
2025-07-14,acrylic-ornament,product_type,81.6
2025-07-21,acrylic-ornament,product_type,81.2
2025-07-28,acrylic-ornament,product_type,84.4
2025-08-04,acrylic-ornament,product_type,81.6
2025-08-11,acrylic-ornament,product_type,83.8
2025-08-18,acrylic-ornament,product_type,85.5
2025-08-25,acrylic-ornament,product_type,85.3
2025-09-01,acrylic-ornament,product_type,96.0
2025-09-08,acrylic-ornament,product_type,91.9
2025-09-15,acrylic-ornament,product_type,87.0
2025-09-22,acrylic-ornament,product_type,89.7
2025-09-29,acrylic-ornament,product_type,95.1
2025-10-06,acrylic-ornament,product_type,127.3
2025-10-13,acrylic-ornament,product_type,125.8
2025-10-20,acrylic-ornament,product_type,135.8
2025-10-27,acrylic-ornament,product_type,132.9
2025-11-03,acrylic-ornament,product_type,203.1
2025-11-10,acrylic-ornament,product_type,204.7
2025-11-17,acrylic-ornament,product_type,203.9
2025-11-24,acrylic-ornament,product_type,201.6
2025-12-01,acrylic-ornament,product_type,255.1
2025-12-08,acrylic-ornament,product_type,255.4
2025-12-15,acrylic-ornament,product_type,247.7
2025-12-22,acrylic-ornament,product_type,255.2
2025-12-29,acrylic-ornament,product_type,256.4
2026-01-05,acrylic-ornament,product_type,208.6
2026-01-12,acrylic-ornament,product_type,216.5
2026-01-19,acrylic-ornament,product_type,216.9
2026-01-26,acrylic-ornament,product_type,210.5
2026-02-02,acrylic-ornament,product_type,136.0
2026-02-09,acrylic-ornament,product_type,136.1
2026-02-16,acrylic-ornament,product_type,135.7
2026-02-23,acrylic-ornament,product_type,135.2
2026-03-02,acrylic-ornament,product_type,103.9
2026-03-09,acrylic-ornament,product_type,108.6
2026-03-16,acrylic-ornament,product_type,107.7
2026-03-23,acrylic-ornament,product_type,105.7
2026-03-30,acrylic-ornament,product_type,96.5
2026-04-06,acrylic-ornament,product_type,90.7
2026-04-13,acrylic-ornament,product_type,99.8
2026-04-20,acrylic-ornament,product_type,101.8
2026-04-27,acrylic-ornament,product_type,98.9
2026-05-04,acrylic-ornament,product_type,95.7
2026-05-11,acrylic-ornament,product_type,101.0
2026-05-18,acrylic-ornament,product_type,99.5
2026-05-25,acrylic-ornament,product_type,101.0
2026-06-01,acrylic-ornament,product_type,92.3
2026-06-08,acrylic-ornament,product_type,99.2
2026-06-15,acrylic-ornament,product_type,103.8
2026-06-22,acrylic-ornament,product_type,100.4
2026-06-29,acrylic-ornament,product_type,101.9
2026-07-06,acrylic-ornament,product_type,99.5
2026-07-13,acrylic-ornament,product_type,100.0
2026-07-20,acrylic-ornament,product_type,104.2
2026-07-27,acrylic-ornament,product_type,98.3
2026-08-03,acrylic-ornament,product_type,99.2
2026-08-10,acrylic-ornament,product_type,100.4
2026-08-17,acrylic-ornament,product_type,102.2
2024-08-26,wood-ornament,product_type,34.2
2024-09-02,wood-ornament,product_type,44.2
2024-09-09,wood-ornament,product_type,41.4
2024-09-16,wood-ornament,product_type,44.3
2024-09-23,wood-ornament,product_type,35.3
2024-09-30,wood-ornament,product_type,44.1
2024-10-07,wood-ornament,product_type,60.0
2024-10-14,wood-ornament,product_type,57.1
2024-10-21,wood-ornament,product_type,55.7
2024-10-28,wood-ornament,product_type,58.0
2024-11-04,wood-ornament,product_type,89.6
2024-11-11,wood-ornament,product_type,87.1
2024-11-18,wood-ornament,product_type,87.0
2024-11-25,wood-ornament,product_type,89.9
2024-12-02,wood-ornament,product_type,105.8
2024-12-09,wood-ornament,product_type,100.8
2024-12-16,wood-ornament,product_type,106.6
2024-12-23,wood-ornament,product_type,102.1
2024-12-30,wood-ornament,product_type,102.2
2025-01-06,wood-ornament,product_type,83.6
2025-01-13,wood-ornament,product_type,85.9
2025-01-20,wood-ornament,product_type,87.9
2025-01-27,wood-ornament,product_type,82.5
2025-02-03,wood-ornament,product_type,58.0
2025-02-10,wood-ornament,product_type,53.2
2025-02-17,wood-ornament,product_type,56.7
2025-02-24,wood-ornament,product_type,52.9
2025-03-03,wood-ornament,product_type,37.1
2025-03-10,wood-ornament,product_type,44.2
2025-03-17,wood-ornament,product_type,36.5
2025-03-24,wood-ornament,product_type,36.2
2025-03-31,wood-ornament,product_type,34.2
2025-04-07,wood-ornament,product_type,38.8
2025-04-14,wood-ornament,product_type,39.4
2025-04-21,wood-ornament,product_type,35.9
2025-04-28,wood-ornament,product_type,31.7
2025-05-05,wood-ornament,product_type,34.2
2025-05-12,wood-ornament,product_type,33.2
2025-05-19,wood-ornament,product_type,30.9
2025-05-26,wood-ornament,product_type,32.4
2025-06-02,wood-ornament,product_type,35.3
2025-06-09,wood-ornament,product_type,31.8
2025-06-16,wood-ornament,product_type,34.4
2025-06-23,wood-ornament,product_type,28.0
2025-06-30,wood-ornament,product_type,38.3
2025-07-07,wood-ornament,product_type,31.9
2025-07-14,wood-ornament,product_type,35.6
2025-07-21,wood-ornament,product_type,33.4
2025-07-28,wood-ornament,product_type,34.0
2025-08-04,wood-ornament,product_type,29.5
2025-08-11,wood-ornament,product_type,30.5
2025-08-18,wood-ornament,product_type,30.5
2025-08-25,wood-ornament,product_type,32.6
2025-09-01,wood-ornament,product_type,39.0
2025-09-08,wood-ornament,product_type,36.2
2025-09-15,wood-ornament,product_type,32.0
2025-09-22,wood-ornament,product_type,34.9
2025-09-29,wood-ornament,product_type,34.2
2025-10-06,wood-ornament,product_type,45.4
2025-10-13,wood-ornament,product_type,46.2
2025-10-20,wood-ornament,product_type,48.4
2025-10-27,wood-ornament,product_type,43.7
2025-11-03,wood-ornament,product_type,70.0
2025-11-10,wood-ornament,product_type,73.7
2025-11-17,wood-ornament,product_type,71.9
2025-11-24,wood-ornament,product_type,74.0
2025-12-01,wood-ornament,product_type,89.8
2025-12-08,wood-ornament,product_type,81.0
2025-12-15,wood-ornament,product_type,85.6
2025-12-22,wood-ornament,product_type,82.9
2025-12-29,wood-ornament,product_type,80.5
2026-01-05,wood-ornament,product_type,66.1
2026-01-12,wood-ornament,product_type,67.3
2026-01-19,wood-ornament,product_type,67.0
2026-01-26,wood-ornament,product_type,65.8
2026-02-02,wood-ornament,product_type,43.3
2026-02-09,wood-ornament,product_type,50.5
2026-02-16,wood-ornament,product_type,37.8
2026-02-23,wood-ornament,product_type,46.2
2026-03-02,wood-ornament,product_type,31.5
2026-03-09,wood-ornament,product_type,30.1
2026-03-16,wood-ornament,product_type,25.2
2026-03-23,wood-ornament,product_type,33.4
2026-03-30,wood-ornament,product_type,26.6
2026-04-06,wood-ornament,product_type,31.0
2026-04-13,wood-ornament,product_type,33.6
2026-04-20,wood-ornament,product_type,24.4
2026-04-27,wood-ornament,product_type,31.7
2026-05-04,wood-ornament,product_type,27.9
2026-05-11,wood-ornament,product_type,21.4
2026-05-18,wood-ornament,product_type,23.9
2026-05-25,wood-ornament,product_type,28.0
2026-06-01,wood-ornament,product_type,28.5
2026-06-08,wood-ornament,product_type,22.4
2026-06-15,wood-ornament,product_type,27.1
2026-06-22,wood-ornament,product_type,29.4
2026-06-29,wood-ornament,product_type,29.8
2026-07-06,wood-ornament,product_type,25.4
2026-07-13,wood-ornament,product_type,27.9
2026-07-20,wood-ornament,product_type,29.6
2026-07-27,wood-ornament,product_type,28.9
2026-08-03,wood-ornament,product_type,29.1
2026-08-10,wood-ornament,product_type,26.6
2026-08-17,wood-ornament,product_type,25.9
2024-08-26,metal-ornament,product_type,67.8
2024-09-02,metal-ornament,product_type,69.8
2024-09-09,metal-ornament,product_type,75.4
2024-09-16,metal-ornament,product_type,67.5
2024-09-23,metal-ornament,product_type,70.6
2024-09-30,metal-ornament,product_type,72.0
2024-10-07,metal-ornament,product_type,97.6
2024-10-14,metal-ornament,product_type,98.2
2024-10-21,metal-ornament,product_type,100.7
2024-10-28,metal-ornament,product_type,96.5
2024-11-04,metal-ornament,product_type,145.2
2024-11-11,metal-ornament,product_type,146.9
2024-11-18,metal-ornament,product_type,146.4
2024-11-25,metal-ornament,product_type,148.9
2024-12-02,metal-ornament,product_type,176.2
2024-12-09,metal-ornament,product_type,178.9
2024-12-16,metal-ornament,product_type,184.3
2024-12-23,metal-ornament,product_type,179.9
2024-12-30,metal-ornament,product_type,176.2
2025-01-06,metal-ornament,product_type,146.3
2025-01-13,metal-ornament,product_type,140.7
2025-01-20,metal-ornament,product_type,147.2
2025-01-27,metal-ornament,product_type,152.3
2025-02-03,metal-ornament,product_type,92.6
2025-02-10,metal-ornament,product_type,91.8
2025-02-17,metal-ornament,product_type,94.2
2025-02-24,metal-ornament,product_type,99.0
2025-03-03,metal-ornament,product_type,77.2
2025-03-10,metal-ornament,product_type,73.4
2025-03-17,metal-ornament,product_type,68.2
2025-03-24,metal-ornament,product_type,72.0
2025-03-31,metal-ornament,product_type,77.4
2025-04-07,metal-ornament,product_type,66.0
2025-04-14,metal-ornament,product_type,67.4
2025-04-21,metal-ornament,product_type,67.7
2025-04-28,metal-ornament,product_type,62.3
2025-05-05,metal-ornament,product_type,69.4
2025-05-12,metal-ornament,product_type,69.0
2025-05-19,metal-ornament,product_type,60.4
2025-05-26,metal-ornament,product_type,62.4
2025-06-02,metal-ornament,product_type,63.5
2025-06-09,metal-ornament,product_type,68.7
2025-06-16,metal-ornament,product_type,64.2
2025-06-23,metal-ornament,product_type,67.6
2025-06-30,metal-ornament,product_type,65.9
2025-07-07,metal-ornament,product_type,66.6
2025-07-14,metal-ornament,product_type,67.9
2025-07-21,metal-ornament,product_type,67.2
2025-07-28,metal-ornament,product_type,66.4
2025-08-04,metal-ornament,product_type,67.9
2025-08-11,metal-ornament,product_type,67.6
2025-08-18,metal-ornament,product_type,66.3
2025-08-25,metal-ornament,product_type,65.7
2025-09-01,metal-ornament,product_type,77.7
2025-09-08,metal-ornament,product_type,70.7
2025-09-15,metal-ornament,product_type,76.2
2025-09-22,metal-ornament,product_type,70.0
2025-09-29,metal-ornament,product_type,74.5
2025-10-06,metal-ornament,product_type,101.5
2025-10-13,metal-ornament,product_type,95.2
2025-10-20,metal-ornament,product_type,94.2
2025-10-27,metal-ornament,product_type,94.9
2025-11-03,metal-ornament,product_type,147.2
2025-11-10,metal-ornament,product_type,148.3
2025-11-17,metal-ornament,product_type,147.2
2025-11-24,metal-ornament,product_type,146.0
2025-12-01,metal-ornament,product_type,185.2
2025-12-08,metal-ornament,product_type,178.7
2025-12-15,metal-ornament,product_type,177.4
2025-12-22,metal-ornament,product_type,181.8
2025-12-29,metal-ornament,product_type,181.8
2026-01-05,metal-ornament,product_type,151.5
2026-01-12,metal-ornament,product_type,153.1
2026-01-19,metal-ornament,product_type,148.3
2026-01-26,metal-ornament,product_type,146.4
2026-02-02,metal-ornament,product_type,90.4
2026-02-09,metal-ornament,product_type,93.3
2026-02-16,metal-ornament,product_type,96.8
2026-02-23,metal-ornament,product_type,92.6
2026-03-02,metal-ornament,product_type,67.3
2026-03-09,metal-ornament,product_type,72.2
2026-03-16,metal-ornament,product_type,74.4
2026-03-23,metal-ornament,product_type,71.3
2026-03-30,metal-ornament,product_type,74.7
2026-04-06,metal-ornament,product_type,68.8
2026-04-13,metal-ornament,product_type,70.4
2026-04-20,metal-ornament,product_type,73.4
2026-04-27,metal-ornament,product_type,74.8
2026-05-04,metal-ornament,product_type,68.6
2026-05-11,metal-ornament,product_type,65.0
2026-05-18,metal-ornament,product_type,66.6
2026-05-25,metal-ornament,product_type,71.1
2026-06-01,metal-ornament,product_type,63.7
2026-06-08,metal-ornament,product_type,70.7
2026-06-15,metal-ornament,product_type,65.9
2026-06-22,metal-ornament,product_type,67.1
2026-06-29,metal-ornament,product_type,64.0
2026-07-06,metal-ornament,product_type,62.4
2026-07-13,metal-ornament,product_type,65.6
2026-07-20,metal-ornament,product_type,70.3
2026-07-27,metal-ornament,product_type,64.3
2026-08-03,metal-ornament,product_type,71.8
2026-08-10,metal-ornament,product_type,65.2
2026-08-17,metal-ornament,product_type,63.7
2024-08-26,ceramic-ornament,product_type,71.4
2024-09-02,ceramic-ornament,product_type,78.3
2024-09-09,ceramic-ornament,product_type,76.7
2024-09-16,ceramic-ornament,product_type,76.5
2024-09-23,ceramic-ornament,product_type,80.8
2024-09-30,ceramic-ornament,product_type,76.2
2024-10-07,ceramic-ornament,product_type,101.2
2024-10-14,ceramic-ornament,product_type,99.1
2024-10-21,ceramic-ornament,product_type,106.3
2024-10-28,ceramic-ornament,product_type,101.1
2024-11-04,ceramic-ornament,product_type,157.9
2024-11-11,ceramic-ornament,product_type,161.9
2024-11-18,ceramic-ornament,product_type,164.7
2024-11-25,ceramic-ornament,product_type,159.2
2024-12-02,ceramic-ornament,product_type,193.1
2024-12-09,ceramic-ornament,product_type,193.3
2024-12-16,ceramic-ornament,product_type,191.8
2024-12-23,ceramic-ornament,product_type,191.9
2024-12-30,ceramic-ornament,product_type,191.8
2025-01-06,ceramic-ornament,product_type,160.3
2025-01-13,ceramic-ornament,product_type,157.1
2025-01-20,ceramic-ornament,product_type,161.3
2025-01-27,ceramic-ornament,product_type,156.8
2025-02-03,ceramic-ornament,product_type,99.9
2025-02-10,ceramic-ornament,product_type,104.8
2025-02-17,ceramic-ornament,product_type,100.9
2025-02-24,ceramic-ornament,product_type,100.4
2025-03-03,ceramic-ornament,product_type,74.5
2025-03-10,ceramic-ornament,product_type,78.8
2025-03-17,ceramic-ornament,product_type,75.2
2025-03-24,ceramic-ornament,product_type,78.0
2025-03-31,ceramic-ornament,product_type,73.5
2025-04-07,ceramic-ornament,product_type,71.9
2025-04-14,ceramic-ornament,product_type,69.2
2025-04-21,ceramic-ornament,product_type,71.1
2025-04-28,ceramic-ornament,product_type,71.3
2025-05-05,ceramic-ornament,product_type,64.9
2025-05-12,ceramic-ornament,product_type,67.9
2025-05-19,ceramic-ornament,product_type,70.5
2025-05-26,ceramic-ornament,product_type,70.9
2025-06-02,ceramic-ornament,product_type,71.2
2025-06-09,ceramic-ornament,product_type,67.7
2025-06-16,ceramic-ornament,product_type,72.0
2025-06-23,ceramic-ornament,product_type,65.3
2025-06-30,ceramic-ornament,product_type,62.7
2025-07-07,ceramic-ornament,product_type,66.3
2025-07-14,ceramic-ornament,product_type,70.7
2025-07-21,ceramic-ornament,product_type,63.8
2025-07-28,ceramic-ornament,product_type,62.6
2025-08-04,ceramic-ornament,product_type,62.3
2025-08-11,ceramic-ornament,product_type,69.6
2025-08-18,ceramic-ornament,product_type,63.0
2025-08-25,ceramic-ornament,product_type,69.0
2025-09-01,ceramic-ornament,product_type,71.7
2025-09-08,ceramic-ornament,product_type,70.3
2025-09-15,ceramic-ornament,product_type,69.5
2025-09-22,ceramic-ornament,product_type,73.1
2025-09-29,ceramic-ornament,product_type,70.1
2025-10-06,ceramic-ornament,product_type,97.8
2025-10-13,ceramic-ornament,product_type,98.9
2025-10-20,ceramic-ornament,product_type,99.4
2025-10-27,ceramic-ornament,product_type,100.3
2025-11-03,ceramic-ornament,product_type,151.8
2025-11-10,ceramic-ornament,product_type,148.0
2025-11-17,ceramic-ornament,product_type,152.4
2025-11-24,ceramic-ornament,product_type,152.9
2025-12-01,ceramic-ornament,product_type,183.8
2025-12-08,ceramic-ornament,product_type,183.3
2025-12-15,ceramic-ornament,product_type,191.4
2025-12-22,ceramic-ornament,product_type,179.9
2025-12-29,ceramic-ornament,product_type,185.1
2026-01-05,ceramic-ornament,product_type,153.2
2026-01-12,ceramic-ornament,product_type,148.9
2026-01-19,ceramic-ornament,product_type,149.2
2026-01-26,ceramic-ornament,product_type,148.4
2026-02-02,ceramic-ornament,product_type,96.2
2026-02-09,ceramic-ornament,product_type,98.8
2026-02-16,ceramic-ornament,product_type,95.4
2026-02-23,ceramic-ornament,product_type,105.2
2026-03-02,ceramic-ornament,product_type,69.5
2026-03-09,ceramic-ornament,product_type,74.9
2026-03-16,ceramic-ornament,product_type,72.4
2026-03-23,ceramic-ornament,product_type,71.0
2026-03-30,ceramic-ornament,product_type,75.0
2026-04-06,ceramic-ornament,product_type,60.5
2026-04-13,ceramic-ornament,product_type,66.5
2026-04-20,ceramic-ornament,product_type,63.0
2026-04-27,ceramic-ornament,product_type,63.8
2026-05-04,ceramic-ornament,product_type,63.0
2026-05-11,ceramic-ornament,product_type,61.5
2026-05-18,ceramic-ornament,product_type,59.4
2026-05-25,ceramic-ornament,product_type,65.4
2026-06-01,ceramic-ornament,product_type,64.0
2026-06-08,ceramic-ornament,product_type,63.2
2026-06-15,ceramic-ornament,product_type,66.3
2026-06-22,ceramic-ornament,product_type,65.4
2026-06-29,ceramic-ornament,product_type,63.1
2026-07-06,ceramic-ornament,product_type,73.0
2026-07-13,ceramic-ornament,product_type,66.9
2026-07-20,ceramic-ornament,product_type,71.1
2026-07-27,ceramic-ornament,product_type,62.4
2026-08-03,ceramic-ornament,product_type,64.9
2026-08-10,ceramic-ornament,product_type,60.4
2026-08-17,ceramic-ornament,product_type,63.1
2024-08-26,acrylic-suncatcher,product_type,34.2
2024-09-02,acrylic-suncatcher,product_type,43.3
2024-09-09,acrylic-suncatcher,product_type,32.2
2024-09-16,acrylic-suncatcher,product_type,33.5
2024-09-23,acrylic-suncatcher,product_type,29.8
2024-09-30,acrylic-suncatcher,product_type,35.7
2024-10-07,acrylic-suncatcher,product_type,31.2
2024-10-14,acrylic-suncatcher,product_type,36.6
2024-10-21,acrylic-suncatcher,product_type,28.4
2024-10-28,acrylic-suncatcher,product_type,33.4
2024-11-04,acrylic-suncatcher,product_type,28.2
2024-11-11,acrylic-suncatcher,product_type,32.2
2024-11-18,acrylic-suncatcher,product_type,32.7
2024-11-25,acrylic-suncatcher,product_type,31.7
2024-12-02,acrylic-suncatcher,product_type,32.0
2024-12-09,acrylic-suncatcher,product_type,36.4
2024-12-16,acrylic-suncatcher,product_type,39.9
2024-12-23,acrylic-suncatcher,product_type,34.4
2024-12-30,acrylic-suncatcher,product_type,30.7
2025-01-06,acrylic-suncatcher,product_type,33.6
2025-01-13,acrylic-suncatcher,product_type,32.3
2025-01-20,acrylic-suncatcher,product_type,36.0
2025-01-27,acrylic-suncatcher,product_type,34.1
2025-02-03,acrylic-suncatcher,product_type,29.9
2025-02-10,acrylic-suncatcher,product_type,37.9
2025-02-17,acrylic-suncatcher,product_type,37.5
2025-02-24,acrylic-suncatcher,product_type,39.0
2025-03-03,acrylic-suncatcher,product_type,39.9
2025-03-10,acrylic-suncatcher,product_type,42.3
2025-03-17,acrylic-suncatcher,product_type,37.8
2025-03-24,acrylic-suncatcher,product_type,41.1
2025-03-31,acrylic-suncatcher,product_type,42.4
2025-04-07,acrylic-suncatcher,product_type,54.0
2025-04-14,acrylic-suncatcher,product_type,56.9
2025-04-21,acrylic-suncatcher,product_type,56.3
2025-04-28,acrylic-suncatcher,product_type,54.3
2025-05-05,acrylic-suncatcher,product_type,68.9
2025-05-12,acrylic-suncatcher,product_type,63.9
2025-05-19,acrylic-suncatcher,product_type,64.9
2025-05-26,acrylic-suncatcher,product_type,60.0
2025-06-02,acrylic-suncatcher,product_type,56.8
2025-06-09,acrylic-suncatcher,product_type,53.7
2025-06-16,acrylic-suncatcher,product_type,57.9
2025-06-23,acrylic-suncatcher,product_type,51.0
2025-06-30,acrylic-suncatcher,product_type,56.2
2025-07-07,acrylic-suncatcher,product_type,33.8
2025-07-14,acrylic-suncatcher,product_type,42.1
2025-07-21,acrylic-suncatcher,product_type,39.7
2025-07-28,acrylic-suncatcher,product_type,41.3
2025-08-04,acrylic-suncatcher,product_type,31.5
2025-08-11,acrylic-suncatcher,product_type,30.4
2025-08-18,acrylic-suncatcher,product_type,31.9
2025-08-25,acrylic-suncatcher,product_type,33.7
2025-09-01,acrylic-suncatcher,product_type,33.4
2025-09-08,acrylic-suncatcher,product_type,32.5
2025-09-15,acrylic-suncatcher,product_type,28.7
2025-09-22,acrylic-suncatcher,product_type,37.0
2025-09-29,acrylic-suncatcher,product_type,32.5
2025-10-06,acrylic-suncatcher,product_type,29.4
2025-10-13,acrylic-suncatcher,product_type,32.5
2025-10-20,acrylic-suncatcher,product_type,31.9
2025-10-27,acrylic-suncatcher,product_type,30.6
2025-11-03,acrylic-suncatcher,product_type,30.2
2025-11-10,acrylic-suncatcher,product_type,34.0
2025-11-17,acrylic-suncatcher,product_type,36.1
2025-11-24,acrylic-suncatcher,product_type,24.8
2025-12-01,acrylic-suncatcher,product_type,34.5
2025-12-08,acrylic-suncatcher,product_type,30.9
2025-12-15,acrylic-suncatcher,product_type,31.5
2025-12-22,acrylic-suncatcher,product_type,34.7
2025-12-29,acrylic-suncatcher,product_type,22.7
2026-01-05,acrylic-suncatcher,product_type,33.2
2026-01-12,acrylic-suncatcher,product_type,34.5
2026-01-19,acrylic-suncatcher,product_type,28.6
2026-01-26,acrylic-suncatcher,product_type,26.4
2026-02-02,acrylic-suncatcher,product_type,36.8
2026-02-09,acrylic-suncatcher,product_type,26.6
2026-02-16,acrylic-suncatcher,product_type,33.1
2026-02-23,acrylic-suncatcher,product_type,34.8
2026-03-02,acrylic-suncatcher,product_type,39.3
2026-03-09,acrylic-suncatcher,product_type,39.8
2026-03-16,acrylic-suncatcher,product_type,37.2
2026-03-23,acrylic-suncatcher,product_type,39.3
2026-03-30,acrylic-suncatcher,product_type,35.8
2026-04-06,acrylic-suncatcher,product_type,49.6
2026-04-13,acrylic-suncatcher,product_type,51.4
2026-04-20,acrylic-suncatcher,product_type,46.6
2026-04-27,acrylic-suncatcher,product_type,52.9
2026-05-04,acrylic-suncatcher,product_type,52.0
2026-05-11,acrylic-suncatcher,product_type,60.4
2026-05-18,acrylic-suncatcher,product_type,60.6
2026-05-25,acrylic-suncatcher,product_type,56.8
2026-06-01,acrylic-suncatcher,product_type,47.0
2026-06-08,acrylic-suncatcher,product_type,49.4
2026-06-15,acrylic-suncatcher,product_type,52.4
2026-06-22,acrylic-suncatcher,product_type,51.5
2026-06-29,acrylic-suncatcher,product_type,47.0
2026-07-06,acrylic-suncatcher,product_type,37.3
2026-07-13,acrylic-suncatcher,product_type,37.7
2026-07-20,acrylic-suncatcher,product_type,37.5
2026-07-27,acrylic-suncatcher,product_type,33.8
2026-08-03,acrylic-suncatcher,product_type,31.0
2026-08-10,acrylic-suncatcher,product_type,33.2
2026-08-17,acrylic-suncatcher,product_type,32.0
2024-08-26,stainless-tumbler,product_type,46.1
2024-09-02,stainless-tumbler,product_type,43.3
2024-09-09,stainless-tumbler,product_type,38.8
2024-09-16,stainless-tumbler,product_type,35.6
2024-09-23,stainless-tumbler,product_type,35.5
2024-09-30,stainless-tumbler,product_type,38.4
2024-10-07,stainless-tumbler,product_type,32.1
2024-10-14,stainless-tumbler,product_type,35.4
2024-10-21,stainless-tumbler,product_type,37.6
2024-10-28,stainless-tumbler,product_type,39.5
2024-11-04,stainless-tumbler,product_type,31.1
2024-11-11,stainless-tumbler,product_type,35.9
2024-11-18,stainless-tumbler,product_type,35.3
2024-11-25,stainless-tumbler,product_type,35.5
2024-12-02,stainless-tumbler,product_type,35.7
2024-12-09,stainless-tumbler,product_type,35.0
2024-12-16,stainless-tumbler,product_type,39.1
2024-12-23,stainless-tumbler,product_type,38.6
2024-12-30,stainless-tumbler,product_type,41.1
2025-01-06,stainless-tumbler,product_type,34.6
2025-01-13,stainless-tumbler,product_type,33.2
2025-01-20,stainless-tumbler,product_type,31.4
2025-01-27,stainless-tumbler,product_type,32.6
2025-02-03,stainless-tumbler,product_type,36.3
2025-02-10,stainless-tumbler,product_type,36.7
2025-02-17,stainless-tumbler,product_type,36.0
2025-02-24,stainless-tumbler,product_type,31.8
2025-03-03,stainless-tumbler,product_type,32.9
2025-03-10,stainless-tumbler,product_type,40.6
2025-03-17,stainless-tumbler,product_type,32.1
2025-03-24,stainless-tumbler,product_type,38.7
2025-03-31,stainless-tumbler,product_type,35.6
2025-04-07,stainless-tumbler,product_type,37.6
2025-04-14,stainless-tumbler,product_type,36.1
2025-04-21,stainless-tumbler,product_type,37.4
2025-04-28,stainless-tumbler,product_type,40.6
2025-05-05,stainless-tumbler,product_type,48.2
2025-05-12,stainless-tumbler,product_type,55.4
2025-05-19,stainless-tumbler,product_type,49.9
2025-05-26,stainless-tumbler,product_type,52.4
2025-06-02,stainless-tumbler,product_type,59.2
2025-06-09,stainless-tumbler,product_type,62.0
2025-06-16,stainless-tumbler,product_type,55.5
2025-06-23,stainless-tumbler,product_type,56.9
2025-06-30,stainless-tumbler,product_type,52.2
2025-07-07,stainless-tumbler,product_type,49.4
2025-07-14,stainless-tumbler,product_type,52.3
2025-07-21,stainless-tumbler,product_type,49.3
2025-07-28,stainless-tumbler,product_type,55.4
2025-08-04,stainless-tumbler,product_type,38.7
2025-08-11,stainless-tumbler,product_type,35.4
2025-08-18,stainless-tumbler,product_type,38.2
2025-08-25,stainless-tumbler,product_type,32.3
2025-09-01,stainless-tumbler,product_type,29.0
2025-09-08,stainless-tumbler,product_type,27.6
2025-09-15,stainless-tumbler,product_type,31.1
2025-09-22,stainless-tumbler,product_type,30.8
2025-09-29,stainless-tumbler,product_type,34.4
2025-10-06,stainless-tumbler,product_type,29.3
2025-10-13,stainless-tumbler,product_type,26.5
2025-10-20,stainless-tumbler,product_type,34.0
2025-10-27,stainless-tumbler,product_type,20.4
2025-11-03,stainless-tumbler,product_type,29.1
2025-11-10,stainless-tumbler,product_type,29.5
2025-11-17,stainless-tumbler,product_type,28.7
2025-11-24,stainless-tumbler,product_type,30.1
2025-12-01,stainless-tumbler,product_type,28.8
2025-12-08,stainless-tumbler,product_type,29.8
2025-12-15,stainless-tumbler,product_type,26.4
2025-12-22,stainless-tumbler,product_type,23.7
2025-12-29,stainless-tumbler,product_type,27.8
2026-01-05,stainless-tumbler,product_type,24.7
2026-01-12,stainless-tumbler,product_type,25.5
2026-01-19,stainless-tumbler,product_type,31.0
2026-01-26,stainless-tumbler,product_type,32.1
2026-02-02,stainless-tumbler,product_type,30.8
2026-02-09,stainless-tumbler,product_type,30.1
2026-02-16,stainless-tumbler,product_type,27.3
2026-02-23,stainless-tumbler,product_type,30.1
2026-03-02,stainless-tumbler,product_type,28.9
2026-03-09,stainless-tumbler,product_type,33.5
2026-03-16,stainless-tumbler,product_type,24.8
2026-03-23,stainless-tumbler,product_type,29.5
2026-03-30,stainless-tumbler,product_type,23.5
2026-04-06,stainless-tumbler,product_type,33.7
2026-04-13,stainless-tumbler,product_type,26.3
2026-04-20,stainless-tumbler,product_type,27.7
2026-04-27,stainless-tumbler,product_type,27.3
2026-05-04,stainless-tumbler,product_type,41.0
2026-05-11,stainless-tumbler,product_type,41.1
2026-05-18,stainless-tumbler,product_type,47.2
2026-05-25,stainless-tumbler,product_type,39.4
2026-06-01,stainless-tumbler,product_type,47.5
2026-06-08,stainless-tumbler,product_type,45.4
2026-06-15,stainless-tumbler,product_type,46.7
2026-06-22,stainless-tumbler,product_type,44.9
2026-06-29,stainless-tumbler,product_type,47.5
2026-07-06,stainless-tumbler,product_type,35.3
2026-07-13,stainless-tumbler,product_type,30.9
2026-07-20,stainless-tumbler,product_type,39.3
2026-07-27,stainless-tumbler,product_type,32.4
2026-08-03,stainless-tumbler,product_type,32.9
2026-08-10,stainless-tumbler,product_type,27.1
2026-08-17,stainless-tumbler,product_type,25.5
2024-08-26,ceramic-mug,product_type,60.5
2024-09-02,ceramic-mug,product_type,54.6
2024-09-09,ceramic-mug,product_type,53.9
2024-09-16,ceramic-mug,product_type,56.7
2024-09-23,ceramic-mug,product_type,56.8
2024-09-30,ceramic-mug,product_type,57.6
2024-10-07,ceramic-mug,product_type,61.1
2024-10-14,ceramic-mug,product_type,66.6
2024-10-21,ceramic-mug,product_type,63.9
2024-10-28,ceramic-mug,product_type,61.9
2024-11-04,ceramic-mug,product_type,87.8
2024-11-11,ceramic-mug,product_type,82.1
2024-11-18,ceramic-mug,product_type,90.1
2024-11-25,ceramic-mug,product_type,86.2
2024-12-02,ceramic-mug,product_type,99.8
2024-12-09,ceramic-mug,product_type,100.6
2024-12-16,ceramic-mug,product_type,100.3
2024-12-23,ceramic-mug,product_type,104.0
2024-12-30,ceramic-mug,product_type,97.1
2025-01-06,ceramic-mug,product_type,84.8
2025-01-13,ceramic-mug,product_type,85.2
2025-01-20,ceramic-mug,product_type,82.4
2025-01-27,ceramic-mug,product_type,85.9
2025-02-03,ceramic-mug,product_type,60.6
2025-02-10,ceramic-mug,product_type,58.4
2025-02-17,ceramic-mug,product_type,64.1
2025-02-24,ceramic-mug,product_type,67.0
2025-03-03,ceramic-mug,product_type,51.8
2025-03-10,ceramic-mug,product_type,51.3
2025-03-17,ceramic-mug,product_type,51.1
2025-03-24,ceramic-mug,product_type,49.8
2025-03-31,ceramic-mug,product_type,54.7
2025-04-07,ceramic-mug,product_type,49.2
2025-04-14,ceramic-mug,product_type,42.3
2025-04-21,ceramic-mug,product_type,52.3
2025-04-28,ceramic-mug,product_type,51.4
2025-05-05,ceramic-mug,product_type,50.0
2025-05-12,ceramic-mug,product_type,39.9
2025-05-19,ceramic-mug,product_type,48.0
2025-05-26,ceramic-mug,product_type,50.6
2025-06-02,ceramic-mug,product_type,48.9
2025-06-09,ceramic-mug,product_type,48.3
2025-06-16,ceramic-mug,product_type,50.3
2025-06-23,ceramic-mug,product_type,47.9
2025-06-30,ceramic-mug,product_type,51.0
2025-07-07,ceramic-mug,product_type,47.7
2025-07-14,ceramic-mug,product_type,47.4
2025-07-21,ceramic-mug,product_type,49.7
2025-07-28,ceramic-mug,product_type,45.7
2025-08-04,ceramic-mug,product_type,43.8
2025-08-11,ceramic-mug,product_type,47.0
2025-08-18,ceramic-mug,product_type,48.6
2025-08-25,ceramic-mug,product_type,49.5
2025-09-01,ceramic-mug,product_type,51.5
2025-09-08,ceramic-mug,product_type,48.4
2025-09-15,ceramic-mug,product_type,48.0
2025-09-22,ceramic-mug,product_type,46.6
2025-09-29,ceramic-mug,product_type,49.0
2025-10-06,ceramic-mug,product_type,53.0
2025-10-13,ceramic-mug,product_type,57.9
2025-10-20,ceramic-mug,product_type,66.2
2025-10-27,ceramic-mug,product_type,53.0
2025-11-03,ceramic-mug,product_type,78.4
2025-11-10,ceramic-mug,product_type,78.9
2025-11-17,ceramic-mug,product_type,79.1
2025-11-24,ceramic-mug,product_type,74.5
2025-12-01,ceramic-mug,product_type,91.5
2025-12-08,ceramic-mug,product_type,88.1
2025-12-15,ceramic-mug,product_type,85.2
2025-12-22,ceramic-mug,product_type,92.1
2025-12-29,ceramic-mug,product_type,91.1
2026-01-05,ceramic-mug,product_type,73.4
2026-01-12,ceramic-mug,product_type,74.5
2026-01-19,ceramic-mug,product_type,74.2
2026-01-26,ceramic-mug,product_type,70.8
2026-02-02,ceramic-mug,product_type,57.9
2026-02-09,ceramic-mug,product_type,57.9
2026-02-16,ceramic-mug,product_type,54.3
2026-02-23,ceramic-mug,product_type,55.1
2026-03-02,ceramic-mug,product_type,46.1
2026-03-09,ceramic-mug,product_type,46.3
2026-03-16,ceramic-mug,product_type,41.5
2026-03-23,ceramic-mug,product_type,46.9
2026-03-30,ceramic-mug,product_type,41.7
2026-04-06,ceramic-mug,product_type,45.3
2026-04-13,ceramic-mug,product_type,39.9
2026-04-20,ceramic-mug,product_type,39.1
2026-04-27,ceramic-mug,product_type,42.8
2026-05-04,ceramic-mug,product_type,42.4
2026-05-11,ceramic-mug,product_type,42.8
2026-05-18,ceramic-mug,product_type,39.7
2026-05-25,ceramic-mug,product_type,42.9
2026-06-01,ceramic-mug,product_type,43.0
2026-06-08,ceramic-mug,product_type,45.5
2026-06-15,ceramic-mug,product_type,42.5
2026-06-22,ceramic-mug,product_type,40.0
2026-06-29,ceramic-mug,product_type,37.7
2026-07-06,ceramic-mug,product_type,37.0
2026-07-13,ceramic-mug,product_type,42.5
2026-07-20,ceramic-mug,product_type,43.8
2026-07-27,ceramic-mug,product_type,38.6
2026-08-03,ceramic-mug,product_type,42.1
2026-08-10,ceramic-mug,product_type,40.7
2026-08-17,ceramic-mug,product_type,43.3
2024-08-26,glass-can,product_type,56.6
2024-09-02,glass-can,product_type,40.5
2024-09-09,glass-can,product_type,50.7
2024-09-16,glass-can,product_type,48.5
2024-09-23,glass-can,product_type,46.4
2024-09-30,glass-can,product_type,46.7
2024-10-07,glass-can,product_type,47.1
2024-10-14,glass-can,product_type,45.7
2024-10-21,glass-can,product_type,44.6
2024-10-28,glass-can,product_type,45.5
2024-11-04,glass-can,product_type,44.6
2024-11-11,glass-can,product_type,51.9
2024-11-18,glass-can,product_type,48.3
2024-11-25,glass-can,product_type,55.1
2024-12-02,glass-can,product_type,49.7
2024-12-09,glass-can,product_type,50.5
2024-12-16,glass-can,product_type,45.8
2024-12-23,glass-can,product_type,48.5
2024-12-30,glass-can,product_type,49.6
2025-01-06,glass-can,product_type,47.7
2025-01-13,glass-can,product_type,48.5
2025-01-20,glass-can,product_type,51.3
2025-01-27,glass-can,product_type,51.6
2025-02-03,glass-can,product_type,46.6
2025-02-10,glass-can,product_type,51.7
2025-02-17,glass-can,product_type,52.7
2025-02-24,glass-can,product_type,49.5
2025-03-03,glass-can,product_type,51.1
2025-03-10,glass-can,product_type,54.7
2025-03-17,glass-can,product_type,45.9
2025-03-24,glass-can,product_type,53.8
2025-03-31,glass-can,product_type,59.0
2025-04-07,glass-can,product_type,54.3
2025-04-14,glass-can,product_type,64.9
2025-04-21,glass-can,product_type,64.3
2025-04-28,glass-can,product_type,58.6
2025-05-05,glass-can,product_type,81.6
2025-05-12,glass-can,product_type,83.4
2025-05-19,glass-can,product_type,77.2
2025-05-26,glass-can,product_type,78.9
2025-06-02,glass-can,product_type,92.2
2025-06-09,glass-can,product_type,95.4
2025-06-16,glass-can,product_type,91.2
2025-06-23,glass-can,product_type,93.1
2025-06-30,glass-can,product_type,91.5
2025-07-07,glass-can,product_type,83.0
2025-07-14,glass-can,product_type,86.4
2025-07-21,glass-can,product_type,83.9
2025-07-28,glass-can,product_type,82.9
2025-08-04,glass-can,product_type,66.4
2025-08-11,glass-can,product_type,64.3
2025-08-18,glass-can,product_type,64.0
2025-08-25,glass-can,product_type,70.9
2025-09-01,glass-can,product_type,63.9
2025-09-08,glass-can,product_type,53.8
2025-09-15,glass-can,product_type,61.2
2025-09-22,glass-can,product_type,62.2
2025-09-29,glass-can,product_type,56.2
2025-10-06,glass-can,product_type,56.8
2025-10-13,glass-can,product_type,56.7
2025-10-20,glass-can,product_type,64.4
2025-10-27,glass-can,product_type,63.8
2025-11-03,glass-can,product_type,56.1
2025-11-10,glass-can,product_type,54.7
2025-11-17,glass-can,product_type,61.7
2025-11-24,glass-can,product_type,61.2
2025-12-01,glass-can,product_type,63.5
2025-12-08,glass-can,product_type,56.8
2025-12-15,glass-can,product_type,62.4
2025-12-22,glass-can,product_type,58.2
2025-12-29,glass-can,product_type,62.5
2026-01-05,glass-can,product_type,60.7
2026-01-12,glass-can,product_type,66.8
2026-01-19,glass-can,product_type,62.6
2026-01-26,glass-can,product_type,60.6
2026-02-02,glass-can,product_type,62.3
2026-02-09,glass-can,product_type,61.8
2026-02-16,glass-can,product_type,58.9
2026-02-23,glass-can,product_type,68.3
2026-03-02,glass-can,product_type,69.6
2026-03-09,glass-can,product_type,64.5
2026-03-16,glass-can,product_type,67.3
2026-03-23,glass-can,product_type,71.6
2026-03-30,glass-can,product_type,69.4
2026-04-06,glass-can,product_type,74.5
2026-04-13,glass-can,product_type,75.4
2026-04-20,glass-can,product_type,70.8
2026-04-27,glass-can,product_type,78.5
2026-05-04,glass-can,product_type,100.6
2026-05-11,glass-can,product_type,101.0
2026-05-18,glass-can,product_type,99.7
2026-05-25,glass-can,product_type,98.9
2026-06-01,glass-can,product_type,108.2
2026-06-08,glass-can,product_type,112.5
2026-06-15,glass-can,product_type,110.0
2026-06-22,glass-can,product_type,113.8
2026-06-29,glass-can,product_type,110.3
2026-07-06,glass-can,product_type,101.4
2026-07-13,glass-can,product_type,104.1
2026-07-20,glass-can,product_type,101.6
2026-07-27,glass-can,product_type,101.8
2026-08-03,glass-can,product_type,82.5
2026-08-10,glass-can,product_type,85.4
2026-08-17,glass-can,product_type,80.0
2024-08-26,wood-cutting-board,product_type,51.6
2024-09-02,wood-cutting-board,product_type,57.2
2024-09-09,wood-cutting-board,product_type,54.6
2024-09-16,wood-cutting-board,product_type,46.6
2024-09-23,wood-cutting-board,product_type,50.4
2024-09-30,wood-cutting-board,product_type,54.7
2024-10-07,wood-cutting-board,product_type,63.9
2024-10-14,wood-cutting-board,product_type,69.4
2024-10-21,wood-cutting-board,product_type,70.6
2024-10-28,wood-cutting-board,product_type,63.2
2024-11-04,wood-cutting-board,product_type,88.6
2024-11-11,wood-cutting-board,product_type,90.6
2024-11-18,wood-cutting-board,product_type,90.3
2024-11-25,wood-cutting-board,product_type,96.1
2024-12-02,wood-cutting-board,product_type,105.0
2024-12-09,wood-cutting-board,product_type,110.3
2024-12-16,wood-cutting-board,product_type,112.1
2024-12-23,wood-cutting-board,product_type,110.3
2024-12-30,wood-cutting-board,product_type,109.1
2025-01-06,wood-cutting-board,product_type,90.5
2025-01-13,wood-cutting-board,product_type,96.5
2025-01-20,wood-cutting-board,product_type,90.1
2025-01-27,wood-cutting-board,product_type,93.6
2025-02-03,wood-cutting-board,product_type,63.7
2025-02-10,wood-cutting-board,product_type,58.6
2025-02-17,wood-cutting-board,product_type,63.3
2025-02-24,wood-cutting-board,product_type,63.6
2025-03-03,wood-cutting-board,product_type,51.1
2025-03-10,wood-cutting-board,product_type,49.5
2025-03-17,wood-cutting-board,product_type,53.3
2025-03-24,wood-cutting-board,product_type,53.6
2025-03-31,wood-cutting-board,product_type,50.4
2025-04-07,wood-cutting-board,product_type,47.7
2025-04-14,wood-cutting-board,product_type,45.5
2025-04-21,wood-cutting-board,product_type,49.4
2025-04-28,wood-cutting-board,product_type,52.7
2025-05-05,wood-cutting-board,product_type,52.4
2025-05-12,wood-cutting-board,product_type,46.4
2025-05-19,wood-cutting-board,product_type,54.1
2025-05-26,wood-cutting-board,product_type,47.0
2025-06-02,wood-cutting-board,product_type,45.0
2025-06-09,wood-cutting-board,product_type,43.9
2025-06-16,wood-cutting-board,product_type,44.7
2025-06-23,wood-cutting-board,product_type,48.9
2025-06-30,wood-cutting-board,product_type,47.1
2025-07-07,wood-cutting-board,product_type,46.0
2025-07-14,wood-cutting-board,product_type,45.3
2025-07-21,wood-cutting-board,product_type,44.5
2025-07-28,wood-cutting-board,product_type,45.1
2025-08-04,wood-cutting-board,product_type,51.0
2025-08-11,wood-cutting-board,product_type,53.3
2025-08-18,wood-cutting-board,product_type,53.5
2025-08-25,wood-cutting-board,product_type,49.9
2025-09-01,wood-cutting-board,product_type,48.9
2025-09-08,wood-cutting-board,product_type,48.3
2025-09-15,wood-cutting-board,product_type,52.5
2025-09-22,wood-cutting-board,product_type,49.5
2025-09-29,wood-cutting-board,product_type,51.4
2025-10-06,wood-cutting-board,product_type,68.1
2025-10-13,wood-cutting-board,product_type,62.9
2025-10-20,wood-cutting-board,product_type,69.0
2025-10-27,wood-cutting-board,product_type,58.7
2025-11-03,wood-cutting-board,product_type,89.0
2025-11-10,wood-cutting-board,product_type,88.5
2025-11-17,wood-cutting-board,product_type,84.6
2025-11-24,wood-cutting-board,product_type,89.9
2025-12-01,wood-cutting-board,product_type,107.9
2025-12-08,wood-cutting-board,product_type,109.9
2025-12-15,wood-cutting-board,product_type,104.4
2025-12-22,wood-cutting-board,product_type,97.4
2025-12-29,wood-cutting-board,product_type,104.4
2026-01-05,wood-cutting-board,product_type,89.2
2026-01-12,wood-cutting-board,product_type,86.2
2026-01-19,wood-cutting-board,product_type,87.5
2026-01-26,wood-cutting-board,product_type,85.3
2026-02-02,wood-cutting-board,product_type,60.9
2026-02-09,wood-cutting-board,product_type,64.3
2026-02-16,wood-cutting-board,product_type,65.4
2026-02-23,wood-cutting-board,product_type,57.3
2026-03-02,wood-cutting-board,product_type,47.7
2026-03-09,wood-cutting-board,product_type,44.4
2026-03-16,wood-cutting-board,product_type,54.6
2026-03-23,wood-cutting-board,product_type,51.7
2026-03-30,wood-cutting-board,product_type,43.0
2026-04-06,wood-cutting-board,product_type,46.3
2026-04-13,wood-cutting-board,product_type,45.6
2026-04-20,wood-cutting-board,product_type,44.1
2026-04-27,wood-cutting-board,product_type,49.5
2026-05-04,wood-cutting-board,product_type,49.1
2026-05-11,wood-cutting-board,product_type,46.8
2026-05-18,wood-cutting-board,product_type,44.0
2026-05-25,wood-cutting-board,product_type,44.0
2026-06-01,wood-cutting-board,product_type,46.0
2026-06-08,wood-cutting-board,product_type,44.5
2026-06-15,wood-cutting-board,product_type,45.8
2026-06-22,wood-cutting-board,product_type,47.4
2026-06-29,wood-cutting-board,product_type,41.1
2026-07-06,wood-cutting-board,product_type,43.4
2026-07-13,wood-cutting-board,product_type,45.5
2026-07-20,wood-cutting-board,product_type,50.3
2026-07-27,wood-cutting-board,product_type,48.1
2026-08-03,wood-cutting-board,product_type,45.8
2026-08-10,wood-cutting-board,product_type,47.0
2026-08-17,wood-cutting-board,product_type,45.4
2024-08-26,coir-doormat,product_type,45.1
2024-09-02,coir-doormat,product_type,51.0
2024-09-09,coir-doormat,product_type,53.6
2024-09-16,coir-doormat,product_type,45.8
2024-09-23,coir-doormat,product_type,47.6
2024-09-30,coir-doormat,product_type,50.9
2024-10-07,coir-doormat,product_type,68.2
2024-10-14,coir-doormat,product_type,74.1
2024-10-21,coir-doormat,product_type,61.6
2024-10-28,coir-doormat,product_type,67.0
2024-11-04,coir-doormat,product_type,77.4
2024-11-11,coir-doormat,product_type,78.5
2024-11-18,coir-doormat,product_type,83.1
2024-11-25,coir-doormat,product_type,80.7
2024-12-02,coir-doormat,product_type,62.9
2024-12-09,coir-doormat,product_type,72.5
2024-12-16,coir-doormat,product_type,72.5
2024-12-23,coir-doormat,product_type,68.9
2024-12-30,coir-doormat,product_type,63.4
2025-01-06,coir-doormat,product_type,50.9
2025-01-13,coir-doormat,product_type,52.9
2025-01-20,coir-doormat,product_type,54.6
2025-01-27,coir-doormat,product_type,46.4
2025-02-03,coir-doormat,product_type,41.4
2025-02-10,coir-doormat,product_type,47.1
2025-02-17,coir-doormat,product_type,48.4
2025-02-24,coir-doormat,product_type,45.3
2025-03-03,coir-doormat,product_type,45.8
2025-03-10,coir-doormat,product_type,43.8
2025-03-17,coir-doormat,product_type,45.4
2025-03-24,coir-doormat,product_type,43.0
2025-03-31,coir-doormat,product_type,44.1
2025-04-07,coir-doormat,product_type,38.9
2025-04-14,coir-doormat,product_type,44.8
2025-04-21,coir-doormat,product_type,38.9
2025-04-28,coir-doormat,product_type,44.9
2025-05-05,coir-doormat,product_type,41.5
2025-05-12,coir-doormat,product_type,44.0
2025-05-19,coir-doormat,product_type,40.1
2025-05-26,coir-doormat,product_type,41.6
2025-06-02,coir-doormat,product_type,44.3
2025-06-09,coir-doormat,product_type,45.5
2025-06-16,coir-doormat,product_type,46.6
2025-06-23,coir-doormat,product_type,39.9
2025-06-30,coir-doormat,product_type,39.0
2025-07-07,coir-doormat,product_type,40.8
2025-07-14,coir-doormat,product_type,40.6
2025-07-21,coir-doormat,product_type,48.6
2025-07-28,coir-doormat,product_type,48.0
2025-08-04,coir-doormat,product_type,42.8
2025-08-11,coir-doormat,product_type,51.0
2025-08-18,coir-doormat,product_type,49.8
2025-08-25,coir-doormat,product_type,41.2
2025-09-01,coir-doormat,product_type,51.5
2025-09-08,coir-doormat,product_type,49.7
2025-09-15,coir-doormat,product_type,54.5
2025-09-22,coir-doormat,product_type,54.9
2025-09-29,coir-doormat,product_type,55.0
2025-10-06,coir-doormat,product_type,67.2
2025-10-13,coir-doormat,product_type,69.1
2025-10-20,coir-doormat,product_type,74.3
2025-10-27,coir-doormat,product_type,75.5
2025-11-03,coir-doormat,product_type,79.1
2025-11-10,coir-doormat,product_type,81.5
2025-11-17,coir-doormat,product_type,88.5
2025-11-24,coir-doormat,product_type,81.9
2025-12-01,coir-doormat,product_type,74.2
2025-12-08,coir-doormat,product_type,70.4
2025-12-15,coir-doormat,product_type,77.0
2025-12-22,coir-doormat,product_type,68.6
2025-12-29,coir-doormat,product_type,73.8
2026-01-05,coir-doormat,product_type,59.1
2026-01-12,coir-doormat,product_type,58.2
2026-01-19,coir-doormat,product_type,55.1
2026-01-26,coir-doormat,product_type,54.5
2026-02-02,coir-doormat,product_type,47.2
2026-02-09,coir-doormat,product_type,44.1
2026-02-16,coir-doormat,product_type,47.7
2026-02-23,coir-doormat,product_type,47.9
2026-03-02,coir-doormat,product_type,45.1
2026-03-09,coir-doormat,product_type,49.4
2026-03-16,coir-doormat,product_type,43.2
2026-03-23,coir-doormat,product_type,41.4
2026-03-30,coir-doormat,product_type,45.0
2026-04-06,coir-doormat,product_type,46.9
2026-04-13,coir-doormat,product_type,46.3
2026-04-20,coir-doormat,product_type,46.2
2026-04-27,coir-doormat,product_type,43.4
2026-05-04,coir-doormat,product_type,43.9
2026-05-11,coir-doormat,product_type,45.4
2026-05-18,coir-doormat,product_type,45.3
2026-05-25,coir-doormat,product_type,50.3
2026-06-01,coir-doormat,product_type,47.9
2026-06-08,coir-doormat,product_type,45.6
2026-06-15,coir-doormat,product_type,50.5
2026-06-22,coir-doormat,product_type,48.7
2026-06-29,coir-doormat,product_type,43.3
2026-07-06,coir-doormat,product_type,38.0
2026-07-13,coir-doormat,product_type,43.8
2026-07-20,coir-doormat,product_type,49.6
2026-07-27,coir-doormat,product_type,50.6
2026-08-03,coir-doormat,product_type,45.0
2026-08-10,coir-doormat,product_type,52.0
2026-08-17,coir-doormat,product_type,52.0
2024-08-26,fleece-blanket,product_type,74.7
2024-09-02,fleece-blanket,product_type,77.7
2024-09-09,fleece-blanket,product_type,78.9
2024-09-16,fleece-blanket,product_type,76.3
2024-09-23,fleece-blanket,product_type,76.1
2024-09-30,fleece-blanket,product_type,73.7
2024-10-07,fleece-blanket,product_type,98.0
2024-10-14,fleece-blanket,product_type,91.5
2024-10-21,fleece-blanket,product_type,95.1
2024-10-28,fleece-blanket,product_type,97.0
2024-11-04,fleece-blanket,product_type,143.8
2024-11-11,fleece-blanket,product_type,138.0
2024-11-18,fleece-blanket,product_type,142.3
2024-11-25,fleece-blanket,product_type,138.8
2024-12-02,fleece-blanket,product_type,169.9
2024-12-09,fleece-blanket,product_type,164.4
2024-12-16,fleece-blanket,product_type,168.9
2024-12-23,fleece-blanket,product_type,166.4
2024-12-30,fleece-blanket,product_type,163.0
2025-01-06,fleece-blanket,product_type,138.5
2025-01-13,fleece-blanket,product_type,142.9
2025-01-20,fleece-blanket,product_type,135.8
2025-01-27,fleece-blanket,product_type,134.3
2025-02-03,fleece-blanket,product_type,96.0
2025-02-10,fleece-blanket,product_type,89.7
2025-02-17,fleece-blanket,product_type,99.4
2025-02-24,fleece-blanket,product_type,99.3
2025-03-03,fleece-blanket,product_type,77.1
2025-03-10,fleece-blanket,product_type,73.9
2025-03-17,fleece-blanket,product_type,78.9
2025-03-24,fleece-blanket,product_type,77.9
2025-03-31,fleece-blanket,product_type,72.2
2025-04-07,fleece-blanket,product_type,73.7
2025-04-14,fleece-blanket,product_type,66.7
2025-04-21,fleece-blanket,product_type,68.8
2025-04-28,fleece-blanket,product_type,63.9
2025-05-05,fleece-blanket,product_type,69.2
2025-05-12,fleece-blanket,product_type,67.9
2025-05-19,fleece-blanket,product_type,67.4
2025-05-26,fleece-blanket,product_type,68.2
2025-06-02,fleece-blanket,product_type,66.9
2025-06-09,fleece-blanket,product_type,68.8
2025-06-16,fleece-blanket,product_type,72.5
2025-06-23,fleece-blanket,product_type,65.4
2025-06-30,fleece-blanket,product_type,71.1
2025-07-07,fleece-blanket,product_type,69.2
2025-07-14,fleece-blanket,product_type,69.6
2025-07-21,fleece-blanket,product_type,68.4
2025-07-28,fleece-blanket,product_type,66.3
2025-08-04,fleece-blanket,product_type,70.2
2025-08-11,fleece-blanket,product_type,70.4
2025-08-18,fleece-blanket,product_type,66.4
2025-08-25,fleece-blanket,product_type,64.7
2025-09-01,fleece-blanket,product_type,73.3
2025-09-08,fleece-blanket,product_type,75.3
2025-09-15,fleece-blanket,product_type,76.0
2025-09-22,fleece-blanket,product_type,76.5
2025-09-29,fleece-blanket,product_type,74.0
2025-10-06,fleece-blanket,product_type,92.4
2025-10-13,fleece-blanket,product_type,93.2
2025-10-20,fleece-blanket,product_type,89.4
2025-10-27,fleece-blanket,product_type,91.0
2025-11-03,fleece-blanket,product_type,135.9
2025-11-10,fleece-blanket,product_type,135.2
2025-11-17,fleece-blanket,product_type,136.2
2025-11-24,fleece-blanket,product_type,131.8
2025-12-01,fleece-blanket,product_type,159.3
2025-12-08,fleece-blanket,product_type,165.0
2025-12-15,fleece-blanket,product_type,160.1
2025-12-22,fleece-blanket,product_type,160.5
2025-12-29,fleece-blanket,product_type,162.7
2026-01-05,fleece-blanket,product_type,132.7
2026-01-12,fleece-blanket,product_type,138.8
2026-01-19,fleece-blanket,product_type,131.6
2026-01-26,fleece-blanket,product_type,135.3
2026-02-02,fleece-blanket,product_type,90.2
2026-02-09,fleece-blanket,product_type,92.9
2026-02-16,fleece-blanket,product_type,90.9
2026-02-23,fleece-blanket,product_type,92.2
2026-03-02,fleece-blanket,product_type,75.8
2026-03-09,fleece-blanket,product_type,70.0
2026-03-16,fleece-blanket,product_type,69.9
2026-03-23,fleece-blanket,product_type,71.1
2026-03-30,fleece-blanket,product_type,76.4
2026-04-06,fleece-blanket,product_type,67.4
2026-04-13,fleece-blanket,product_type,71.4
2026-04-20,fleece-blanket,product_type,67.1
2026-04-27,fleece-blanket,product_type,71.2
2026-05-04,fleece-blanket,product_type,68.3
2026-05-11,fleece-blanket,product_type,68.7
2026-05-18,fleece-blanket,product_type,62.7
2026-05-25,fleece-blanket,product_type,62.2
2026-06-01,fleece-blanket,product_type,70.2
2026-06-08,fleece-blanket,product_type,70.1
2026-06-15,fleece-blanket,product_type,74.2
2026-06-22,fleece-blanket,product_type,62.4
2026-06-29,fleece-blanket,product_type,68.3
2026-07-06,fleece-blanket,product_type,63.7
2026-07-13,fleece-blanket,product_type,64.5
2026-07-20,fleece-blanket,product_type,65.2
2026-07-27,fleece-blanket,product_type,67.8
2026-08-03,fleece-blanket,product_type,65.1
2026-08-10,fleece-blanket,product_type,67.2
2026-08-17,fleece-blanket,product_type,69.6
2024-08-26,sherpa-blanket,product_type,71.1
2024-09-02,sherpa-blanket,product_type,74.3
2024-09-09,sherpa-blanket,product_type,73.6
2024-09-16,sherpa-blanket,product_type,71.7
2024-09-23,sherpa-blanket,product_type,70.4
2024-09-30,sherpa-blanket,product_type,73.7
2024-10-07,sherpa-blanket,product_type,90.3
2024-10-14,sherpa-blanket,product_type,93.7
2024-10-21,sherpa-blanket,product_type,90.0
2024-10-28,sherpa-blanket,product_type,93.1
2024-11-04,sherpa-blanket,product_type,135.4
2024-11-11,sherpa-blanket,product_type,137.2
2024-11-18,sherpa-blanket,product_type,136.3
2024-11-25,sherpa-blanket,product_type,135.8
2024-12-02,sherpa-blanket,product_type,166.1
2024-12-09,sherpa-blanket,product_type,159.0
2024-12-16,sherpa-blanket,product_type,160.7
2024-12-23,sherpa-blanket,product_type,168.4
2024-12-30,sherpa-blanket,product_type,166.3
2025-01-06,sherpa-blanket,product_type,135.4
2025-01-13,sherpa-blanket,product_type,140.4
2025-01-20,sherpa-blanket,product_type,135.5
2025-01-27,sherpa-blanket,product_type,135.5
2025-02-03,sherpa-blanket,product_type,89.9
2025-02-10,sherpa-blanket,product_type,97.9
2025-02-17,sherpa-blanket,product_type,92.8
2025-02-24,sherpa-blanket,product_type,92.6
2025-03-03,sherpa-blanket,product_type,72.2
2025-03-10,sherpa-blanket,product_type,65.2
2025-03-17,sherpa-blanket,product_type,69.0
2025-03-24,sherpa-blanket,product_type,72.0
2025-03-31,sherpa-blanket,product_type,70.6
2025-04-07,sherpa-blanket,product_type,72.7
2025-04-14,sherpa-blanket,product_type,64.4
2025-04-21,sherpa-blanket,product_type,68.8
2025-04-28,sherpa-blanket,product_type,68.4
2025-05-05,sherpa-blanket,product_type,65.9
2025-05-12,sherpa-blanket,product_type,66.4
2025-05-19,sherpa-blanket,product_type,64.5
2025-05-26,sherpa-blanket,product_type,59.4
2025-06-02,sherpa-blanket,product_type,66.3
2025-06-09,sherpa-blanket,product_type,66.5
2025-06-16,sherpa-blanket,product_type,66.9
2025-06-23,sherpa-blanket,product_type,65.3
2025-06-30,sherpa-blanket,product_type,68.0
2025-07-07,sherpa-blanket,product_type,62.4
2025-07-14,sherpa-blanket,product_type,69.3
2025-07-21,sherpa-blanket,product_type,61.9
2025-07-28,sherpa-blanket,product_type,64.5
2025-08-04,sherpa-blanket,product_type,67.3
2025-08-11,sherpa-blanket,product_type,63.6
2025-08-18,sherpa-blanket,product_type,67.4
2025-08-25,sherpa-blanket,product_type,64.1
2025-09-01,sherpa-blanket,product_type,69.8
2025-09-08,sherpa-blanket,product_type,68.8
2025-09-15,sherpa-blanket,product_type,67.6
2025-09-22,sherpa-blanket,product_type,76.0
2025-09-29,sherpa-blanket,product_type,66.7
2025-10-06,sherpa-blanket,product_type,82.9
2025-10-13,sherpa-blanket,product_type,87.3
2025-10-20,sherpa-blanket,product_type,90.0
2025-10-27,sherpa-blanket,product_type,88.4
2025-11-03,sherpa-blanket,product_type,136.1
2025-11-10,sherpa-blanket,product_type,135.9
2025-11-17,sherpa-blanket,product_type,131.9
2025-11-24,sherpa-blanket,product_type,127.7
2025-12-01,sherpa-blanket,product_type,156.0
2025-12-08,sherpa-blanket,product_type,159.6
2025-12-15,sherpa-blanket,product_type,154.9
2025-12-22,sherpa-blanket,product_type,158.3
2025-12-29,sherpa-blanket,product_type,163.6
2026-01-05,sherpa-blanket,product_type,133.2
2026-01-12,sherpa-blanket,product_type,132.2
2026-01-19,sherpa-blanket,product_type,128.8
2026-01-26,sherpa-blanket,product_type,132.4
2026-02-02,sherpa-blanket,product_type,87.8
2026-02-09,sherpa-blanket,product_type,89.2
2026-02-16,sherpa-blanket,product_type,90.6
2026-02-23,sherpa-blanket,product_type,91.0
2026-03-02,sherpa-blanket,product_type,68.4
2026-03-09,sherpa-blanket,product_type,69.5
2026-03-16,sherpa-blanket,product_type,66.4
2026-03-23,sherpa-blanket,product_type,71.3
2026-03-30,sherpa-blanket,product_type,65.1
2026-04-06,sherpa-blanket,product_type,62.8
2026-04-13,sherpa-blanket,product_type,67.1
2026-04-20,sherpa-blanket,product_type,61.9
2026-04-27,sherpa-blanket,product_type,59.3
2026-05-04,sherpa-blanket,product_type,61.6
2026-05-11,sherpa-blanket,product_type,66.9
2026-05-18,sherpa-blanket,product_type,55.9
2026-05-25,sherpa-blanket,product_type,63.0
2026-06-01,sherpa-blanket,product_type,60.7
2026-06-08,sherpa-blanket,product_type,62.1
2026-06-15,sherpa-blanket,product_type,61.5
2026-06-22,sherpa-blanket,product_type,65.3
2026-06-29,sherpa-blanket,product_type,62.6
2026-07-06,sherpa-blanket,product_type,65.4
2026-07-13,sherpa-blanket,product_type,66.2
2026-07-20,sherpa-blanket,product_type,62.4
2026-07-27,sherpa-blanket,product_type,61.1
2026-08-03,sherpa-blanket,product_type,63.7
2026-08-10,sherpa-blanket,product_type,64.3
2026-08-17,sherpa-blanket,product_type,59.0
2024-08-26,canvas-print,product_type,52.0
2024-09-02,canvas-print,product_type,53.1
2024-09-09,canvas-print,product_type,52.5
2024-09-16,canvas-print,product_type,51.6
2024-09-23,canvas-print,product_type,51.7
2024-09-30,canvas-print,product_type,57.2
2024-10-07,canvas-print,product_type,64.2
2024-10-14,canvas-print,product_type,68.6
2024-10-21,canvas-print,product_type,65.5
2024-10-28,canvas-print,product_type,61.6
2024-11-04,canvas-print,product_type,90.5
2024-11-11,canvas-print,product_type,86.2
2024-11-18,canvas-print,product_type,91.5
2024-11-25,canvas-print,product_type,88.9
2024-12-02,canvas-print,product_type,107.5
2024-12-09,canvas-print,product_type,109.1
2024-12-16,canvas-print,product_type,99.4
2024-12-23,canvas-print,product_type,103.1
2024-12-30,canvas-print,product_type,100.7
2025-01-06,canvas-print,product_type,95.2
2025-01-13,canvas-print,product_type,87.2
2025-01-20,canvas-print,product_type,84.5
2025-01-27,canvas-print,product_type,95.0
2025-02-03,canvas-print,product_type,61.4
2025-02-10,canvas-print,product_type,58.6
2025-02-17,canvas-print,product_type,59.9
2025-02-24,canvas-print,product_type,63.7
2025-03-03,canvas-print,product_type,51.8
2025-03-10,canvas-print,product_type,49.1
2025-03-17,canvas-print,product_type,50.0
2025-03-24,canvas-print,product_type,51.6
2025-03-31,canvas-print,product_type,55.3
2025-04-07,canvas-print,product_type,49.8
2025-04-14,canvas-print,product_type,47.1
2025-04-21,canvas-print,product_type,48.0
2025-04-28,canvas-print,product_type,50.9
2025-05-05,canvas-print,product_type,53.3
2025-05-12,canvas-print,product_type,44.9
2025-05-19,canvas-print,product_type,51.5
2025-05-26,canvas-print,product_type,47.1
2025-06-02,canvas-print,product_type,43.1
2025-06-09,canvas-print,product_type,42.4
2025-06-16,canvas-print,product_type,51.8
2025-06-23,canvas-print,product_type,52.1
2025-06-30,canvas-print,product_type,45.9
2025-07-07,canvas-print,product_type,46.9
2025-07-14,canvas-print,product_type,42.1
2025-07-21,canvas-print,product_type,49.7
2025-07-28,canvas-print,product_type,47.3
2025-08-04,canvas-print,product_type,42.8
2025-08-11,canvas-print,product_type,48.0
2025-08-18,canvas-print,product_type,43.2
2025-08-25,canvas-print,product_type,48.9
2025-09-01,canvas-print,product_type,46.3
2025-09-08,canvas-print,product_type,50.5
2025-09-15,canvas-print,product_type,47.4
2025-09-22,canvas-print,product_type,42.2
2025-09-29,canvas-print,product_type,52.2
2025-10-06,canvas-print,product_type,63.2
2025-10-13,canvas-print,product_type,58.4
2025-10-20,canvas-print,product_type,60.7
2025-10-27,canvas-print,product_type,61.1
2025-11-03,canvas-print,product_type,84.1
2025-11-10,canvas-print,product_type,87.7
2025-11-17,canvas-print,product_type,83.7
2025-11-24,canvas-print,product_type,81.2
2025-12-01,canvas-print,product_type,97.7
2025-12-08,canvas-print,product_type,95.0
2025-12-15,canvas-print,product_type,92.9
2025-12-22,canvas-print,product_type,99.6
2025-12-29,canvas-print,product_type,97.4
2026-01-05,canvas-print,product_type,75.8
2026-01-12,canvas-print,product_type,79.2
2026-01-19,canvas-print,product_type,83.4
2026-01-26,canvas-print,product_type,76.3
2026-02-02,canvas-print,product_type,56.1
2026-02-09,canvas-print,product_type,66.2
2026-02-16,canvas-print,product_type,57.1
2026-02-23,canvas-print,product_type,61.3
2026-03-02,canvas-print,product_type,51.9
2026-03-09,canvas-print,product_type,44.6
2026-03-16,canvas-print,product_type,48.0
2026-03-23,canvas-print,product_type,53.3
2026-03-30,canvas-print,product_type,48.4
2026-04-06,canvas-print,product_type,51.8
2026-04-13,canvas-print,product_type,42.8
2026-04-20,canvas-print,product_type,50.0
2026-04-27,canvas-print,product_type,44.6
2026-05-04,canvas-print,product_type,43.2
2026-05-11,canvas-print,product_type,46.1
2026-05-18,canvas-print,product_type,43.7
2026-05-25,canvas-print,product_type,43.7
2026-06-01,canvas-print,product_type,45.4
2026-06-08,canvas-print,product_type,38.4
2026-06-15,canvas-print,product_type,41.3
2026-06-22,canvas-print,product_type,45.8
2026-06-29,canvas-print,product_type,46.6
2026-07-06,canvas-print,product_type,44.6
2026-07-13,canvas-print,product_type,44.3
2026-07-20,canvas-print,product_type,44.6
2026-07-27,canvas-print,product_type,46.1
2026-08-03,canvas-print,product_type,39.1
2026-08-10,canvas-print,product_type,41.8
2026-08-17,canvas-print,product_type,43.0
2024-08-26,paper-poster,product_type,70.9
2024-09-02,paper-poster,product_type,66.7
2024-09-09,paper-poster,product_type,69.5
2024-09-16,paper-poster,product_type,73.5
2024-09-23,paper-poster,product_type,76.8
2024-09-30,paper-poster,product_type,72.7
2024-10-07,paper-poster,product_type,84.4
2024-10-14,paper-poster,product_type,88.3
2024-10-21,paper-poster,product_type,86.0
2024-10-28,paper-poster,product_type,89.9
2024-11-04,paper-poster,product_type,113.0
2024-11-11,paper-poster,product_type,110.7
2024-11-18,paper-poster,product_type,118.6
2024-11-25,paper-poster,product_type,118.5
2024-12-02,paper-poster,product_type,128.8
2024-12-09,paper-poster,product_type,133.3
2024-12-16,paper-poster,product_type,131.5
2024-12-23,paper-poster,product_type,134.8
2024-12-30,paper-poster,product_type,130.7
2025-01-06,paper-poster,product_type,119.5
2025-01-13,paper-poster,product_type,120.8
2025-01-20,paper-poster,product_type,114.7
2025-01-27,paper-poster,product_type,118.1
2025-02-03,paper-poster,product_type,94.7
2025-02-10,paper-poster,product_type,88.3
2025-02-17,paper-poster,product_type,89.6
2025-02-24,paper-poster,product_type,93.9
2025-03-03,paper-poster,product_type,78.7
2025-03-10,paper-poster,product_type,74.7
2025-03-17,paper-poster,product_type,78.7
2025-03-24,paper-poster,product_type,85.1
2025-03-31,paper-poster,product_type,86.3
2025-04-07,paper-poster,product_type,75.6
2025-04-14,paper-poster,product_type,75.0
2025-04-21,paper-poster,product_type,76.6
2025-04-28,paper-poster,product_type,83.6
2025-05-05,paper-poster,product_type,80.7
2025-05-12,paper-poster,product_type,82.8
2025-05-19,paper-poster,product_type,81.6
2025-05-26,paper-poster,product_type,74.9
2025-06-02,paper-poster,product_type,76.2
2025-06-09,paper-poster,product_type,77.2
2025-06-16,paper-poster,product_type,77.9
2025-06-23,paper-poster,product_type,77.7
2025-06-30,paper-poster,product_type,78.3
2025-07-07,paper-poster,product_type,82.1
2025-07-14,paper-poster,product_type,80.8
2025-07-21,paper-poster,product_type,84.3
2025-07-28,paper-poster,product_type,81.6
2025-08-04,paper-poster,product_type,79.4
2025-08-11,paper-poster,product_type,82.2
2025-08-18,paper-poster,product_type,77.3
2025-08-25,paper-poster,product_type,75.2
2025-09-01,paper-poster,product_type,87.2
2025-09-08,paper-poster,product_type,88.6
2025-09-15,paper-poster,product_type,86.0
2025-09-22,paper-poster,product_type,84.8
2025-09-29,paper-poster,product_type,82.2
2025-10-06,paper-poster,product_type,104.2
2025-10-13,paper-poster,product_type,102.4
2025-10-20,paper-poster,product_type,102.1
2025-10-27,paper-poster,product_type,101.5
2025-11-03,paper-poster,product_type,130.8
2025-11-10,paper-poster,product_type,129.2
2025-11-17,paper-poster,product_type,133.7
2025-11-24,paper-poster,product_type,131.6
2025-12-01,paper-poster,product_type,151.6
2025-12-08,paper-poster,product_type,158.5
2025-12-15,paper-poster,product_type,153.6
2025-12-22,paper-poster,product_type,146.8
2025-12-29,paper-poster,product_type,152.9
2026-01-05,paper-poster,product_type,132.4
2026-01-12,paper-poster,product_type,135.3
2026-01-19,paper-poster,product_type,131.8
2026-01-26,paper-poster,product_type,137.8
2026-02-02,paper-poster,product_type,104.4
2026-02-09,paper-poster,product_type,104.2
2026-02-16,paper-poster,product_type,106.3
2026-02-23,paper-poster,product_type,105.9
2026-03-02,paper-poster,product_type,91.0
2026-03-09,paper-poster,product_type,91.0
2026-03-16,paper-poster,product_type,91.8
2026-03-23,paper-poster,product_type,93.1
2026-03-30,paper-poster,product_type,93.0
2026-04-06,paper-poster,product_type,92.8
2026-04-13,paper-poster,product_type,88.0
2026-04-20,paper-poster,product_type,90.5
2026-04-27,paper-poster,product_type,97.4
2026-05-04,paper-poster,product_type,89.8
2026-05-11,paper-poster,product_type,90.1
2026-05-18,paper-poster,product_type,86.6
2026-05-25,paper-poster,product_type,88.5
2026-06-01,paper-poster,product_type,90.5
2026-06-08,paper-poster,product_type,92.7
2026-06-15,paper-poster,product_type,93.2
2026-06-22,paper-poster,product_type,92.5
2026-06-29,paper-poster,product_type,94.1
2026-07-06,paper-poster,product_type,89.0
2026-07-13,paper-poster,product_type,93.7
2026-07-20,paper-poster,product_type,92.5
2026-07-27,paper-poster,product_type,93.0
2026-08-03,paper-poster,product_type,92.2
2026-08-10,paper-poster,product_type,90.6
2026-08-17,paper-poster,product_type,90.0
2024-08-26,metal-sign,product_type,72.5
2024-09-02,metal-sign,product_type,63.0
2024-09-09,metal-sign,product_type,61.2
2024-09-16,metal-sign,product_type,61.6
2024-09-23,metal-sign,product_type,59.5
2024-09-30,metal-sign,product_type,63.2
2024-10-07,metal-sign,product_type,59.8
2024-10-14,metal-sign,product_type,58.6
2024-10-21,metal-sign,product_type,62.3
2024-10-28,metal-sign,product_type,61.7
2024-11-04,metal-sign,product_type,55.0
2024-11-11,metal-sign,product_type,59.8
2024-11-18,metal-sign,product_type,56.8
2024-11-25,metal-sign,product_type,60.2
2024-12-02,metal-sign,product_type,50.4
2024-12-09,metal-sign,product_type,60.5
2024-12-16,metal-sign,product_type,62.1
2024-12-23,metal-sign,product_type,59.6
2024-12-30,metal-sign,product_type,56.5
2025-01-06,metal-sign,product_type,65.9
2025-01-13,metal-sign,product_type,63.6
2025-01-20,metal-sign,product_type,58.6
2025-01-27,metal-sign,product_type,59.5
2025-02-03,metal-sign,product_type,54.6
2025-02-10,metal-sign,product_type,62.0
2025-02-17,metal-sign,product_type,56.5
2025-02-24,metal-sign,product_type,62.7
2025-03-03,metal-sign,product_type,66.0
2025-03-10,metal-sign,product_type,62.8
2025-03-17,metal-sign,product_type,59.8
2025-03-24,metal-sign,product_type,66.8
2025-03-31,metal-sign,product_type,63.1
2025-04-07,metal-sign,product_type,73.9
2025-04-14,metal-sign,product_type,70.9
2025-04-21,metal-sign,product_type,74.3
2025-04-28,metal-sign,product_type,73.2
2025-05-05,metal-sign,product_type,91.9
2025-05-12,metal-sign,product_type,100.0
2025-05-19,metal-sign,product_type,101.4
2025-05-26,metal-sign,product_type,99.2
2025-06-02,metal-sign,product_type,112.7
2025-06-09,metal-sign,product_type,115.5
2025-06-16,metal-sign,product_type,107.2
2025-06-23,metal-sign,product_type,107.2
2025-06-30,metal-sign,product_type,109.3
2025-07-07,metal-sign,product_type,97.6
2025-07-14,metal-sign,product_type,95.9
2025-07-21,metal-sign,product_type,93.8
2025-07-28,metal-sign,product_type,96.9
2025-08-04,metal-sign,product_type,74.4
2025-08-11,metal-sign,product_type,77.3
2025-08-18,metal-sign,product_type,74.9
2025-08-25,metal-sign,product_type,69.2
2025-09-01,metal-sign,product_type,65.5
2025-09-08,metal-sign,product_type,69.2
2025-09-15,metal-sign,product_type,64.6
2025-09-22,metal-sign,product_type,67.5
2025-09-29,metal-sign,product_type,63.1
2025-10-06,metal-sign,product_type,64.1
2025-10-13,metal-sign,product_type,60.2
2025-10-20,metal-sign,product_type,61.8
2025-10-27,metal-sign,product_type,61.8
2025-11-03,metal-sign,product_type,63.8
2025-11-10,metal-sign,product_type,59.9
2025-11-17,metal-sign,product_type,58.1
2025-11-24,metal-sign,product_type,63.9
2025-12-01,metal-sign,product_type,63.9
2025-12-08,metal-sign,product_type,63.0
2025-12-15,metal-sign,product_type,65.5
2025-12-22,metal-sign,product_type,62.1
2025-12-29,metal-sign,product_type,63.6
2026-01-05,metal-sign,product_type,61.8
2026-01-12,metal-sign,product_type,62.1
2026-01-19,metal-sign,product_type,64.0
2026-01-26,metal-sign,product_type,69.8
2026-02-02,metal-sign,product_type,65.5
2026-02-09,metal-sign,product_type,65.0
2026-02-16,metal-sign,product_type,65.7
2026-02-23,metal-sign,product_type,56.4
2026-03-02,metal-sign,product_type,66.7
2026-03-09,metal-sign,product_type,68.6
2026-03-16,metal-sign,product_type,66.1
2026-03-23,metal-sign,product_type,65.8
2026-03-30,metal-sign,product_type,63.2
2026-04-06,metal-sign,product_type,75.6
2026-04-13,metal-sign,product_type,74.5
2026-04-20,metal-sign,product_type,80.1
2026-04-27,metal-sign,product_type,81.6
2026-05-04,metal-sign,product_type,106.1
2026-05-11,metal-sign,product_type,97.8
2026-05-18,metal-sign,product_type,98.4
2026-05-25,metal-sign,product_type,98.3
2026-06-01,metal-sign,product_type,112.0
2026-06-08,metal-sign,product_type,112.2
2026-06-15,metal-sign,product_type,113.7
2026-06-22,metal-sign,product_type,118.0
2026-06-29,metal-sign,product_type,113.3
2026-07-06,metal-sign,product_type,104.2
2026-07-13,metal-sign,product_type,105.2
2026-07-20,metal-sign,product_type,102.0
2026-07-27,metal-sign,product_type,104.9
2026-08-03,metal-sign,product_type,73.9
2026-08-10,metal-sign,product_type,76.4
2026-08-17,metal-sign,product_type,78.7
2024-08-26,wood-sign,product_type,42.5
2024-09-02,wood-sign,product_type,44.4
2024-09-09,wood-sign,product_type,37.1
2024-09-16,wood-sign,product_type,38.4
2024-09-23,wood-sign,product_type,39.7
2024-09-30,wood-sign,product_type,38.3
2024-10-07,wood-sign,product_type,36.5
2024-10-14,wood-sign,product_type,38.1
2024-10-21,wood-sign,product_type,38.7
2024-10-28,wood-sign,product_type,43.7
2024-11-04,wood-sign,product_type,36.2
2024-11-11,wood-sign,product_type,41.7
2024-11-18,wood-sign,product_type,43.0
2024-11-25,wood-sign,product_type,37.5
2024-12-02,wood-sign,product_type,39.8
2024-12-09,wood-sign,product_type,40.6
2024-12-16,wood-sign,product_type,40.1
2024-12-23,wood-sign,product_type,39.0
2024-12-30,wood-sign,product_type,36.7
2025-01-06,wood-sign,product_type,40.8
2025-01-13,wood-sign,product_type,37.6
2025-01-20,wood-sign,product_type,38.7
2025-01-27,wood-sign,product_type,39.1
2025-02-03,wood-sign,product_type,42.6
2025-02-10,wood-sign,product_type,45.7
2025-02-17,wood-sign,product_type,37.7
2025-02-24,wood-sign,product_type,40.0
2025-03-03,wood-sign,product_type,42.6
2025-03-10,wood-sign,product_type,51.4
2025-03-17,wood-sign,product_type,47.0
2025-03-24,wood-sign,product_type,45.8
2025-03-31,wood-sign,product_type,46.8
2025-04-07,wood-sign,product_type,62.2
2025-04-14,wood-sign,product_type,59.6
2025-04-21,wood-sign,product_type,65.2
2025-04-28,wood-sign,product_type,63.5
2025-05-05,wood-sign,product_type,73.3
2025-05-12,wood-sign,product_type,68.7
2025-05-19,wood-sign,product_type,68.4
2025-05-26,wood-sign,product_type,70.1
2025-06-02,wood-sign,product_type,63.3
2025-06-09,wood-sign,product_type,62.3
2025-06-16,wood-sign,product_type,58.3
2025-06-23,wood-sign,product_type,62.5
2025-06-30,wood-sign,product_type,57.5
2025-07-07,wood-sign,product_type,43.3
2025-07-14,wood-sign,product_type,45.7
2025-07-21,wood-sign,product_type,41.6
2025-07-28,wood-sign,product_type,42.1
2025-08-04,wood-sign,product_type,42.6
2025-08-11,wood-sign,product_type,42.0
2025-08-18,wood-sign,product_type,44.7
2025-08-25,wood-sign,product_type,39.1
2025-09-01,wood-sign,product_type,38.1
2025-09-08,wood-sign,product_type,35.6
2025-09-15,wood-sign,product_type,35.0
2025-09-22,wood-sign,product_type,38.6
2025-09-29,wood-sign,product_type,40.0
2025-10-06,wood-sign,product_type,38.0
2025-10-13,wood-sign,product_type,33.1
2025-10-20,wood-sign,product_type,36.7
2025-10-27,wood-sign,product_type,33.1
2025-11-03,wood-sign,product_type,34.4
2025-11-10,wood-sign,product_type,40.2
2025-11-17,wood-sign,product_type,31.6
2025-11-24,wood-sign,product_type,41.6
2025-12-01,wood-sign,product_type,36.7
2025-12-08,wood-sign,product_type,33.6
2025-12-15,wood-sign,product_type,35.1
2025-12-22,wood-sign,product_type,32.8
2025-12-29,wood-sign,product_type,33.1
2026-01-05,wood-sign,product_type,35.0
2026-01-12,wood-sign,product_type,33.7
2026-01-19,wood-sign,product_type,31.8
2026-01-26,wood-sign,product_type,33.9
2026-02-02,wood-sign,product_type,32.0
2026-02-09,wood-sign,product_type,32.0
2026-02-16,wood-sign,product_type,31.9
2026-02-23,wood-sign,product_type,40.7
2026-03-02,wood-sign,product_type,43.3
2026-03-09,wood-sign,product_type,43.8
2026-03-16,wood-sign,product_type,42.0
2026-03-23,wood-sign,product_type,43.4
2026-03-30,wood-sign,product_type,45.3
2026-04-06,wood-sign,product_type,56.6
2026-04-13,wood-sign,product_type,60.2
2026-04-20,wood-sign,product_type,55.0
2026-04-27,wood-sign,product_type,56.8
2026-05-04,wood-sign,product_type,65.5
2026-05-11,wood-sign,product_type,60.5
2026-05-18,wood-sign,product_type,63.2
2026-05-25,wood-sign,product_type,57.4
2026-06-01,wood-sign,product_type,54.0
2026-06-08,wood-sign,product_type,53.4
2026-06-15,wood-sign,product_type,53.1
2026-06-22,wood-sign,product_type,52.8
2026-06-29,wood-sign,product_type,55.4
2026-07-06,wood-sign,product_type,37.8
2026-07-13,wood-sign,product_type,45.9
2026-07-20,wood-sign,product_type,41.9
2026-07-27,wood-sign,product_type,37.7
2026-08-03,wood-sign,product_type,35.8
2026-08-10,wood-sign,product_type,36.7
2026-08-17,wood-sign,product_type,34.8
2024-08-26,neon-sign,product_type,56.1
2024-09-02,neon-sign,product_type,63.7
2024-09-09,neon-sign,product_type,58.9
2024-09-16,neon-sign,product_type,53.2
2024-09-23,neon-sign,product_type,57.5
2024-09-30,neon-sign,product_type,56.2
2024-10-07,neon-sign,product_type,56.6
2024-10-14,neon-sign,product_type,52.9
2024-10-21,neon-sign,product_type,56.6
2024-10-28,neon-sign,product_type,53.9
2024-11-04,neon-sign,product_type,55.3
2024-11-11,neon-sign,product_type,57.4
2024-11-18,neon-sign,product_type,54.8
2024-11-25,neon-sign,product_type,55.3
2024-12-02,neon-sign,product_type,58.6
2024-12-09,neon-sign,product_type,53.4
2024-12-16,neon-sign,product_type,54.1
2024-12-23,neon-sign,product_type,52.2
2024-12-30,neon-sign,product_type,53.4
2025-01-06,neon-sign,product_type,56.4
2025-01-13,neon-sign,product_type,57.9
2025-01-20,neon-sign,product_type,53.5
2025-01-27,neon-sign,product_type,57.7
2025-02-03,neon-sign,product_type,58.2
2025-02-10,neon-sign,product_type,53.6
2025-02-17,neon-sign,product_type,58.3
2025-02-24,neon-sign,product_type,61.3
2025-03-03,neon-sign,product_type,61.4
2025-03-10,neon-sign,product_type,73.0
2025-03-17,neon-sign,product_type,65.1
2025-03-24,neon-sign,product_type,62.0
2025-03-31,neon-sign,product_type,67.3
2025-04-07,neon-sign,product_type,89.2
2025-04-14,neon-sign,product_type,85.8
2025-04-21,neon-sign,product_type,87.5
2025-04-28,neon-sign,product_type,92.8
2025-05-05,neon-sign,product_type,99.5
2025-05-12,neon-sign,product_type,107.7
2025-05-19,neon-sign,product_type,102.5
2025-05-26,neon-sign,product_type,98.7
2025-06-02,neon-sign,product_type,86.9
2025-06-09,neon-sign,product_type,85.0
2025-06-16,neon-sign,product_type,86.6
2025-06-23,neon-sign,product_type,87.5
2025-06-30,neon-sign,product_type,84.5
2025-07-07,neon-sign,product_type,61.8
2025-07-14,neon-sign,product_type,69.8
2025-07-21,neon-sign,product_type,68.7
2025-07-28,neon-sign,product_type,61.5
2025-08-04,neon-sign,product_type,56.9
2025-08-11,neon-sign,product_type,59.4
2025-08-18,neon-sign,product_type,59.1
2025-08-25,neon-sign,product_type,54.1
2025-09-01,neon-sign,product_type,57.2
2025-09-08,neon-sign,product_type,54.2
2025-09-15,neon-sign,product_type,55.3
2025-09-22,neon-sign,product_type,51.3
2025-09-29,neon-sign,product_type,41.2
2025-10-06,neon-sign,product_type,51.4
2025-10-13,neon-sign,product_type,55.3
2025-10-20,neon-sign,product_type,53.0
2025-10-27,neon-sign,product_type,55.5
2025-11-03,neon-sign,product_type,56.8
2025-11-10,neon-sign,product_type,52.5
2025-11-17,neon-sign,product_type,52.1
2025-11-24,neon-sign,product_type,46.8
2025-12-01,neon-sign,product_type,48.7
2025-12-08,neon-sign,product_type,49.2
2025-12-15,neon-sign,product_type,54.9
2025-12-22,neon-sign,product_type,52.2
2025-12-29,neon-sign,product_type,51.5
2026-01-05,neon-sign,product_type,51.3
2026-01-12,neon-sign,product_type,50.9
2026-01-19,neon-sign,product_type,55.9
2026-01-26,neon-sign,product_type,53.4
2026-02-02,neon-sign,product_type,57.9
2026-02-09,neon-sign,product_type,48.3
2026-02-16,neon-sign,product_type,56.4
2026-02-23,neon-sign,product_type,53.3
2026-03-02,neon-sign,product_type,62.9
2026-03-09,neon-sign,product_type,67.7
2026-03-16,neon-sign,product_type,62.4
2026-03-23,neon-sign,product_type,65.0
2026-03-30,neon-sign,product_type,60.4
2026-04-06,neon-sign,product_type,82.4
2026-04-13,neon-sign,product_type,77.5
2026-04-20,neon-sign,product_type,82.0
2026-04-27,neon-sign,product_type,83.2
2026-05-04,neon-sign,product_type,97.1
2026-05-11,neon-sign,product_type,91.3
2026-05-18,neon-sign,product_type,92.0
2026-05-25,neon-sign,product_type,91.6
2026-06-01,neon-sign,product_type,80.9
2026-06-08,neon-sign,product_type,78.7
2026-06-15,neon-sign,product_type,75.0
2026-06-22,neon-sign,product_type,78.3
2026-06-29,neon-sign,product_type,81.2
2026-07-06,neon-sign,product_type,62.1
2026-07-13,neon-sign,product_type,64.1
2026-07-20,neon-sign,product_type,64.9
2026-07-27,neon-sign,product_type,61.0
2026-08-03,neon-sign,product_type,48.7
2026-08-10,neon-sign,product_type,54.6
2026-08-17,neon-sign,product_type,53.3
2024-08-26,acrylic-night-light,product_type,38.7
2024-09-02,acrylic-night-light,product_type,45.4
2024-09-09,acrylic-night-light,product_type,43.2
2024-09-16,acrylic-night-light,product_type,42.3
2024-09-23,acrylic-night-light,product_type,42.6
2024-09-30,acrylic-night-light,product_type,44.7
2024-10-07,acrylic-night-light,product_type,50.4
2024-10-14,acrylic-night-light,product_type,50.0
2024-10-21,acrylic-night-light,product_type,52.1
2024-10-28,acrylic-night-light,product_type,49.4
2024-11-04,acrylic-night-light,product_type,74.8
2024-11-11,acrylic-night-light,product_type,75.4
2024-11-18,acrylic-night-light,product_type,75.1
2024-11-25,acrylic-night-light,product_type,74.4
2024-12-02,acrylic-night-light,product_type,94.5
2024-12-09,acrylic-night-light,product_type,92.6
2024-12-16,acrylic-night-light,product_type,89.7
2024-12-23,acrylic-night-light,product_type,90.5
2024-12-30,acrylic-night-light,product_type,94.6
2025-01-06,acrylic-night-light,product_type,74.9
2025-01-13,acrylic-night-light,product_type,74.0
2025-01-20,acrylic-night-light,product_type,77.7
2025-01-27,acrylic-night-light,product_type,78.5
2025-02-03,acrylic-night-light,product_type,56.2
2025-02-10,acrylic-night-light,product_type,57.4
2025-02-17,acrylic-night-light,product_type,52.8
2025-02-24,acrylic-night-light,product_type,51.0
2025-03-03,acrylic-night-light,product_type,42.8
2025-03-10,acrylic-night-light,product_type,46.4
2025-03-17,acrylic-night-light,product_type,42.0
2025-03-24,acrylic-night-light,product_type,39.1
2025-03-31,acrylic-night-light,product_type,45.4
2025-04-07,acrylic-night-light,product_type,41.1
2025-04-14,acrylic-night-light,product_type,37.7
2025-04-21,acrylic-night-light,product_type,43.2
2025-04-28,acrylic-night-light,product_type,41.9
2025-05-05,acrylic-night-light,product_type,48.0
2025-05-12,acrylic-night-light,product_type,43.3
2025-05-19,acrylic-night-light,product_type,44.9
2025-05-26,acrylic-night-light,product_type,43.2
2025-06-02,acrylic-night-light,product_type,41.6
2025-06-09,acrylic-night-light,product_type,42.0
2025-06-16,acrylic-night-light,product_type,46.8
2025-06-23,acrylic-night-light,product_type,45.9
2025-06-30,acrylic-night-light,product_type,39.3
2025-07-07,acrylic-night-light,product_type,40.1
2025-07-14,acrylic-night-light,product_type,40.4
2025-07-21,acrylic-night-light,product_type,47.2
2025-07-28,acrylic-night-light,product_type,39.0
2025-08-04,acrylic-night-light,product_type,46.9
2025-08-11,acrylic-night-light,product_type,45.8
2025-08-18,acrylic-night-light,product_type,45.2
2025-08-25,acrylic-night-light,product_type,43.4
2025-09-01,acrylic-night-light,product_type,50.9
2025-09-08,acrylic-night-light,product_type,47.8
2025-09-15,acrylic-night-light,product_type,43.2
2025-09-22,acrylic-night-light,product_type,44.0
2025-09-29,acrylic-night-light,product_type,42.8
2025-10-06,acrylic-night-light,product_type,63.1
2025-10-13,acrylic-night-light,product_type,63.9
2025-10-20,acrylic-night-light,product_type,63.0
2025-10-27,acrylic-night-light,product_type,59.4
2025-11-03,acrylic-night-light,product_type,80.5
2025-11-10,acrylic-night-light,product_type,81.8
2025-11-17,acrylic-night-light,product_type,82.2
2025-11-24,acrylic-night-light,product_type,85.2
2025-12-01,acrylic-night-light,product_type,105.3
2025-12-08,acrylic-night-light,product_type,105.6
2025-12-15,acrylic-night-light,product_type,100.2
2025-12-22,acrylic-night-light,product_type,95.1
2025-12-29,acrylic-night-light,product_type,98.6
2026-01-05,acrylic-night-light,product_type,90.1
2026-01-12,acrylic-night-light,product_type,87.4
2026-01-19,acrylic-night-light,product_type,85.8
2026-01-26,acrylic-night-light,product_type,85.8
2026-02-02,acrylic-night-light,product_type,59.5
2026-02-09,acrylic-night-light,product_type,58.3
2026-02-16,acrylic-night-light,product_type,68.2
2026-02-23,acrylic-night-light,product_type,67.3
2026-03-02,acrylic-night-light,product_type,47.7
2026-03-09,acrylic-night-light,product_type,45.0
2026-03-16,acrylic-night-light,product_type,50.9
2026-03-23,acrylic-night-light,product_type,50.0
2026-03-30,acrylic-night-light,product_type,52.5
2026-04-06,acrylic-night-light,product_type,50.7
2026-04-13,acrylic-night-light,product_type,44.7
2026-04-20,acrylic-night-light,product_type,52.2
2026-04-27,acrylic-night-light,product_type,47.4
2026-05-04,acrylic-night-light,product_type,50.1
2026-05-11,acrylic-night-light,product_type,47.5
2026-05-18,acrylic-night-light,product_type,51.2
2026-05-25,acrylic-night-light,product_type,41.4
2026-06-01,acrylic-night-light,product_type,50.9
2026-06-08,acrylic-night-light,product_type,46.2
2026-06-15,acrylic-night-light,product_type,49.1
2026-06-22,acrylic-night-light,product_type,52.7
2026-06-29,acrylic-night-light,product_type,46.6
2026-07-06,acrylic-night-light,product_type,46.3
2026-07-13,acrylic-night-light,product_type,48.1
2026-07-20,acrylic-night-light,product_type,48.0
2026-07-27,acrylic-night-light,product_type,46.3
2026-08-03,acrylic-night-light,product_type,50.2
2026-08-10,acrylic-night-light,product_type,50.4
2026-08-17,acrylic-night-light,product_type,51.4
2024-08-26,wood-photo-frame,product_type,71.0
2024-09-02,wood-photo-frame,product_type,67.0
2024-09-09,wood-photo-frame,product_type,69.0
2024-09-16,wood-photo-frame,product_type,68.2
2024-09-23,wood-photo-frame,product_type,67.8
2024-09-30,wood-photo-frame,product_type,65.8
2024-10-07,wood-photo-frame,product_type,68.1
2024-10-14,wood-photo-frame,product_type,63.8
2024-10-21,wood-photo-frame,product_type,65.8
2024-10-28,wood-photo-frame,product_type,64.8
2024-11-04,wood-photo-frame,product_type,65.1
2024-11-11,wood-photo-frame,product_type,68.3
2024-11-18,wood-photo-frame,product_type,60.3
2024-11-25,wood-photo-frame,product_type,56.6
2024-12-02,wood-photo-frame,product_type,61.5
2024-12-09,wood-photo-frame,product_type,59.4
2024-12-16,wood-photo-frame,product_type,53.3
2024-12-23,wood-photo-frame,product_type,67.1
2024-12-30,wood-photo-frame,product_type,63.1
2025-01-06,wood-photo-frame,product_type,63.2
2025-01-13,wood-photo-frame,product_type,59.9
2025-01-20,wood-photo-frame,product_type,61.5
2025-01-27,wood-photo-frame,product_type,58.5
2025-02-03,wood-photo-frame,product_type,64.4
2025-02-10,wood-photo-frame,product_type,62.0
2025-02-17,wood-photo-frame,product_type,60.9
2025-02-24,wood-photo-frame,product_type,60.6
2025-03-03,wood-photo-frame,product_type,76.6
2025-03-10,wood-photo-frame,product_type,72.1
2025-03-17,wood-photo-frame,product_type,67.9
2025-03-24,wood-photo-frame,product_type,71.4
2025-03-31,wood-photo-frame,product_type,71.2
2025-04-07,wood-photo-frame,product_type,93.5
2025-04-14,wood-photo-frame,product_type,93.0
2025-04-21,wood-photo-frame,product_type,89.1
2025-04-28,wood-photo-frame,product_type,91.8
2025-05-05,wood-photo-frame,product_type,102.0
2025-05-12,wood-photo-frame,product_type,103.9
2025-05-19,wood-photo-frame,product_type,101.7
2025-05-26,wood-photo-frame,product_type,105.7
2025-06-02,wood-photo-frame,product_type,92.0
2025-06-09,wood-photo-frame,product_type,83.1
2025-06-16,wood-photo-frame,product_type,85.7
2025-06-23,wood-photo-frame,product_type,84.0
2025-06-30,wood-photo-frame,product_type,85.5
2025-07-07,wood-photo-frame,product_type,61.6
2025-07-14,wood-photo-frame,product_type,59.5
2025-07-21,wood-photo-frame,product_type,60.4
2025-07-28,wood-photo-frame,product_type,58.9
2025-08-04,wood-photo-frame,product_type,53.7
2025-08-11,wood-photo-frame,product_type,46.0
2025-08-18,wood-photo-frame,product_type,48.7
2025-08-25,wood-photo-frame,product_type,48.9
2025-09-01,wood-photo-frame,product_type,46.2
2025-09-08,wood-photo-frame,product_type,43.5
2025-09-15,wood-photo-frame,product_type,48.1
2025-09-22,wood-photo-frame,product_type,37.2
2025-09-29,wood-photo-frame,product_type,39.7
2025-10-06,wood-photo-frame,product_type,44.3
2025-10-13,wood-photo-frame,product_type,39.2
2025-10-20,wood-photo-frame,product_type,38.5
2025-10-27,wood-photo-frame,product_type,39.5
2025-11-03,wood-photo-frame,product_type,38.0
2025-11-10,wood-photo-frame,product_type,41.8
2025-11-17,wood-photo-frame,product_type,42.1
2025-11-24,wood-photo-frame,product_type,39.2
2025-12-01,wood-photo-frame,product_type,41.6
2025-12-08,wood-photo-frame,product_type,33.8
2025-12-15,wood-photo-frame,product_type,37.7
2025-12-22,wood-photo-frame,product_type,41.1
2025-12-29,wood-photo-frame,product_type,39.5
2026-01-05,wood-photo-frame,product_type,40.6
2026-01-12,wood-photo-frame,product_type,34.0
2026-01-19,wood-photo-frame,product_type,38.1
2026-01-26,wood-photo-frame,product_type,33.5
2026-02-02,wood-photo-frame,product_type,37.7
2026-02-09,wood-photo-frame,product_type,39.3
2026-02-16,wood-photo-frame,product_type,32.5
2026-02-23,wood-photo-frame,product_type,28.8
2026-03-02,wood-photo-frame,product_type,46.3
2026-03-09,wood-photo-frame,product_type,41.6
2026-03-16,wood-photo-frame,product_type,39.3
2026-03-23,wood-photo-frame,product_type,38.5
2026-03-30,wood-photo-frame,product_type,32.1
2026-04-06,wood-photo-frame,product_type,51.9
2026-04-13,wood-photo-frame,product_type,48.9
2026-04-20,wood-photo-frame,product_type,49.8
2026-04-27,wood-photo-frame,product_type,48.9
2026-05-04,wood-photo-frame,product_type,45.8
2026-05-11,wood-photo-frame,product_type,56.5
2026-05-18,wood-photo-frame,product_type,54.6
2026-05-25,wood-photo-frame,product_type,54.0
2026-06-01,wood-photo-frame,product_type,44.2
2026-06-08,wood-photo-frame,product_type,44.1
2026-06-15,wood-photo-frame,product_type,43.6
2026-06-22,wood-photo-frame,product_type,43.1
2026-06-29,wood-photo-frame,product_type,42.9
2026-07-06,wood-photo-frame,product_type,30.8
2026-07-13,wood-photo-frame,product_type,34.9
2026-07-20,wood-photo-frame,product_type,26.5
2026-07-27,wood-photo-frame,product_type,27.0
2026-08-03,wood-photo-frame,product_type,27.9
2026-08-10,wood-photo-frame,product_type,21.9
2026-08-17,wood-photo-frame,product_type,24.6
2024-08-26,acrylic-keychain,product_type,49.8
2024-09-02,acrylic-keychain,product_type,50.3
2024-09-09,acrylic-keychain,product_type,54.0
2024-09-16,acrylic-keychain,product_type,52.6
2024-09-23,acrylic-keychain,product_type,46.5
2024-09-30,acrylic-keychain,product_type,51.7
2024-10-07,acrylic-keychain,product_type,55.6
2024-10-14,acrylic-keychain,product_type,62.4
2024-10-21,acrylic-keychain,product_type,63.9
2024-10-28,acrylic-keychain,product_type,64.3
2024-11-04,acrylic-keychain,product_type,75.5
2024-11-11,acrylic-keychain,product_type,73.1
2024-11-18,acrylic-keychain,product_type,75.6
2024-11-25,acrylic-keychain,product_type,71.8
2024-12-02,acrylic-keychain,product_type,91.6
2024-12-09,acrylic-keychain,product_type,88.2
2024-12-16,acrylic-keychain,product_type,85.6
2024-12-23,acrylic-keychain,product_type,87.7
2024-12-30,acrylic-keychain,product_type,83.3
2025-01-06,acrylic-keychain,product_type,71.6
2025-01-13,acrylic-keychain,product_type,68.4
2025-01-20,acrylic-keychain,product_type,75.3
2025-01-27,acrylic-keychain,product_type,74.5
2025-02-03,acrylic-keychain,product_type,60.9
2025-02-10,acrylic-keychain,product_type,59.4
2025-02-17,acrylic-keychain,product_type,60.8
2025-02-24,acrylic-keychain,product_type,61.9
2025-03-03,acrylic-keychain,product_type,47.6
2025-03-10,acrylic-keychain,product_type,54.6
2025-03-17,acrylic-keychain,product_type,50.8
2025-03-24,acrylic-keychain,product_type,53.6
2025-03-31,acrylic-keychain,product_type,55.2
2025-04-07,acrylic-keychain,product_type,53.6
2025-04-14,acrylic-keychain,product_type,51.0
2025-04-21,acrylic-keychain,product_type,51.2
2025-04-28,acrylic-keychain,product_type,53.3
2025-05-05,acrylic-keychain,product_type,46.0
2025-05-12,acrylic-keychain,product_type,47.7
2025-05-19,acrylic-keychain,product_type,49.8
2025-05-26,acrylic-keychain,product_type,46.7
2025-06-02,acrylic-keychain,product_type,49.9
2025-06-09,acrylic-keychain,product_type,49.7
2025-06-16,acrylic-keychain,product_type,51.0
2025-06-23,acrylic-keychain,product_type,50.6
2025-06-30,acrylic-keychain,product_type,54.0
2025-07-07,acrylic-keychain,product_type,52.6
2025-07-14,acrylic-keychain,product_type,50.7
2025-07-21,acrylic-keychain,product_type,49.9
2025-07-28,acrylic-keychain,product_type,50.8
2025-08-04,acrylic-keychain,product_type,51.1
2025-08-11,acrylic-keychain,product_type,58.8
2025-08-18,acrylic-keychain,product_type,46.9
2025-08-25,acrylic-keychain,product_type,48.5
2025-09-01,acrylic-keychain,product_type,49.7
2025-09-08,acrylic-keychain,product_type,53.8
2025-09-15,acrylic-keychain,product_type,53.7
2025-09-22,acrylic-keychain,product_type,51.3
2025-09-29,acrylic-keychain,product_type,55.8
2025-10-06,acrylic-keychain,product_type,62.0
2025-10-13,acrylic-keychain,product_type,63.7
2025-10-20,acrylic-keychain,product_type,64.5
2025-10-27,acrylic-keychain,product_type,54.6
2025-11-03,acrylic-keychain,product_type,79.4
2025-11-10,acrylic-keychain,product_type,73.5
2025-11-17,acrylic-keychain,product_type,78.2
2025-11-24,acrylic-keychain,product_type,77.3
2025-12-01,acrylic-keychain,product_type,87.7
2025-12-08,acrylic-keychain,product_type,84.2
2025-12-15,acrylic-keychain,product_type,91.0
2025-12-22,acrylic-keychain,product_type,84.1
2025-12-29,acrylic-keychain,product_type,90.3
2026-01-05,acrylic-keychain,product_type,73.5
2026-01-12,acrylic-keychain,product_type,77.8
2026-01-19,acrylic-keychain,product_type,83.4
2026-01-26,acrylic-keychain,product_type,85.1
2026-02-02,acrylic-keychain,product_type,56.7
2026-02-09,acrylic-keychain,product_type,59.5
2026-02-16,acrylic-keychain,product_type,60.1
2026-02-23,acrylic-keychain,product_type,68.5
2026-03-02,acrylic-keychain,product_type,53.7
2026-03-09,acrylic-keychain,product_type,57.2
2026-03-16,acrylic-keychain,product_type,54.9
2026-03-23,acrylic-keychain,product_type,50.5
2026-03-30,acrylic-keychain,product_type,48.5
2026-04-06,acrylic-keychain,product_type,50.6
2026-04-13,acrylic-keychain,product_type,59.4
2026-04-20,acrylic-keychain,product_type,53.3
2026-04-27,acrylic-keychain,product_type,55.7
2026-05-04,acrylic-keychain,product_type,48.2
2026-05-11,acrylic-keychain,product_type,51.5
2026-05-18,acrylic-keychain,product_type,54.9
2026-05-25,acrylic-keychain,product_type,49.3
2026-06-01,acrylic-keychain,product_type,52.4
2026-06-08,acrylic-keychain,product_type,50.0
2026-06-15,acrylic-keychain,product_type,55.1
2026-06-22,acrylic-keychain,product_type,53.9
2026-06-29,acrylic-keychain,product_type,54.8
2026-07-06,acrylic-keychain,product_type,55.4
2026-07-13,acrylic-keychain,product_type,52.1
2026-07-20,acrylic-keychain,product_type,55.9
2026-07-27,acrylic-keychain,product_type,51.1
2026-08-03,acrylic-keychain,product_type,55.0
2026-08-10,acrylic-keychain,product_type,47.2
2026-08-17,acrylic-keychain,product_type,50.9
2024-08-26,metal-keychain,product_type,64.2
2024-09-02,metal-keychain,product_type,51.0
2024-09-09,metal-keychain,product_type,51.1
2024-09-16,metal-keychain,product_type,46.9
2024-09-23,metal-keychain,product_type,46.1
2024-09-30,metal-keychain,product_type,48.7
2024-10-07,metal-keychain,product_type,47.6
2024-10-14,metal-keychain,product_type,53.6
2024-10-21,metal-keychain,product_type,51.0
2024-10-28,metal-keychain,product_type,48.3
2024-11-04,metal-keychain,product_type,48.1
2024-11-11,metal-keychain,product_type,50.2
2024-11-18,metal-keychain,product_type,44.0
2024-11-25,metal-keychain,product_type,42.3
2024-12-02,metal-keychain,product_type,50.3
2024-12-09,metal-keychain,product_type,48.4
2024-12-16,metal-keychain,product_type,44.3
2024-12-23,metal-keychain,product_type,42.0
2024-12-30,metal-keychain,product_type,51.0
2025-01-06,metal-keychain,product_type,46.8
2025-01-13,metal-keychain,product_type,49.7
2025-01-20,metal-keychain,product_type,47.7
2025-01-27,metal-keychain,product_type,48.5
2025-02-03,metal-keychain,product_type,47.1
2025-02-10,metal-keychain,product_type,48.7
2025-02-17,metal-keychain,product_type,50.7
2025-02-24,metal-keychain,product_type,48.2
2025-03-03,metal-keychain,product_type,49.9
2025-03-10,metal-keychain,product_type,52.7
2025-03-17,metal-keychain,product_type,53.0
2025-03-24,metal-keychain,product_type,47.6
2025-03-31,metal-keychain,product_type,51.0
2025-04-07,metal-keychain,product_type,58.0
2025-04-14,metal-keychain,product_type,59.7
2025-04-21,metal-keychain,product_type,64.0
2025-04-28,metal-keychain,product_type,60.9
2025-05-05,metal-keychain,product_type,84.3
2025-05-12,metal-keychain,product_type,78.5
2025-05-19,metal-keychain,product_type,77.5
2025-05-26,metal-keychain,product_type,78.0
2025-06-02,metal-keychain,product_type,89.9
2025-06-09,metal-keychain,product_type,90.5
2025-06-16,metal-keychain,product_type,86.7
2025-06-23,metal-keychain,product_type,89.1
2025-06-30,metal-keychain,product_type,87.7
2025-07-07,metal-keychain,product_type,81.7
2025-07-14,metal-keychain,product_type,73.0
2025-07-21,metal-keychain,product_type,79.3
2025-07-28,metal-keychain,product_type,74.4
2025-08-04,metal-keychain,product_type,62.1
2025-08-11,metal-keychain,product_type,59.7
2025-08-18,metal-keychain,product_type,55.5
2025-08-25,metal-keychain,product_type,63.9
2025-09-01,metal-keychain,product_type,45.0
2025-09-08,metal-keychain,product_type,52.5
2025-09-15,metal-keychain,product_type,54.7
2025-09-22,metal-keychain,product_type,56.8
2025-09-29,metal-keychain,product_type,47.9
2025-10-06,metal-keychain,product_type,49.4
2025-10-13,metal-keychain,product_type,54.3
2025-10-20,metal-keychain,product_type,54.6
2025-10-27,metal-keychain,product_type,55.0
2025-11-03,metal-keychain,product_type,58.7
2025-11-10,metal-keychain,product_type,49.6
2025-11-17,metal-keychain,product_type,52.3
2025-11-24,metal-keychain,product_type,50.2
2025-12-01,metal-keychain,product_type,45.4
2025-12-08,metal-keychain,product_type,51.1
2025-12-15,metal-keychain,product_type,45.4
2025-12-22,metal-keychain,product_type,49.9
2025-12-29,metal-keychain,product_type,47.1
2026-01-05,metal-keychain,product_type,52.9
2026-01-12,metal-keychain,product_type,49.3
2026-01-19,metal-keychain,product_type,46.4
2026-01-26,metal-keychain,product_type,54.4
2026-02-02,metal-keychain,product_type,50.2
2026-02-09,metal-keychain,product_type,50.8
2026-02-16,metal-keychain,product_type,49.2
2026-02-23,metal-keychain,product_type,55.7
2026-03-02,metal-keychain,product_type,55.0
2026-03-09,metal-keychain,product_type,52.4
2026-03-16,metal-keychain,product_type,48.5
2026-03-23,metal-keychain,product_type,61.9
2026-03-30,metal-keychain,product_type,60.3
2026-04-06,metal-keychain,product_type,67.8
2026-04-13,metal-keychain,product_type,61.4
2026-04-20,metal-keychain,product_type,62.1
2026-04-27,metal-keychain,product_type,64.9
2026-05-04,metal-keychain,product_type,80.1
2026-05-11,metal-keychain,product_type,79.9
2026-05-18,metal-keychain,product_type,87.3
2026-05-25,metal-keychain,product_type,82.9
2026-06-01,metal-keychain,product_type,91.8
2026-06-08,metal-keychain,product_type,98.1
2026-06-15,metal-keychain,product_type,93.7
2026-06-22,metal-keychain,product_type,89.6
2026-06-29,metal-keychain,product_type,92.2
2026-07-06,metal-keychain,product_type,82.1
2026-07-13,metal-keychain,product_type,84.4
2026-07-20,metal-keychain,product_type,84.3
2026-07-27,metal-keychain,product_type,87.6
2026-08-03,metal-keychain,product_type,64.0
2026-08-10,metal-keychain,product_type,63.4
2026-08-17,metal-keychain,product_type,68.6
2024-08-26,leather-keychain,product_type,53.3
2024-09-02,leather-keychain,product_type,42.5
2024-09-09,leather-keychain,product_type,44.0
2024-09-16,leather-keychain,product_type,41.6
2024-09-23,leather-keychain,product_type,39.5
2024-09-30,leather-keychain,product_type,49.5
2024-10-07,leather-keychain,product_type,39.7
2024-10-14,leather-keychain,product_type,42.1
2024-10-21,leather-keychain,product_type,36.6
2024-10-28,leather-keychain,product_type,43.3
2024-11-04,leather-keychain,product_type,37.2
2024-11-11,leather-keychain,product_type,45.8
2024-11-18,leather-keychain,product_type,46.1
2024-11-25,leather-keychain,product_type,42.3
2024-12-02,leather-keychain,product_type,40.9
2024-12-09,leather-keychain,product_type,39.9
2024-12-16,leather-keychain,product_type,40.3
2024-12-23,leather-keychain,product_type,41.6
2024-12-30,leather-keychain,product_type,40.5
2025-01-06,leather-keychain,product_type,43.1
2025-01-13,leather-keychain,product_type,37.3
2025-01-20,leather-keychain,product_type,44.6
2025-01-27,leather-keychain,product_type,38.7
2025-02-03,leather-keychain,product_type,37.8
2025-02-10,leather-keychain,product_type,41.0
2025-02-17,leather-keychain,product_type,41.2
2025-02-24,leather-keychain,product_type,34.6
2025-03-03,leather-keychain,product_type,39.7
2025-03-10,leather-keychain,product_type,34.6
2025-03-17,leather-keychain,product_type,39.0
2025-03-24,leather-keychain,product_type,39.0
2025-03-31,leather-keychain,product_type,41.7
2025-04-07,leather-keychain,product_type,45.1
2025-04-14,leather-keychain,product_type,45.7
2025-04-21,leather-keychain,product_type,51.2
2025-04-28,leather-keychain,product_type,53.4
2025-05-05,leather-keychain,product_type,58.4
2025-05-12,leather-keychain,product_type,64.1
2025-05-19,leather-keychain,product_type,62.1
2025-05-26,leather-keychain,product_type,55.6
2025-06-02,leather-keychain,product_type,67.1
2025-06-09,leather-keychain,product_type,60.3
2025-06-16,leather-keychain,product_type,70.2
2025-06-23,leather-keychain,product_type,65.8
2025-06-30,leather-keychain,product_type,69.3
2025-07-07,leather-keychain,product_type,67.8
2025-07-14,leather-keychain,product_type,64.8
2025-07-21,leather-keychain,product_type,57.6
2025-07-28,leather-keychain,product_type,56.7
2025-08-04,leather-keychain,product_type,49.8
2025-08-11,leather-keychain,product_type,42.8
2025-08-18,leather-keychain,product_type,48.7
2025-08-25,leather-keychain,product_type,53.9
2025-09-01,leather-keychain,product_type,41.2
2025-09-08,leather-keychain,product_type,42.6
2025-09-15,leather-keychain,product_type,42.2
2025-09-22,leather-keychain,product_type,37.2
2025-09-29,leather-keychain,product_type,39.7
2025-10-06,leather-keychain,product_type,34.5
2025-10-13,leather-keychain,product_type,41.2
2025-10-20,leather-keychain,product_type,34.0
2025-10-27,leather-keychain,product_type,39.3
2025-11-03,leather-keychain,product_type,40.3
2025-11-10,leather-keychain,product_type,35.4
2025-11-17,leather-keychain,product_type,34.6
2025-11-24,leather-keychain,product_type,36.2
2025-12-01,leather-keychain,product_type,34.0
2025-12-08,leather-keychain,product_type,37.0
2025-12-15,leather-keychain,product_type,33.8
2025-12-22,leather-keychain,product_type,33.9
2025-12-29,leather-keychain,product_type,38.0
2026-01-05,leather-keychain,product_type,38.1
2026-01-12,leather-keychain,product_type,35.3
2026-01-19,leather-keychain,product_type,31.2
2026-01-26,leather-keychain,product_type,39.6
2026-02-02,leather-keychain,product_type,34.8
2026-02-09,leather-keychain,product_type,42.2
2026-02-16,leather-keychain,product_type,35.6
2026-02-23,leather-keychain,product_type,36.3
2026-03-02,leather-keychain,product_type,35.8
2026-03-09,leather-keychain,product_type,37.8
2026-03-16,leather-keychain,product_type,47.4
2026-03-23,leather-keychain,product_type,35.8
2026-03-30,leather-keychain,product_type,40.6
2026-04-06,leather-keychain,product_type,43.0
2026-04-13,leather-keychain,product_type,46.2
2026-04-20,leather-keychain,product_type,36.8
2026-04-27,leather-keychain,product_type,48.3
2026-05-04,leather-keychain,product_type,56.1
2026-05-11,leather-keychain,product_type,54.1
2026-05-18,leather-keychain,product_type,57.5
2026-05-25,leather-keychain,product_type,55.1
2026-06-01,leather-keychain,product_type,59.0
2026-06-08,leather-keychain,product_type,55.1
2026-06-15,leather-keychain,product_type,67.7
2026-06-22,leather-keychain,product_type,61.4
2026-06-29,leather-keychain,product_type,60.1
2026-07-06,leather-keychain,product_type,52.4
2026-07-13,leather-keychain,product_type,58.3
2026-07-20,leather-keychain,product_type,52.3
2026-07-27,leather-keychain,product_type,55.6
2026-08-03,leather-keychain,product_type,40.2
2026-08-10,leather-keychain,product_type,37.4
2026-08-17,leather-keychain,product_type,43.7
2024-08-26,garden-stone,product_type,77.2
2024-09-02,garden-stone,product_type,68.5
2024-09-09,garden-stone,product_type,70.6
2024-09-16,garden-stone,product_type,71.2
2024-09-23,garden-stone,product_type,72.5
2024-09-30,garden-stone,product_type,77.3
2024-10-07,garden-stone,product_type,70.2
2024-10-14,garden-stone,product_type,70.4
2024-10-21,garden-stone,product_type,71.1
2024-10-28,garden-stone,product_type,69.0
2024-11-04,garden-stone,product_type,66.9
2024-11-11,garden-stone,product_type,72.6
2024-11-18,garden-stone,product_type,74.0
2024-11-25,garden-stone,product_type,72.6
2024-12-02,garden-stone,product_type,72.6
2024-12-09,garden-stone,product_type,70.3
2024-12-16,garden-stone,product_type,74.0
2024-12-23,garden-stone,product_type,73.9
2024-12-30,garden-stone,product_type,75.1
2025-01-06,garden-stone,product_type,75.2
2025-01-13,garden-stone,product_type,75.6
2025-01-20,garden-stone,product_type,78.6
2025-01-27,garden-stone,product_type,76.5
2025-02-03,garden-stone,product_type,80.2
2025-02-10,garden-stone,product_type,73.7
2025-02-17,garden-stone,product_type,82.3
2025-02-24,garden-stone,product_type,78.5
2025-03-03,garden-stone,product_type,97.6
2025-03-10,garden-stone,product_type,93.8
2025-03-17,garden-stone,product_type,104.1
2025-03-24,garden-stone,product_type,90.7
2025-03-31,garden-stone,product_type,102.8
2025-04-07,garden-stone,product_type,138.0
2025-04-14,garden-stone,product_type,131.4
2025-04-21,garden-stone,product_type,143.5
2025-04-28,garden-stone,product_type,139.3
2025-05-05,garden-stone,product_type,155.2
2025-05-12,garden-stone,product_type,161.4
2025-05-19,garden-stone,product_type,164.7
2025-05-26,garden-stone,product_type,168.7
2025-06-02,garden-stone,product_type,138.4
2025-06-09,garden-stone,product_type,132.0
2025-06-16,garden-stone,product_type,144.7
2025-06-23,garden-stone,product_type,142.2
2025-06-30,garden-stone,product_type,134.3
2025-07-07,garden-stone,product_type,103.0
2025-07-14,garden-stone,product_type,103.6
2025-07-21,garden-stone,product_type,101.6
2025-07-28,garden-stone,product_type,100.3
2025-08-04,garden-stone,product_type,82.5
2025-08-11,garden-stone,product_type,83.5
2025-08-18,garden-stone,product_type,85.8
2025-08-25,garden-stone,product_type,87.3
2025-09-01,garden-stone,product_type,74.7
2025-09-08,garden-stone,product_type,82.1
2025-09-15,garden-stone,product_type,83.0
2025-09-22,garden-stone,product_type,82.2
2025-09-29,garden-stone,product_type,80.7
2025-10-06,garden-stone,product_type,86.0
2025-10-13,garden-stone,product_type,85.9
2025-10-20,garden-stone,product_type,81.0
2025-10-27,garden-stone,product_type,82.1
2025-11-03,garden-stone,product_type,84.8
2025-11-10,garden-stone,product_type,86.6
2025-11-17,garden-stone,product_type,80.5
2025-11-24,garden-stone,product_type,80.0
2025-12-01,garden-stone,product_type,84.1
2025-12-08,garden-stone,product_type,80.2
2025-12-15,garden-stone,product_type,77.9
2025-12-22,garden-stone,product_type,81.5
2025-12-29,garden-stone,product_type,85.4
2026-01-05,garden-stone,product_type,89.4
2026-01-12,garden-stone,product_type,82.8
2026-01-19,garden-stone,product_type,84.8
2026-01-26,garden-stone,product_type,85.8
2026-02-02,garden-stone,product_type,87.9
2026-02-09,garden-stone,product_type,87.9
2026-02-16,garden-stone,product_type,91.3
2026-02-23,garden-stone,product_type,86.9
2026-03-02,garden-stone,product_type,108.6
2026-03-09,garden-stone,product_type,110.5
2026-03-16,garden-stone,product_type,112.4
2026-03-23,garden-stone,product_type,107.1
2026-03-30,garden-stone,product_type,111.5
2026-04-06,garden-stone,product_type,151.6
2026-04-13,garden-stone,product_type,153.8
2026-04-20,garden-stone,product_type,158.6
2026-04-27,garden-stone,product_type,156.3
2026-05-04,garden-stone,product_type,189.3
2026-05-11,garden-stone,product_type,184.5
2026-05-18,garden-stone,product_type,188.1
2026-05-25,garden-stone,product_type,188.0
2026-06-01,garden-stone,product_type,158.3
2026-06-08,garden-stone,product_type,154.8
2026-06-15,garden-stone,product_type,158.8
2026-06-22,garden-stone,product_type,157.9
2026-06-29,garden-stone,product_type,158.1
2026-07-06,garden-stone,product_type,116.0
2026-07-13,garden-stone,product_type,111.5
2026-07-20,garden-stone,product_type,113.5
2026-07-27,garden-stone,product_type,113.3
2026-08-03,garden-stone,product_type,94.6
2026-08-10,garden-stone,product_type,93.3
2026-08-17,garden-stone,product_type,93.7
2024-08-26,wind-chime,product_type,50.5
2024-09-02,wind-chime,product_type,46.6
2024-09-09,wind-chime,product_type,48.0
2024-09-16,wind-chime,product_type,44.7
2024-09-23,wind-chime,product_type,45.7
2024-09-30,wind-chime,product_type,54.3
2024-10-07,wind-chime,product_type,45.9
2024-10-14,wind-chime,product_type,41.8
2024-10-21,wind-chime,product_type,49.2
2024-10-28,wind-chime,product_type,46.1
2024-11-04,wind-chime,product_type,49.0
2024-11-11,wind-chime,product_type,48.0
2024-11-18,wind-chime,product_type,50.0
2024-11-25,wind-chime,product_type,48.1
2024-12-02,wind-chime,product_type,47.8
2024-12-09,wind-chime,product_type,52.0
2024-12-16,wind-chime,product_type,41.9
2024-12-23,wind-chime,product_type,44.7
2024-12-30,wind-chime,product_type,46.2
2025-01-06,wind-chime,product_type,43.9
2025-01-13,wind-chime,product_type,47.6
2025-01-20,wind-chime,product_type,47.4
2025-01-27,wind-chime,product_type,52.1
2025-02-03,wind-chime,product_type,51.2
2025-02-10,wind-chime,product_type,50.9
2025-02-17,wind-chime,product_type,50.4
2025-02-24,wind-chime,product_type,48.5
2025-03-03,wind-chime,product_type,64.9
2025-03-10,wind-chime,product_type,65.9
2025-03-17,wind-chime,product_type,58.7
2025-03-24,wind-chime,product_type,67.3
2025-03-31,wind-chime,product_type,60.5
2025-04-07,wind-chime,product_type,82.8
2025-04-14,wind-chime,product_type,86.5
2025-04-21,wind-chime,product_type,86.9
2025-04-28,wind-chime,product_type,85.1
2025-05-05,wind-chime,product_type,98.5
2025-05-12,wind-chime,product_type,103.1
2025-05-19,wind-chime,product_type,97.9
2025-05-26,wind-chime,product_type,99.6
2025-06-02,wind-chime,product_type,90.9
2025-06-09,wind-chime,product_type,81.9
2025-06-16,wind-chime,product_type,84.6
2025-06-23,wind-chime,product_type,89.2
2025-06-30,wind-chime,product_type,87.8
2025-07-07,wind-chime,product_type,66.2
2025-07-14,wind-chime,product_type,59.6
2025-07-21,wind-chime,product_type,64.6
2025-07-28,wind-chime,product_type,62.9
2025-08-04,wind-chime,product_type,59.8
2025-08-11,wind-chime,product_type,55.5
2025-08-18,wind-chime,product_type,53.1
2025-08-25,wind-chime,product_type,54.1
2025-09-01,wind-chime,product_type,51.1
2025-09-08,wind-chime,product_type,53.1
2025-09-15,wind-chime,product_type,48.5
2025-09-22,wind-chime,product_type,55.2
2025-09-29,wind-chime,product_type,47.2
2025-10-06,wind-chime,product_type,51.6
2025-10-13,wind-chime,product_type,48.6
2025-10-20,wind-chime,product_type,51.3
2025-10-27,wind-chime,product_type,54.1
2025-11-03,wind-chime,product_type,46.1
2025-11-10,wind-chime,product_type,50.8
2025-11-17,wind-chime,product_type,47.0
2025-11-24,wind-chime,product_type,50.6
2025-12-01,wind-chime,product_type,47.1
2025-12-08,wind-chime,product_type,52.0
2025-12-15,wind-chime,product_type,50.3
2025-12-22,wind-chime,product_type,53.9
2025-12-29,wind-chime,product_type,55.4
2026-01-05,wind-chime,product_type,52.1
2026-01-12,wind-chime,product_type,54.8
2026-01-19,wind-chime,product_type,56.3
2026-01-26,wind-chime,product_type,49.4
2026-02-02,wind-chime,product_type,58.9
2026-02-09,wind-chime,product_type,54.5
2026-02-16,wind-chime,product_type,51.8
2026-02-23,wind-chime,product_type,55.7
2026-03-02,wind-chime,product_type,65.8
2026-03-09,wind-chime,product_type,61.9
2026-03-16,wind-chime,product_type,62.9
2026-03-23,wind-chime,product_type,71.1
2026-03-30,wind-chime,product_type,67.1
2026-04-06,wind-chime,product_type,94.6
2026-04-13,wind-chime,product_type,89.0
2026-04-20,wind-chime,product_type,88.0
2026-04-27,wind-chime,product_type,85.4
2026-05-04,wind-chime,product_type,108.4
2026-05-11,wind-chime,product_type,106.8
2026-05-18,wind-chime,product_type,104.5
2026-05-25,wind-chime,product_type,103.4
2026-06-01,wind-chime,product_type,94.3
2026-06-08,wind-chime,product_type,90.5
2026-06-15,wind-chime,product_type,90.6
2026-06-22,wind-chime,product_type,89.4
2026-06-29,wind-chime,product_type,90.1
2026-07-06,wind-chime,product_type,69.0
2026-07-13,wind-chime,product_type,63.1
2026-07-20,wind-chime,product_type,67.7
2026-07-27,wind-chime,product_type,70.4
2026-08-03,wind-chime,product_type,55.9
2026-08-10,wind-chime,product_type,59.4
2026-08-17,wind-chime,product_type,60.3
2024-08-26,garden-flag,product_type,47.2
2024-09-02,garden-flag,product_type,42.5
2024-09-09,garden-flag,product_type,43.8
2024-09-16,garden-flag,product_type,44.8
2024-09-23,garden-flag,product_type,42.3
2024-09-30,garden-flag,product_type,42.0
2024-10-07,garden-flag,product_type,41.7
2024-10-14,garden-flag,product_type,50.9
2024-10-21,garden-flag,product_type,42.3
2024-10-28,garden-flag,product_type,46.2
2024-11-04,garden-flag,product_type,40.3
2024-11-11,garden-flag,product_type,47.9
2024-11-18,garden-flag,product_type,41.5
2024-11-25,garden-flag,product_type,42.7
2024-12-02,garden-flag,product_type,37.1
2024-12-09,garden-flag,product_type,45.8
2024-12-16,garden-flag,product_type,46.4
2024-12-23,garden-flag,product_type,38.7
2024-12-30,garden-flag,product_type,45.6
2025-01-06,garden-flag,product_type,40.2
2025-01-13,garden-flag,product_type,46.0
2025-01-20,garden-flag,product_type,43.1
2025-01-27,garden-flag,product_type,47.8
2025-02-03,garden-flag,product_type,55.0
2025-02-10,garden-flag,product_type,56.8
2025-02-17,garden-flag,product_type,57.6
2025-02-24,garden-flag,product_type,52.8
2025-03-03,garden-flag,product_type,75.6
2025-03-10,garden-flag,product_type,72.1
2025-03-17,garden-flag,product_type,74.3
2025-03-24,garden-flag,product_type,80.7
2025-03-31,garden-flag,product_type,76.9
2025-04-07,garden-flag,product_type,84.9
2025-04-14,garden-flag,product_type,92.6
2025-04-21,garden-flag,product_type,88.6
2025-04-28,garden-flag,product_type,89.7
2025-05-05,garden-flag,product_type,74.9
2025-05-12,garden-flag,product_type,74.5
2025-05-19,garden-flag,product_type,67.0
2025-05-26,garden-flag,product_type,76.0
2025-06-02,garden-flag,product_type,44.5
2025-06-09,garden-flag,product_type,54.2
2025-06-16,garden-flag,product_type,51.2
2025-06-23,garden-flag,product_type,53.3
2025-06-30,garden-flag,product_type,51.1
2025-07-07,garden-flag,product_type,43.7
2025-07-14,garden-flag,product_type,40.5
2025-07-21,garden-flag,product_type,41.2
2025-07-28,garden-flag,product_type,41.4
2025-08-04,garden-flag,product_type,43.7
2025-08-11,garden-flag,product_type,39.7
2025-08-18,garden-flag,product_type,33.8
2025-08-25,garden-flag,product_type,35.9
2025-09-01,garden-flag,product_type,39.1
2025-09-08,garden-flag,product_type,40.9
2025-09-15,garden-flag,product_type,34.8
2025-09-22,garden-flag,product_type,43.6
2025-09-29,garden-flag,product_type,37.3
2025-10-06,garden-flag,product_type,37.9
2025-10-13,garden-flag,product_type,32.7
2025-10-20,garden-flag,product_type,39.7
2025-10-27,garden-flag,product_type,34.9
2025-11-03,garden-flag,product_type,33.9
2025-11-10,garden-flag,product_type,35.0
2025-11-17,garden-flag,product_type,40.0
2025-11-24,garden-flag,product_type,37.1
2025-12-01,garden-flag,product_type,33.1
2025-12-08,garden-flag,product_type,34.1
2025-12-15,garden-flag,product_type,39.7
2025-12-22,garden-flag,product_type,34.7
2025-12-29,garden-flag,product_type,36.9
2026-01-05,garden-flag,product_type,39.4
2026-01-12,garden-flag,product_type,26.6
2026-01-19,garden-flag,product_type,40.5
2026-01-26,garden-flag,product_type,34.0
2026-02-02,garden-flag,product_type,44.2
2026-02-09,garden-flag,product_type,49.7
2026-02-16,garden-flag,product_type,49.3
2026-02-23,garden-flag,product_type,46.2
2026-03-02,garden-flag,product_type,65.2
2026-03-09,garden-flag,product_type,65.7
2026-03-16,garden-flag,product_type,66.8
2026-03-23,garden-flag,product_type,66.9
2026-03-30,garden-flag,product_type,62.3
2026-04-06,garden-flag,product_type,70.9
2026-04-13,garden-flag,product_type,72.0
2026-04-20,garden-flag,product_type,72.9
2026-04-27,garden-flag,product_type,72.0
2026-05-04,garden-flag,product_type,57.8
2026-05-11,garden-flag,product_type,61.9
2026-05-18,garden-flag,product_type,55.6
2026-05-25,garden-flag,product_type,60.3
2026-06-01,garden-flag,product_type,42.8
2026-06-08,garden-flag,product_type,42.5
2026-06-15,garden-flag,product_type,44.5
2026-06-22,garden-flag,product_type,44.0
2026-06-29,garden-flag,product_type,48.3
2026-07-06,garden-flag,product_type,31.8
2026-07-13,garden-flag,product_type,34.1
2026-07-20,garden-flag,product_type,33.8
2026-07-27,garden-flag,product_type,33.5
2026-08-03,garden-flag,product_type,27.4
2026-08-10,garden-flag,product_type,27.5
2026-08-17,garden-flag,product_type,30.9
2024-08-26,pet-tag,product_type,58.4
2024-09-02,pet-tag,product_type,57.1
2024-09-09,pet-tag,product_type,56.3
2024-09-16,pet-tag,product_type,57.5
2024-09-23,pet-tag,product_type,61.9
2024-09-30,pet-tag,product_type,55.4
2024-10-07,pet-tag,product_type,53.0
2024-10-14,pet-tag,product_type,48.8
2024-10-21,pet-tag,product_type,49.3
2024-10-28,pet-tag,product_type,52.1
2024-11-04,pet-tag,product_type,46.1
2024-11-11,pet-tag,product_type,44.3
2024-11-18,pet-tag,product_type,46.0
2024-11-25,pet-tag,product_type,41.9
2024-12-02,pet-tag,product_type,47.6
2024-12-09,pet-tag,product_type,37.2
2024-12-16,pet-tag,product_type,49.3
2024-12-23,pet-tag,product_type,48.6
2024-12-30,pet-tag,product_type,51.6
2025-01-06,pet-tag,product_type,53.4
2025-01-13,pet-tag,product_type,49.7
2025-01-20,pet-tag,product_type,45.1
2025-01-27,pet-tag,product_type,53.6
2025-02-03,pet-tag,product_type,43.6
2025-02-10,pet-tag,product_type,41.6
2025-02-17,pet-tag,product_type,52.9
2025-02-24,pet-tag,product_type,49.3
2025-03-03,pet-tag,product_type,41.9
2025-03-10,pet-tag,product_type,43.6
2025-03-17,pet-tag,product_type,49.4
2025-03-24,pet-tag,product_type,45.2
2025-03-31,pet-tag,product_type,45.7
2025-04-07,pet-tag,product_type,54.0
2025-04-14,pet-tag,product_type,54.6
2025-04-21,pet-tag,product_type,48.7
2025-04-28,pet-tag,product_type,47.9
2025-05-05,pet-tag,product_type,52.1
2025-05-12,pet-tag,product_type,47.8
2025-05-19,pet-tag,product_type,42.8
2025-05-26,pet-tag,product_type,41.3
2025-06-02,pet-tag,product_type,53.6
2025-06-09,pet-tag,product_type,56.6
2025-06-16,pet-tag,product_type,54.1
2025-06-23,pet-tag,product_type,56.6
2025-06-30,pet-tag,product_type,57.0
2025-07-07,pet-tag,product_type,67.5
2025-07-14,pet-tag,product_type,64.0
2025-07-21,pet-tag,product_type,64.4
2025-07-28,pet-tag,product_type,63.6
2025-08-04,pet-tag,product_type,68.6
2025-08-11,pet-tag,product_type,64.8
2025-08-18,pet-tag,product_type,73.2
2025-08-25,pet-tag,product_type,68.6
2025-09-01,pet-tag,product_type,62.9
2025-09-08,pet-tag,product_type,62.7
2025-09-15,pet-tag,product_type,60.5
2025-09-22,pet-tag,product_type,64.4
2025-09-29,pet-tag,product_type,66.3
2025-10-06,pet-tag,product_type,53.6
2025-10-13,pet-tag,product_type,58.9
2025-10-20,pet-tag,product_type,54.8
2025-10-27,pet-tag,product_type,51.4
2025-11-03,pet-tag,product_type,55.9
2025-11-10,pet-tag,product_type,52.5
2025-11-17,pet-tag,product_type,54.5
2025-11-24,pet-tag,product_type,54.7
2025-12-01,pet-tag,product_type,48.4
2025-12-08,pet-tag,product_type,49.7
2025-12-15,pet-tag,product_type,54.5
2025-12-22,pet-tag,product_type,57.0
2025-12-29,pet-tag,product_type,51.8
2026-01-05,pet-tag,product_type,49.7
2026-01-12,pet-tag,product_type,56.7
2026-01-19,pet-tag,product_type,49.9
2026-01-26,pet-tag,product_type,52.8
2026-02-02,pet-tag,product_type,50.7
2026-02-09,pet-tag,product_type,52.8
2026-02-16,pet-tag,product_type,49.3
2026-02-23,pet-tag,product_type,51.1
2026-03-02,pet-tag,product_type,50.4
2026-03-09,pet-tag,product_type,54.4
2026-03-16,pet-tag,product_type,53.0
2026-03-23,pet-tag,product_type,55.2
2026-03-30,pet-tag,product_type,50.2
2026-04-06,pet-tag,product_type,52.2
2026-04-13,pet-tag,product_type,54.8
2026-04-20,pet-tag,product_type,55.6
2026-04-27,pet-tag,product_type,48.8
2026-05-04,pet-tag,product_type,55.1
2026-05-11,pet-tag,product_type,51.8
2026-05-18,pet-tag,product_type,57.1
2026-05-25,pet-tag,product_type,60.0
2026-06-01,pet-tag,product_type,51.3
2026-06-08,pet-tag,product_type,57.2
2026-06-15,pet-tag,product_type,60.1
2026-06-22,pet-tag,product_type,59.4
2026-06-29,pet-tag,product_type,62.3
2026-07-06,pet-tag,product_type,69.7
2026-07-13,pet-tag,product_type,68.0
2026-07-20,pet-tag,product_type,66.6
2026-07-27,pet-tag,product_type,66.2
2026-08-03,pet-tag,product_type,73.8
2026-08-10,pet-tag,product_type,74.5
2026-08-17,pet-tag,product_type,77.4
2024-08-26,pet-bandana,product_type,86.2
2024-09-02,pet-bandana,product_type,68.3
2024-09-09,pet-bandana,product_type,67.3
2024-09-16,pet-bandana,product_type,68.2
2024-09-23,pet-bandana,product_type,68.7
2024-09-30,pet-bandana,product_type,68.2
2024-10-07,pet-bandana,product_type,64.7
2024-10-14,pet-bandana,product_type,66.9
2024-10-21,pet-bandana,product_type,59.3
2024-10-28,pet-bandana,product_type,66.2
2024-11-04,pet-bandana,product_type,63.3
2024-11-11,pet-bandana,product_type,61.8
2024-11-18,pet-bandana,product_type,65.9
2024-11-25,pet-bandana,product_type,60.9
2024-12-02,pet-bandana,product_type,62.4
2024-12-09,pet-bandana,product_type,61.6
2024-12-16,pet-bandana,product_type,61.5
2024-12-23,pet-bandana,product_type,62.7
2024-12-30,pet-bandana,product_type,61.5
2025-01-06,pet-bandana,product_type,62.8
2025-01-13,pet-bandana,product_type,59.5
2025-01-20,pet-bandana,product_type,59.6
2025-01-27,pet-bandana,product_type,59.5
2025-02-03,pet-bandana,product_type,60.5
2025-02-10,pet-bandana,product_type,64.7
2025-02-17,pet-bandana,product_type,60.3
2025-02-24,pet-bandana,product_type,63.7
2025-03-03,pet-bandana,product_type,62.8
2025-03-10,pet-bandana,product_type,60.7
2025-03-17,pet-bandana,product_type,66.0
2025-03-24,pet-bandana,product_type,64.3
2025-03-31,pet-bandana,product_type,62.2
2025-04-07,pet-bandana,product_type,63.6
2025-04-14,pet-bandana,product_type,64.2
2025-04-21,pet-bandana,product_type,59.4
2025-04-28,pet-bandana,product_type,61.5
2025-05-05,pet-bandana,product_type,73.4
2025-05-12,pet-bandana,product_type,67.3
2025-05-19,pet-bandana,product_type,69.9
2025-05-26,pet-bandana,product_type,71.0
2025-06-02,pet-bandana,product_type,97.9
2025-06-09,pet-bandana,product_type,91.2
2025-06-16,pet-bandana,product_type,92.6
2025-06-23,pet-bandana,product_type,86.9
2025-06-30,pet-bandana,product_type,90.5
2025-07-07,pet-bandana,product_type,94.8
2025-07-14,pet-bandana,product_type,99.2
2025-07-21,pet-bandana,product_type,101.8
2025-07-28,pet-bandana,product_type,96.1
2025-08-04,pet-bandana,product_type,90.9
2025-08-11,pet-bandana,product_type,91.2
2025-08-18,pet-bandana,product_type,88.0
2025-08-25,pet-bandana,product_type,87.4
2025-09-01,pet-bandana,product_type,70.7
2025-09-08,pet-bandana,product_type,71.9
2025-09-15,pet-bandana,product_type,72.0
2025-09-22,pet-bandana,product_type,74.5
2025-09-29,pet-bandana,product_type,71.5
2025-10-06,pet-bandana,product_type,69.8
2025-10-13,pet-bandana,product_type,69.9
2025-10-20,pet-bandana,product_type,65.8
2025-10-27,pet-bandana,product_type,64.1
2025-11-03,pet-bandana,product_type,61.9
2025-11-10,pet-bandana,product_type,64.5
2025-11-17,pet-bandana,product_type,65.1
2025-11-24,pet-bandana,product_type,63.0
2025-12-01,pet-bandana,product_type,62.3
2025-12-08,pet-bandana,product_type,64.6
2025-12-15,pet-bandana,product_type,63.8
2025-12-22,pet-bandana,product_type,61.9
2025-12-29,pet-bandana,product_type,64.0
2026-01-05,pet-bandana,product_type,61.9
2026-01-12,pet-bandana,product_type,61.5
2026-01-19,pet-bandana,product_type,63.8
2026-01-26,pet-bandana,product_type,62.1
2026-02-02,pet-bandana,product_type,61.7
2026-02-09,pet-bandana,product_type,67.0
2026-02-16,pet-bandana,product_type,62.8
2026-02-23,pet-bandana,product_type,69.5
2026-03-02,pet-bandana,product_type,66.1
2026-03-09,pet-bandana,product_type,61.8
2026-03-16,pet-bandana,product_type,67.8
2026-03-23,pet-bandana,product_type,62.2
2026-03-30,pet-bandana,product_type,70.3
2026-04-06,pet-bandana,product_type,66.9
2026-04-13,pet-bandana,product_type,67.9
2026-04-20,pet-bandana,product_type,66.4
2026-04-27,pet-bandana,product_type,67.1
2026-05-04,pet-bandana,product_type,73.9
2026-05-11,pet-bandana,product_type,71.9
2026-05-18,pet-bandana,product_type,75.7
2026-05-25,pet-bandana,product_type,77.8
2026-06-01,pet-bandana,product_type,88.8
2026-06-08,pet-bandana,product_type,97.1
2026-06-15,pet-bandana,product_type,94.3
2026-06-22,pet-bandana,product_type,91.3
2026-06-29,pet-bandana,product_type,91.3
2026-07-06,pet-bandana,product_type,109.3
2026-07-13,pet-bandana,product_type,106.6
2026-07-20,pet-bandana,product_type,107.3
2026-07-27,pet-bandana,product_type,103.2
2026-08-03,pet-bandana,product_type,94.6
2026-08-10,pet-bandana,product_type,94.1
2026-08-17,pet-bandana,product_type,92.5
2024-08-26,pet-bowl,product_type,57.3
2024-09-02,pet-bowl,product_type,62.4
2024-09-09,pet-bowl,product_type,63.8
2024-09-16,pet-bowl,product_type,58.2
2024-09-23,pet-bowl,product_type,55.0
2024-09-30,pet-bowl,product_type,63.9
2024-10-07,pet-bowl,product_type,73.6
2024-10-14,pet-bowl,product_type,69.8
2024-10-21,pet-bowl,product_type,74.0
2024-10-28,pet-bowl,product_type,69.5
2024-11-04,pet-bowl,product_type,86.3
2024-11-11,pet-bowl,product_type,85.0
2024-11-18,pet-bowl,product_type,85.0
2024-11-25,pet-bowl,product_type,88.9
2024-12-02,pet-bowl,product_type,100.3
2024-12-09,pet-bowl,product_type,99.9
2024-12-16,pet-bowl,product_type,101.3
2024-12-23,pet-bowl,product_type,104.2
2024-12-30,pet-bowl,product_type,99.9
2025-01-06,pet-bowl,product_type,86.6
2025-01-13,pet-bowl,product_type,87.2
2025-01-20,pet-bowl,product_type,91.4
2025-01-27,pet-bowl,product_type,88.4
2025-02-03,pet-bowl,product_type,69.0
2025-02-10,pet-bowl,product_type,72.8
2025-02-17,pet-bowl,product_type,76.7
2025-02-24,pet-bowl,product_type,70.0
2025-03-03,pet-bowl,product_type,60.1
2025-03-10,pet-bowl,product_type,54.9
2025-03-17,pet-bowl,product_type,59.5
2025-03-24,pet-bowl,product_type,58.6
2025-03-31,pet-bowl,product_type,61.1
2025-04-07,pet-bowl,product_type,55.2
2025-04-14,pet-bowl,product_type,56.9
2025-04-21,pet-bowl,product_type,58.1
2025-04-28,pet-bowl,product_type,62.0
2025-05-05,pet-bowl,product_type,60.7
2025-05-12,pet-bowl,product_type,59.8
2025-05-19,pet-bowl,product_type,58.2
2025-05-26,pet-bowl,product_type,54.7
2025-06-02,pet-bowl,product_type,58.1
2025-06-09,pet-bowl,product_type,53.6
2025-06-16,pet-bowl,product_type,55.3
2025-06-23,pet-bowl,product_type,61.2
2025-06-30,pet-bowl,product_type,57.5
2025-07-07,pet-bowl,product_type,56.5
2025-07-14,pet-bowl,product_type,56.9
2025-07-21,pet-bowl,product_type,55.5
2025-07-28,pet-bowl,product_type,49.3
2025-08-04,pet-bowl,product_type,52.2
2025-08-11,pet-bowl,product_type,57.8
2025-08-18,pet-bowl,product_type,53.2
2025-08-25,pet-bowl,product_type,55.6
2025-09-01,pet-bowl,product_type,54.2
2025-09-08,pet-bowl,product_type,55.7
2025-09-15,pet-bowl,product_type,57.9
2025-09-22,pet-bowl,product_type,60.6
2025-09-29,pet-bowl,product_type,61.2
2025-10-06,pet-bowl,product_type,65.1
2025-10-13,pet-bowl,product_type,68.2
2025-10-20,pet-bowl,product_type,63.0
2025-10-27,pet-bowl,product_type,67.4
2025-11-03,pet-bowl,product_type,90.2
2025-11-10,pet-bowl,product_type,87.1
2025-11-17,pet-bowl,product_type,91.2
2025-11-24,pet-bowl,product_type,89.7
2025-12-01,pet-bowl,product_type,100.5
2025-12-08,pet-bowl,product_type,99.0
2025-12-15,pet-bowl,product_type,98.1
2025-12-22,pet-bowl,product_type,95.3
2025-12-29,pet-bowl,product_type,95.7
2026-01-05,pet-bowl,product_type,90.0
2026-01-12,pet-bowl,product_type,91.5
2026-01-19,pet-bowl,product_type,83.7
2026-01-26,pet-bowl,product_type,87.1
2026-02-02,pet-bowl,product_type,62.2
2026-02-09,pet-bowl,product_type,63.9
2026-02-16,pet-bowl,product_type,67.6
2026-02-23,pet-bowl,product_type,65.2
2026-03-02,pet-bowl,product_type,51.6
2026-03-09,pet-bowl,product_type,62.5
2026-03-16,pet-bowl,product_type,57.2
2026-03-23,pet-bowl,product_type,54.0
2026-03-30,pet-bowl,product_type,57.6
2026-04-06,pet-bowl,product_type,55.0
2026-04-13,pet-bowl,product_type,56.5
2026-04-20,pet-bowl,product_type,54.2
2026-04-27,pet-bowl,product_type,56.1
2026-05-04,pet-bowl,product_type,57.8
2026-05-11,pet-bowl,product_type,51.0
2026-05-18,pet-bowl,product_type,52.8
2026-05-25,pet-bowl,product_type,57.4
2026-06-01,pet-bowl,product_type,53.2
2026-06-08,pet-bowl,product_type,54.6
2026-06-15,pet-bowl,product_type,53.4
2026-06-22,pet-bowl,product_type,53.6
2026-06-29,pet-bowl,product_type,53.3
2026-07-06,pet-bowl,product_type,51.0
2026-07-13,pet-bowl,product_type,56.1
2026-07-20,pet-bowl,product_type,57.9
2026-07-27,pet-bowl,product_type,54.2
2026-08-03,pet-bowl,product_type,57.7
2026-08-10,pet-bowl,product_type,53.4
2026-08-17,pet-bowl,product_type,53.2
2024-08-26,tshirt,product_type,82.3
2024-09-02,tshirt,product_type,73.3
2024-09-09,tshirt,product_type,71.6
2024-09-16,tshirt,product_type,73.8
2024-09-23,tshirt,product_type,67.8
2024-09-30,tshirt,product_type,70.7
2024-10-07,tshirt,product_type,72.5
2024-10-14,tshirt,product_type,72.4
2024-10-21,tshirt,product_type,71.9
2024-10-28,tshirt,product_type,72.4
2024-11-04,tshirt,product_type,67.9
2024-11-11,tshirt,product_type,63.8
2024-11-18,tshirt,product_type,68.0
2024-11-25,tshirt,product_type,70.6
2024-12-02,tshirt,product_type,71.0
2024-12-09,tshirt,product_type,66.9
2024-12-16,tshirt,product_type,65.5
2024-12-23,tshirt,product_type,65.7
2024-12-30,tshirt,product_type,66.6
2025-01-06,tshirt,product_type,62.4
2025-01-13,tshirt,product_type,66.4
2025-01-20,tshirt,product_type,68.0
2025-01-27,tshirt,product_type,67.5
2025-02-03,tshirt,product_type,66.9
2025-02-10,tshirt,product_type,65.7
2025-02-17,tshirt,product_type,66.0
2025-02-24,tshirt,product_type,65.9
2025-03-03,tshirt,product_type,71.4
2025-03-10,tshirt,product_type,69.2
2025-03-17,tshirt,product_type,78.6
2025-03-24,tshirt,product_type,68.0
2025-03-31,tshirt,product_type,70.2
2025-04-07,tshirt,product_type,76.4
2025-04-14,tshirt,product_type,76.2
2025-04-21,tshirt,product_type,81.8
2025-04-28,tshirt,product_type,80.0
2025-05-05,tshirt,product_type,89.6
2025-05-12,tshirt,product_type,91.7
2025-05-19,tshirt,product_type,94.2
2025-05-26,tshirt,product_type,92.9
2025-06-02,tshirt,product_type,101.0
2025-06-09,tshirt,product_type,105.7
2025-06-16,tshirt,product_type,99.6
2025-06-23,tshirt,product_type,105.4
2025-06-30,tshirt,product_type,107.1
2025-07-07,tshirt,product_type,96.2
2025-07-14,tshirt,product_type,93.0
2025-07-21,tshirt,product_type,97.8
2025-07-28,tshirt,product_type,94.2
2025-08-04,tshirt,product_type,77.9
2025-08-11,tshirt,product_type,73.0
2025-08-18,tshirt,product_type,79.7
2025-08-25,tshirt,product_type,75.0
2025-09-01,tshirt,product_type,71.3
2025-09-08,tshirt,product_type,70.6
2025-09-15,tshirt,product_type,67.2
2025-09-22,tshirt,product_type,67.5
2025-09-29,tshirt,product_type,65.6
2025-10-06,tshirt,product_type,61.9
2025-10-13,tshirt,product_type,66.0
2025-10-20,tshirt,product_type,65.8
2025-10-27,tshirt,product_type,59.2
2025-11-03,tshirt,product_type,63.5
2025-11-10,tshirt,product_type,66.2
2025-11-17,tshirt,product_type,67.9
2025-11-24,tshirt,product_type,65.6
2025-12-01,tshirt,product_type,58.8
2025-12-08,tshirt,product_type,60.1
2025-12-15,tshirt,product_type,62.1
2025-12-22,tshirt,product_type,67.2
2025-12-29,tshirt,product_type,61.1
2026-01-05,tshirt,product_type,66.0
2026-01-12,tshirt,product_type,60.9
2026-01-19,tshirt,product_type,64.2
2026-01-26,tshirt,product_type,59.7
2026-02-02,tshirt,product_type,62.0
2026-02-09,tshirt,product_type,59.1
2026-02-16,tshirt,product_type,66.7
2026-02-23,tshirt,product_type,60.2
2026-03-02,tshirt,product_type,59.2
2026-03-09,tshirt,product_type,58.9
2026-03-16,tshirt,product_type,63.4
2026-03-23,tshirt,product_type,62.2
2026-03-30,tshirt,product_type,65.4
2026-04-06,tshirt,product_type,70.5
2026-04-13,tshirt,product_type,74.6
2026-04-20,tshirt,product_type,69.8
2026-04-27,tshirt,product_type,74.0
2026-05-04,tshirt,product_type,84.5
2026-05-11,tshirt,product_type,82.7
2026-05-18,tshirt,product_type,84.6
2026-05-25,tshirt,product_type,83.6
2026-06-01,tshirt,product_type,93.4
2026-06-08,tshirt,product_type,98.2
2026-06-15,tshirt,product_type,96.0
2026-06-22,tshirt,product_type,97.1
2026-06-29,tshirt,product_type,98.1
2026-07-06,tshirt,product_type,81.0
2026-07-13,tshirt,product_type,87.7
2026-07-20,tshirt,product_type,82.2
2026-07-27,tshirt,product_type,83.9
2026-08-03,tshirt,product_type,63.6
2026-08-10,tshirt,product_type,71.1
2026-08-17,tshirt,product_type,64.0
2024-08-26,hoodie,product_type,57.5
2024-09-02,hoodie,product_type,70.3
2024-09-09,hoodie,product_type,73.5
2024-09-16,hoodie,product_type,73.5
2024-09-23,hoodie,product_type,76.5
2024-09-30,hoodie,product_type,73.9
2024-10-07,hoodie,product_type,103.9
2024-10-14,hoodie,product_type,102.3
2024-10-21,hoodie,product_type,98.5
2024-10-28,hoodie,product_type,99.5
2024-11-04,hoodie,product_type,123.0
2024-11-11,hoodie,product_type,122.3
2024-11-18,hoodie,product_type,121.3
2024-11-25,hoodie,product_type,121.9
2024-12-02,hoodie,product_type,103.8
2024-12-09,hoodie,product_type,103.5
2024-12-16,hoodie,product_type,102.8
2024-12-23,hoodie,product_type,108.0
2024-12-30,hoodie,product_type,101.6
2025-01-06,hoodie,product_type,76.7
2025-01-13,hoodie,product_type,71.0
2025-01-20,hoodie,product_type,71.9
2025-01-27,hoodie,product_type,81.8
2025-02-03,hoodie,product_type,65.4
2025-02-10,hoodie,product_type,63.0
2025-02-17,hoodie,product_type,64.0
2025-02-24,hoodie,product_type,59.8
2025-03-03,hoodie,product_type,59.9
2025-03-10,hoodie,product_type,56.9
2025-03-17,hoodie,product_type,60.5
2025-03-24,hoodie,product_type,63.5
2025-03-31,hoodie,product_type,63.0
2025-04-07,hoodie,product_type,66.2
2025-04-14,hoodie,product_type,62.4
2025-04-21,hoodie,product_type,54.2
2025-04-28,hoodie,product_type,67.5
2025-05-05,hoodie,product_type,59.3
2025-05-12,hoodie,product_type,62.4
2025-05-19,hoodie,product_type,62.3
2025-05-26,hoodie,product_type,62.8
2025-06-02,hoodie,product_type,62.3
2025-06-09,hoodie,product_type,62.5
2025-06-16,hoodie,product_type,58.4
2025-06-23,hoodie,product_type,70.2
2025-06-30,hoodie,product_type,64.5
2025-07-07,hoodie,product_type,63.2
2025-07-14,hoodie,product_type,68.6
2025-07-21,hoodie,product_type,60.0
2025-07-28,hoodie,product_type,65.9
2025-08-04,hoodie,product_type,64.6
2025-08-11,hoodie,product_type,67.5
2025-08-18,hoodie,product_type,67.7
2025-08-25,hoodie,product_type,59.5
2025-09-01,hoodie,product_type,75.9
2025-09-08,hoodie,product_type,85.1
2025-09-15,hoodie,product_type,79.7
2025-09-22,hoodie,product_type,86.6
2025-09-29,hoodie,product_type,84.7
2025-10-06,hoodie,product_type,109.2
2025-10-13,hoodie,product_type,109.1
2025-10-20,hoodie,product_type,115.1
2025-10-27,hoodie,product_type,116.7
2025-11-03,hoodie,product_type,127.9
2025-11-10,hoodie,product_type,133.5
2025-11-17,hoodie,product_type,132.2
2025-11-24,hoodie,product_type,132.9
2025-12-01,hoodie,product_type,111.5
2025-12-08,hoodie,product_type,109.4
2025-12-15,hoodie,product_type,108.4
2025-12-22,hoodie,product_type,107.8
2025-12-29,hoodie,product_type,117.6
2026-01-05,hoodie,product_type,82.5
2026-01-12,hoodie,product_type,79.2
2026-01-19,hoodie,product_type,85.7
2026-01-26,hoodie,product_type,81.4
2026-02-02,hoodie,product_type,67.0
2026-02-09,hoodie,product_type,75.2
2026-02-16,hoodie,product_type,65.2
2026-02-23,hoodie,product_type,70.0
2026-03-02,hoodie,product_type,64.6
2026-03-09,hoodie,product_type,64.2
2026-03-16,hoodie,product_type,62.2
2026-03-23,hoodie,product_type,66.9
2026-03-30,hoodie,product_type,64.2
2026-04-06,hoodie,product_type,68.3
2026-04-13,hoodie,product_type,66.5
2026-04-20,hoodie,product_type,65.8
2026-04-27,hoodie,product_type,64.2
2026-05-04,hoodie,product_type,71.2
2026-05-11,hoodie,product_type,69.2
2026-05-18,hoodie,product_type,65.1
2026-05-25,hoodie,product_type,63.2
2026-06-01,hoodie,product_type,61.7
2026-06-08,hoodie,product_type,70.8
2026-06-15,hoodie,product_type,70.3
2026-06-22,hoodie,product_type,70.8
2026-06-29,hoodie,product_type,67.4
2026-07-06,hoodie,product_type,70.6
2026-07-13,hoodie,product_type,71.4
2026-07-20,hoodie,product_type,68.2
2026-07-27,hoodie,product_type,67.4
2026-08-03,hoodie,product_type,68.7
2026-08-10,hoodie,product_type,73.0
2026-08-17,hoodie,product_type,73.5
2024-08-26,tote-bag,product_type,110.8
2024-09-02,tote-bag,product_type,99.8
2024-09-09,tote-bag,product_type,100.6
2024-09-16,tote-bag,product_type,104.1
2024-09-23,tote-bag,product_type,98.2
2024-09-30,tote-bag,product_type,99.6
2024-10-07,tote-bag,product_type,80.5
2024-10-14,tote-bag,product_type,83.8
2024-10-21,tote-bag,product_type,85.6
2024-10-28,tote-bag,product_type,81.9
2024-11-04,tote-bag,product_type,78.8
2024-11-11,tote-bag,product_type,80.9
2024-11-18,tote-bag,product_type,78.2
2024-11-25,tote-bag,product_type,80.7
2024-12-02,tote-bag,product_type,72.9
2024-12-09,tote-bag,product_type,73.4
2024-12-16,tote-bag,product_type,78.0
2024-12-23,tote-bag,product_type,76.7
2024-12-30,tote-bag,product_type,74.6
2025-01-06,tote-bag,product_type,81.7
2025-01-13,tote-bag,product_type,78.7
2025-01-20,tote-bag,product_type,80.3
2025-01-27,tote-bag,product_type,76.6
2025-02-03,tote-bag,product_type,84.0
2025-02-10,tote-bag,product_type,78.9
2025-02-17,tote-bag,product_type,82.8
2025-02-24,tote-bag,product_type,78.4
2025-03-03,tote-bag,product_type,81.0
2025-03-10,tote-bag,product_type,82.6
2025-03-17,tote-bag,product_type,87.3
2025-03-24,tote-bag,product_type,80.4
2025-03-31,tote-bag,product_type,82.7
2025-04-07,tote-bag,product_type,84.5
2025-04-14,tote-bag,product_type,78.9
2025-04-21,tote-bag,product_type,77.0
2025-04-28,tote-bag,product_type,80.9
2025-05-05,tote-bag,product_type,89.5
2025-05-12,tote-bag,product_type,92.1
2025-05-19,tote-bag,product_type,84.6
2025-05-26,tote-bag,product_type,84.1
2025-06-02,tote-bag,product_type,103.7
2025-06-09,tote-bag,product_type,97.9
2025-06-16,tote-bag,product_type,98.9
2025-06-23,tote-bag,product_type,104.8
2025-06-30,tote-bag,product_type,104.8
2025-07-07,tote-bag,product_type,128.0
2025-07-14,tote-bag,product_type,120.6
2025-07-21,tote-bag,product_type,122.5
2025-07-28,tote-bag,product_type,130.2
2025-08-04,tote-bag,product_type,143.5
2025-08-11,tote-bag,product_type,140.8
2025-08-18,tote-bag,product_type,142.8
2025-08-25,tote-bag,product_type,147.8
2025-09-01,tote-bag,product_type,134.2
2025-09-08,tote-bag,product_type,130.2
2025-09-15,tote-bag,product_type,128.7
2025-09-22,tote-bag,product_type,130.5
2025-09-29,tote-bag,product_type,135.9
2025-10-06,tote-bag,product_type,111.2
2025-10-13,tote-bag,product_type,108.3
2025-10-20,tote-bag,product_type,106.6
2025-10-27,tote-bag,product_type,111.8
2025-11-03,tote-bag,product_type,101.9
2025-11-10,tote-bag,product_type,93.0
2025-11-17,tote-bag,product_type,97.1
2025-11-24,tote-bag,product_type,101.7
2025-12-01,tote-bag,product_type,96.2
2025-12-08,tote-bag,product_type,94.9
2025-12-15,tote-bag,product_type,97.3
2025-12-22,tote-bag,product_type,98.3
2025-12-29,tote-bag,product_type,94.2
2026-01-05,tote-bag,product_type,97.9
2026-01-12,tote-bag,product_type,99.2
2026-01-19,tote-bag,product_type,97.0
2026-01-26,tote-bag,product_type,96.5
2026-02-02,tote-bag,product_type,97.6
2026-02-09,tote-bag,product_type,96.7
2026-02-16,tote-bag,product_type,102.6
2026-02-23,tote-bag,product_type,97.4
2026-03-02,tote-bag,product_type,101.4
2026-03-09,tote-bag,product_type,100.1
2026-03-16,tote-bag,product_type,99.4
2026-03-23,tote-bag,product_type,106.1
2026-03-30,tote-bag,product_type,102.0
2026-04-06,tote-bag,product_type,101.0
2026-04-13,tote-bag,product_type,101.1
2026-04-20,tote-bag,product_type,104.8
2026-04-27,tote-bag,product_type,106.7
2026-05-04,tote-bag,product_type,111.2
2026-05-11,tote-bag,product_type,107.3
2026-05-18,tote-bag,product_type,107.5
2026-05-25,tote-bag,product_type,109.0
2026-06-01,tote-bag,product_type,123.1
2026-06-08,tote-bag,product_type,120.7
2026-06-15,tote-bag,product_type,127.9
2026-06-22,tote-bag,product_type,124.0
2026-06-29,tote-bag,product_type,126.0
2026-07-06,tote-bag,product_type,155.4
2026-07-13,tote-bag,product_type,155.9
2026-07-20,tote-bag,product_type,152.3
2026-07-27,tote-bag,product_type,155.8
2026-08-03,tote-bag,product_type,181.8
2026-08-10,tote-bag,product_type,180.4
2026-08-17,tote-bag,product_type,176.7
2024-08-26,throw-pillow,product_type,43.6
2024-09-02,throw-pillow,product_type,40.1
2024-09-09,throw-pillow,product_type,45.3
2024-09-16,throw-pillow,product_type,46.6
2024-09-23,throw-pillow,product_type,46.0
2024-09-30,throw-pillow,product_type,46.3
2024-10-07,throw-pillow,product_type,58.5
2024-10-14,throw-pillow,product_type,53.8
2024-10-21,throw-pillow,product_type,57.7
2024-10-28,throw-pillow,product_type,56.6
2024-11-04,throw-pillow,product_type,74.8
2024-11-11,throw-pillow,product_type,82.6
2024-11-18,throw-pillow,product_type,79.9
2024-11-25,throw-pillow,product_type,75.4
2024-12-02,throw-pillow,product_type,92.3
2024-12-09,throw-pillow,product_type,86.7
2024-12-16,throw-pillow,product_type,89.0
2024-12-23,throw-pillow,product_type,95.1
2024-12-30,throw-pillow,product_type,92.3
2025-01-06,throw-pillow,product_type,79.3
2025-01-13,throw-pillow,product_type,81.5
2025-01-20,throw-pillow,product_type,80.5
2025-01-27,throw-pillow,product_type,78.0
2025-02-03,throw-pillow,product_type,60.9
2025-02-10,throw-pillow,product_type,53.1
2025-02-17,throw-pillow,product_type,56.2
2025-02-24,throw-pillow,product_type,58.0
2025-03-03,throw-pillow,product_type,50.2
2025-03-10,throw-pillow,product_type,47.6
2025-03-17,throw-pillow,product_type,43.3
2025-03-24,throw-pillow,product_type,43.0
2025-03-31,throw-pillow,product_type,48.6
2025-04-07,throw-pillow,product_type,45.3
2025-04-14,throw-pillow,product_type,44.1
2025-04-21,throw-pillow,product_type,43.7
2025-04-28,throw-pillow,product_type,47.4
2025-05-05,throw-pillow,product_type,50.7
2025-05-12,throw-pillow,product_type,47.3
2025-05-19,throw-pillow,product_type,50.9
2025-05-26,throw-pillow,product_type,45.9
2025-06-02,throw-pillow,product_type,48.4
2025-06-09,throw-pillow,product_type,51.2
2025-06-16,throw-pillow,product_type,46.7
2025-06-23,throw-pillow,product_type,47.3
2025-06-30,throw-pillow,product_type,46.2
2025-07-07,throw-pillow,product_type,49.2
2025-07-14,throw-pillow,product_type,50.2
2025-07-21,throw-pillow,product_type,48.6
2025-07-28,throw-pillow,product_type,46.9
2025-08-04,throw-pillow,product_type,43.4
2025-08-11,throw-pillow,product_type,47.8
2025-08-18,throw-pillow,product_type,47.4
2025-08-25,throw-pillow,product_type,48.8
2025-09-01,throw-pillow,product_type,50.6
2025-09-08,throw-pillow,product_type,55.1
2025-09-15,throw-pillow,product_type,48.3
2025-09-22,throw-pillow,product_type,45.8
2025-09-29,throw-pillow,product_type,47.1
2025-10-06,throw-pillow,product_type,59.1
2025-10-13,throw-pillow,product_type,64.3
2025-10-20,throw-pillow,product_type,57.2
2025-10-27,throw-pillow,product_type,57.7
2025-11-03,throw-pillow,product_type,84.5
2025-11-10,throw-pillow,product_type,85.9
2025-11-17,throw-pillow,product_type,78.8
2025-11-24,throw-pillow,product_type,78.3
2025-12-01,throw-pillow,product_type,95.1
2025-12-08,throw-pillow,product_type,99.6
2025-12-15,throw-pillow,product_type,98.2
2025-12-22,throw-pillow,product_type,95.6
2025-12-29,throw-pillow,product_type,100.2
2026-01-05,throw-pillow,product_type,84.6
2026-01-12,throw-pillow,product_type,84.1
2026-01-19,throw-pillow,product_type,79.6
2026-01-26,throw-pillow,product_type,82.3
2026-02-02,throw-pillow,product_type,68.2
2026-02-09,throw-pillow,product_type,61.4
2026-02-16,throw-pillow,product_type,59.7
2026-02-23,throw-pillow,product_type,61.5
2026-03-02,throw-pillow,product_type,52.4
2026-03-09,throw-pillow,product_type,54.8
2026-03-16,throw-pillow,product_type,54.1
2026-03-23,throw-pillow,product_type,50.3
2026-03-30,throw-pillow,product_type,56.2
2026-04-06,throw-pillow,product_type,52.6
2026-04-13,throw-pillow,product_type,48.9
2026-04-20,throw-pillow,product_type,49.9
2026-04-27,throw-pillow,product_type,52.2
2026-05-04,throw-pillow,product_type,53.4
2026-05-11,throw-pillow,product_type,45.7
2026-05-18,throw-pillow,product_type,50.5
2026-05-25,throw-pillow,product_type,50.3
2026-06-01,throw-pillow,product_type,48.7
2026-06-08,throw-pillow,product_type,48.8
2026-06-15,throw-pillow,product_type,53.7
2026-06-22,throw-pillow,product_type,52.2
2026-06-29,throw-pillow,product_type,57.0
2026-07-06,throw-pillow,product_type,49.1
2026-07-13,throw-pillow,product_type,51.2
2026-07-20,throw-pillow,product_type,51.8
2026-07-27,throw-pillow,product_type,53.7
2026-08-03,throw-pillow,product_type,55.4
2026-08-10,throw-pillow,product_type,51.6
2026-08-17,throw-pillow,product_type,48.1
2024-08-26,wood-plaque,product_type,53.7
2024-09-02,wood-plaque,product_type,46.2
2024-09-09,wood-plaque,product_type,49.2
2024-09-16,wood-plaque,product_type,41.6
2024-09-23,wood-plaque,product_type,42.5
2024-09-30,wood-plaque,product_type,48.4
2024-10-07,wood-plaque,product_type,40.1
2024-10-14,wood-plaque,product_type,40.7
2024-10-21,wood-plaque,product_type,47.6
2024-10-28,wood-plaque,product_type,43.6
2024-11-04,wood-plaque,product_type,43.2
2024-11-11,wood-plaque,product_type,48.3
2024-11-18,wood-plaque,product_type,41.1
2024-11-25,wood-plaque,product_type,40.6
2024-12-02,wood-plaque,product_type,49.3
2024-12-09,wood-plaque,product_type,45.2
2024-12-16,wood-plaque,product_type,46.7
2024-12-23,wood-plaque,product_type,43.8
2024-12-30,wood-plaque,product_type,44.5
2025-01-06,wood-plaque,product_type,42.8
2025-01-13,wood-plaque,product_type,45.9
2025-01-20,wood-plaque,product_type,47.5
2025-01-27,wood-plaque,product_type,45.7
2025-02-03,wood-plaque,product_type,48.6
2025-02-10,wood-plaque,product_type,47.5
2025-02-17,wood-plaque,product_type,42.5
2025-02-24,wood-plaque,product_type,45.3
2025-03-03,wood-plaque,product_type,46.7
2025-03-10,wood-plaque,product_type,50.4
2025-03-17,wood-plaque,product_type,49.6
2025-03-24,wood-plaque,product_type,48.7
2025-03-31,wood-plaque,product_type,51.5
2025-04-07,wood-plaque,product_type,53.7
2025-04-14,wood-plaque,product_type,57.6
2025-04-21,wood-plaque,product_type,58.0
2025-04-28,wood-plaque,product_type,60.4
2025-05-05,wood-plaque,product_type,84.5
2025-05-12,wood-plaque,product_type,83.0
2025-05-19,wood-plaque,product_type,79.2
2025-05-26,wood-plaque,product_type,84.5
2025-06-02,wood-plaque,product_type,98.3
2025-06-09,wood-plaque,product_type,93.7
2025-06-16,wood-plaque,product_type,97.4
2025-06-23,wood-plaque,product_type,99.6
2025-06-30,wood-plaque,product_type,103.6
2025-07-07,wood-plaque,product_type,80.9
2025-07-14,wood-plaque,product_type,86.7
2025-07-21,wood-plaque,product_type,81.2
2025-07-28,wood-plaque,product_type,80.8
2025-08-04,wood-plaque,product_type,57.5
2025-08-11,wood-plaque,product_type,63.1
2025-08-18,wood-plaque,product_type,61.8
2025-08-25,wood-plaque,product_type,60.5
2025-09-01,wood-plaque,product_type,51.7
2025-09-08,wood-plaque,product_type,50.6
2025-09-15,wood-plaque,product_type,50.9
2025-09-22,wood-plaque,product_type,49.7
2025-09-29,wood-plaque,product_type,47.6
2025-10-06,wood-plaque,product_type,53.5
2025-10-13,wood-plaque,product_type,52.7
2025-10-20,wood-plaque,product_type,53.3
2025-10-27,wood-plaque,product_type,47.0
2025-11-03,wood-plaque,product_type,46.5
2025-11-10,wood-plaque,product_type,47.3
2025-11-17,wood-plaque,product_type,51.9
2025-11-24,wood-plaque,product_type,48.8
2025-12-01,wood-plaque,product_type,47.2
2025-12-08,wood-plaque,product_type,50.0
2025-12-15,wood-plaque,product_type,46.8
2025-12-22,wood-plaque,product_type,45.0
2025-12-29,wood-plaque,product_type,49.6
2026-01-05,wood-plaque,product_type,47.7
2026-01-12,wood-plaque,product_type,49.3
2026-01-19,wood-plaque,product_type,41.4
2026-01-26,wood-plaque,product_type,46.8
2026-02-02,wood-plaque,product_type,49.7
2026-02-09,wood-plaque,product_type,45.4
2026-02-16,wood-plaque,product_type,45.6
2026-02-23,wood-plaque,product_type,50.2
2026-03-02,wood-plaque,product_type,54.8
2026-03-09,wood-plaque,product_type,50.1
2026-03-16,wood-plaque,product_type,52.1
2026-03-23,wood-plaque,product_type,52.2
2026-03-30,wood-plaque,product_type,48.4
2026-04-06,wood-plaque,product_type,68.5
2026-04-13,wood-plaque,product_type,64.5
2026-04-20,wood-plaque,product_type,64.7
2026-04-27,wood-plaque,product_type,66.4
2026-05-04,wood-plaque,product_type,86.0
2026-05-11,wood-plaque,product_type,93.6
2026-05-18,wood-plaque,product_type,94.1
2026-05-25,wood-plaque,product_type,91.5
2026-06-01,wood-plaque,product_type,108.6
2026-06-08,wood-plaque,product_type,106.4
2026-06-15,wood-plaque,product_type,110.1
2026-06-22,wood-plaque,product_type,105.2
2026-06-29,wood-plaque,product_type,107.8
2026-07-06,wood-plaque,product_type,92.1
2026-07-13,wood-plaque,product_type,92.0
2026-07-20,wood-plaque,product_type,95.5
2026-07-27,wood-plaque,product_type,99.0
2026-08-03,wood-plaque,product_type,66.5
2026-08-10,wood-plaque,product_type,68.3
2026-08-17,wood-plaque,product_type,64.6
2024-08-26,crystal-plaque,product_type,54.2
2024-09-02,crystal-plaque,product_type,40.9
2024-09-09,crystal-plaque,product_type,51.9
2024-09-16,crystal-plaque,product_type,37.5
2024-09-23,crystal-plaque,product_type,49.0
2024-09-30,crystal-plaque,product_type,45.5
2024-10-07,crystal-plaque,product_type,37.4
2024-10-14,crystal-plaque,product_type,47.7
2024-10-21,crystal-plaque,product_type,38.0
2024-10-28,crystal-plaque,product_type,39.9
2024-11-04,crystal-plaque,product_type,36.7
2024-11-11,crystal-plaque,product_type,40.2
2024-11-18,crystal-plaque,product_type,40.5
2024-11-25,crystal-plaque,product_type,43.2
2024-12-02,crystal-plaque,product_type,48.0
2024-12-09,crystal-plaque,product_type,39.2
2024-12-16,crystal-plaque,product_type,32.5
2024-12-23,crystal-plaque,product_type,42.7
2024-12-30,crystal-plaque,product_type,39.1
2025-01-06,crystal-plaque,product_type,46.2
2025-01-13,crystal-plaque,product_type,40.7
2025-01-20,crystal-plaque,product_type,38.5
2025-01-27,crystal-plaque,product_type,37.8
2025-02-03,crystal-plaque,product_type,42.9
2025-02-10,crystal-plaque,product_type,40.3
2025-02-17,crystal-plaque,product_type,45.5
2025-02-24,crystal-plaque,product_type,40.5
2025-03-03,crystal-plaque,product_type,47.2
2025-03-10,crystal-plaque,product_type,38.9
2025-03-17,crystal-plaque,product_type,37.8
2025-03-24,crystal-plaque,product_type,45.5
2025-03-31,crystal-plaque,product_type,41.7
2025-04-07,crystal-plaque,product_type,51.1
2025-04-14,crystal-plaque,product_type,48.9
2025-04-21,crystal-plaque,product_type,48.7
2025-04-28,crystal-plaque,product_type,53.8
2025-05-05,crystal-plaque,product_type,70.5
2025-05-12,crystal-plaque,product_type,67.4
2025-05-19,crystal-plaque,product_type,73.0
2025-05-26,crystal-plaque,product_type,74.2
2025-06-02,crystal-plaque,product_type,82.0
2025-06-09,crystal-plaque,product_type,85.4
2025-06-16,crystal-plaque,product_type,79.4
2025-06-23,crystal-plaque,product_type,84.2
2025-06-30,crystal-plaque,product_type,83.0
2025-07-07,crystal-plaque,product_type,68.5
2025-07-14,crystal-plaque,product_type,77.1
2025-07-21,crystal-plaque,product_type,71.6
2025-07-28,crystal-plaque,product_type,69.2
2025-08-04,crystal-plaque,product_type,52.3
2025-08-11,crystal-plaque,product_type,49.7
2025-08-18,crystal-plaque,product_type,48.8
2025-08-25,crystal-plaque,product_type,51.0
2025-09-01,crystal-plaque,product_type,42.4
2025-09-08,crystal-plaque,product_type,41.1
2025-09-15,crystal-plaque,product_type,47.3
2025-09-22,crystal-plaque,product_type,41.3
2025-09-29,crystal-plaque,product_type,40.8
2025-10-06,crystal-plaque,product_type,38.2
2025-10-13,crystal-plaque,product_type,37.9
2025-10-20,crystal-plaque,product_type,44.8
2025-10-27,crystal-plaque,product_type,42.6
2025-11-03,crystal-plaque,product_type,43.7
2025-11-10,crystal-plaque,product_type,44.7
2025-11-17,crystal-plaque,product_type,40.6
2025-11-24,crystal-plaque,product_type,46.1
2025-12-01,crystal-plaque,product_type,39.8
2025-12-08,crystal-plaque,product_type,38.4
2025-12-15,crystal-plaque,product_type,42.8
2025-12-22,crystal-plaque,product_type,42.2
2025-12-29,crystal-plaque,product_type,42.2
2026-01-05,crystal-plaque,product_type,44.8
2026-01-12,crystal-plaque,product_type,42.1
2026-01-19,crystal-plaque,product_type,42.7
2026-01-26,crystal-plaque,product_type,45.9
2026-02-02,crystal-plaque,product_type,42.9
2026-02-09,crystal-plaque,product_type,43.6
2026-02-16,crystal-plaque,product_type,37.8
2026-02-23,crystal-plaque,product_type,53.3
2026-03-02,crystal-plaque,product_type,39.2
2026-03-09,crystal-plaque,product_type,42.4
2026-03-16,crystal-plaque,product_type,42.3
2026-03-23,crystal-plaque,product_type,50.4
2026-03-30,crystal-plaque,product_type,42.3
2026-04-06,crystal-plaque,product_type,54.4
2026-04-13,crystal-plaque,product_type,51.4
2026-04-20,crystal-plaque,product_type,50.0
2026-04-27,crystal-plaque,product_type,54.9
2026-05-04,crystal-plaque,product_type,70.1
2026-05-11,crystal-plaque,product_type,72.9
2026-05-18,crystal-plaque,product_type,74.2
2026-05-25,crystal-plaque,product_type,78.1
2026-06-01,crystal-plaque,product_type,80.5
2026-06-08,crystal-plaque,product_type,83.9
2026-06-15,crystal-plaque,product_type,84.1
2026-06-22,crystal-plaque,product_type,84.4
2026-06-29,crystal-plaque,product_type,92.2
2026-07-06,crystal-plaque,product_type,72.0
2026-07-13,crystal-plaque,product_type,65.0
2026-07-20,crystal-plaque,product_type,72.0
2026-07-27,crystal-plaque,product_type,72.3
2026-08-03,crystal-plaque,product_type,52.8
2026-08-10,crystal-plaque,product_type,51.4
2026-08-17,crystal-plaque,product_type,49.6
2024-08-26,acrylic-plaque,product_type,85.8
2024-09-02,acrylic-plaque,product_type,67.1
2024-09-09,acrylic-plaque,product_type,65.9
2024-09-16,acrylic-plaque,product_type,73.2
2024-09-23,acrylic-plaque,product_type,64.5
2024-09-30,acrylic-plaque,product_type,69.2
2024-10-07,acrylic-plaque,product_type,61.0
2024-10-14,acrylic-plaque,product_type,67.3
2024-10-21,acrylic-plaque,product_type,62.0
2024-10-28,acrylic-plaque,product_type,67.1
2024-11-04,acrylic-plaque,product_type,71.5
2024-11-11,acrylic-plaque,product_type,66.2
2024-11-18,acrylic-plaque,product_type,59.6
2024-11-25,acrylic-plaque,product_type,66.6
2024-12-02,acrylic-plaque,product_type,68.2
2024-12-09,acrylic-plaque,product_type,69.7
2024-12-16,acrylic-plaque,product_type,71.7
2024-12-23,acrylic-plaque,product_type,72.2
2024-12-30,acrylic-plaque,product_type,67.5
2025-01-06,acrylic-plaque,product_type,66.2
2025-01-13,acrylic-plaque,product_type,65.1
2025-01-20,acrylic-plaque,product_type,67.1
2025-01-27,acrylic-plaque,product_type,70.5
2025-02-03,acrylic-plaque,product_type,65.6
2025-02-10,acrylic-plaque,product_type,67.2
2025-02-17,acrylic-plaque,product_type,71.9
2025-02-24,acrylic-plaque,product_type,68.6
2025-03-03,acrylic-plaque,product_type,75.1
2025-03-10,acrylic-plaque,product_type,71.9
2025-03-17,acrylic-plaque,product_type,75.5
2025-03-24,acrylic-plaque,product_type,72.6
2025-03-31,acrylic-plaque,product_type,69.5
2025-04-07,acrylic-plaque,product_type,93.8
2025-04-14,acrylic-plaque,product_type,89.2
2025-04-21,acrylic-plaque,product_type,90.9
2025-04-28,acrylic-plaque,product_type,89.9
2025-05-05,acrylic-plaque,product_type,127.1
2025-05-12,acrylic-plaque,product_type,126.9
2025-05-19,acrylic-plaque,product_type,128.1
2025-05-26,acrylic-plaque,product_type,125.3
2025-06-02,acrylic-plaque,product_type,148.3
2025-06-09,acrylic-plaque,product_type,150.2
2025-06-16,acrylic-plaque,product_type,154.2
2025-06-23,acrylic-plaque,product_type,151.1
2025-06-30,acrylic-plaque,product_type,147.7
2025-07-07,acrylic-plaque,product_type,130.7
2025-07-14,acrylic-plaque,product_type,129.9
2025-07-21,acrylic-plaque,product_type,124.9
2025-07-28,acrylic-plaque,product_type,125.8
2025-08-04,acrylic-plaque,product_type,96.9
2025-08-11,acrylic-plaque,product_type,97.5
2025-08-18,acrylic-plaque,product_type,96.9
2025-08-25,acrylic-plaque,product_type,100.8
2025-09-01,acrylic-plaque,product_type,79.0
2025-09-08,acrylic-plaque,product_type,78.0
2025-09-15,acrylic-plaque,product_type,80.0
2025-09-22,acrylic-plaque,product_type,80.9
2025-09-29,acrylic-plaque,product_type,82.9
2025-10-06,acrylic-plaque,product_type,77.4
2025-10-13,acrylic-plaque,product_type,73.6
2025-10-20,acrylic-plaque,product_type,72.6
2025-10-27,acrylic-plaque,product_type,81.0
2025-11-03,acrylic-plaque,product_type,77.1
2025-11-10,acrylic-plaque,product_type,74.8
2025-11-17,acrylic-plaque,product_type,83.0
2025-11-24,acrylic-plaque,product_type,86.0
2025-12-01,acrylic-plaque,product_type,81.4
2025-12-08,acrylic-plaque,product_type,82.8
2025-12-15,acrylic-plaque,product_type,83.1
2025-12-22,acrylic-plaque,product_type,75.6
2025-12-29,acrylic-plaque,product_type,85.5
2026-01-05,acrylic-plaque,product_type,86.8
2026-01-12,acrylic-plaque,product_type,88.9
2026-01-19,acrylic-plaque,product_type,82.4
2026-01-26,acrylic-plaque,product_type,80.6
2026-02-02,acrylic-plaque,product_type,88.7
2026-02-09,acrylic-plaque,product_type,86.5
2026-02-16,acrylic-plaque,product_type,87.9
2026-02-23,acrylic-plaque,product_type,83.6
2026-03-02,acrylic-plaque,product_type,90.5
2026-03-09,acrylic-plaque,product_type,86.8
2026-03-16,acrylic-plaque,product_type,90.2
2026-03-23,acrylic-plaque,product_type,89.5
2026-03-30,acrylic-plaque,product_type,97.9
2026-04-06,acrylic-plaque,product_type,111.4
2026-04-13,acrylic-plaque,product_type,103.7
2026-04-20,acrylic-plaque,product_type,110.5
2026-04-27,acrylic-plaque,product_type,111.9
2026-05-04,acrylic-plaque,product_type,149.6
2026-05-11,acrylic-plaque,product_type,148.2
2026-05-18,acrylic-plaque,product_type,154.0
2026-05-25,acrylic-plaque,product_type,149.6
2026-06-01,acrylic-plaque,product_type,180.0
2026-06-08,acrylic-plaque,product_type,175.7
2026-06-15,acrylic-plaque,product_type,177.8
2026-06-22,acrylic-plaque,product_type,182.8
2026-06-29,acrylic-plaque,product_type,182.0
2026-07-06,acrylic-plaque,product_type,155.6
2026-07-13,acrylic-plaque,product_type,155.9
2026-07-20,acrylic-plaque,product_type,156.7
2026-07-27,acrylic-plaque,product_type,154.6
2026-08-03,acrylic-plaque,product_type,111.4
2026-08-10,acrylic-plaque,product_type,118.0
2026-08-17,acrylic-plaque,product_type,121.2
2024-08-26,car-charm,product_type,72.1
2024-09-02,car-charm,product_type,73.3
2024-09-09,car-charm,product_type,68.7
2024-09-16,car-charm,product_type,74.7
2024-09-23,car-charm,product_type,73.2
2024-09-30,car-charm,product_type,73.8
2024-10-07,car-charm,product_type,86.1
2024-10-14,car-charm,product_type,87.4
2024-10-21,car-charm,product_type,79.0
2024-10-28,car-charm,product_type,78.2
2024-11-04,car-charm,product_type,106.7
2024-11-11,car-charm,product_type,103.1
2024-11-18,car-charm,product_type,102.2
2024-11-25,car-charm,product_type,108.7
2024-12-02,car-charm,product_type,116.8
2024-12-09,car-charm,product_type,119.3
2024-12-16,car-charm,product_type,114.0
2024-12-23,car-charm,product_type,118.6
2024-12-30,car-charm,product_type,121.6
2025-01-06,car-charm,product_type,106.4
2025-01-13,car-charm,product_type,105.5
2025-01-20,car-charm,product_type,101.7
2025-01-27,car-charm,product_type,104.9
2025-02-03,car-charm,product_type,79.2
2025-02-10,car-charm,product_type,76.3
2025-02-17,car-charm,product_type,78.4
2025-02-24,car-charm,product_type,79.7
2025-03-03,car-charm,product_type,61.9
2025-03-10,car-charm,product_type,62.4
2025-03-17,car-charm,product_type,64.9
2025-03-24,car-charm,product_type,61.4
2025-03-31,car-charm,product_type,61.1
2025-04-07,car-charm,product_type,61.1
2025-04-14,car-charm,product_type,65.1
2025-04-21,car-charm,product_type,64.8
2025-04-28,car-charm,product_type,62.6
2025-05-05,car-charm,product_type,61.7
2025-05-12,car-charm,product_type,67.1
2025-05-19,car-charm,product_type,59.0
2025-05-26,car-charm,product_type,61.1
2025-06-02,car-charm,product_type,58.4
2025-06-09,car-charm,product_type,56.0
2025-06-16,car-charm,product_type,63.2
2025-06-23,car-charm,product_type,58.5
2025-06-30,car-charm,product_type,61.2
2025-07-07,car-charm,product_type,58.2
2025-07-14,car-charm,product_type,62.4
2025-07-21,car-charm,product_type,55.4
2025-07-28,car-charm,product_type,61.7
2025-08-04,car-charm,product_type,60.8
2025-08-11,car-charm,product_type,52.5
2025-08-18,car-charm,product_type,56.1
2025-08-25,car-charm,product_type,60.5
2025-09-01,car-charm,product_type,64.1
2025-09-08,car-charm,product_type,61.1
2025-09-15,car-charm,product_type,57.5
2025-09-22,car-charm,product_type,55.5
2025-09-29,car-charm,product_type,59.9
2025-10-06,car-charm,product_type,66.2
2025-10-13,car-charm,product_type,66.0
2025-10-20,car-charm,product_type,66.2
2025-10-27,car-charm,product_type,69.2
2025-11-03,car-charm,product_type,91.5
2025-11-10,car-charm,product_type,88.7
2025-11-17,car-charm,product_type,85.3
2025-11-24,car-charm,product_type,82.2
2025-12-01,car-charm,product_type,98.7
2025-12-08,car-charm,product_type,101.2
2025-12-15,car-charm,product_type,98.8
2025-12-22,car-charm,product_type,96.0
2025-12-29,car-charm,product_type,93.5
2026-01-05,car-charm,product_type,83.6
2026-01-12,car-charm,product_type,85.6
2026-01-19,car-charm,product_type,82.5
2026-01-26,car-charm,product_type,81.1
2026-02-02,car-charm,product_type,60.3
2026-02-09,car-charm,product_type,69.8
2026-02-16,car-charm,product_type,59.1
2026-02-23,car-charm,product_type,58.5
2026-03-02,car-charm,product_type,53.0
2026-03-09,car-charm,product_type,51.7
2026-03-16,car-charm,product_type,55.1
2026-03-23,car-charm,product_type,54.9
2026-03-30,car-charm,product_type,47.9
2026-04-06,car-charm,product_type,47.2
2026-04-13,car-charm,product_type,46.6
2026-04-20,car-charm,product_type,51.3
2026-04-27,car-charm,product_type,50.0
2026-05-04,car-charm,product_type,47.2
2026-05-11,car-charm,product_type,48.7
2026-05-18,car-charm,product_type,44.4
2026-05-25,car-charm,product_type,45.3
2026-06-01,car-charm,product_type,43.4
2026-06-08,car-charm,product_type,47.5
2026-06-15,car-charm,product_type,47.2
2026-06-22,car-charm,product_type,43.6
2026-06-29,car-charm,product_type,47.6
2026-07-06,car-charm,product_type,49.2
2026-07-13,car-charm,product_type,42.7
2026-07-20,car-charm,product_type,44.6
2026-07-27,car-charm,product_type,46.9
2026-08-03,car-charm,product_type,45.2
2026-08-10,car-charm,product_type,40.9
2026-08-17,car-charm,product_type,43.4
2024-08-26,bar-necklace,product_type,49.5
2024-09-02,bar-necklace,product_type,47.8
2024-09-09,bar-necklace,product_type,47.7
2024-09-16,bar-necklace,product_type,52.6
2024-09-23,bar-necklace,product_type,47.1
2024-09-30,bar-necklace,product_type,42.3
2024-10-07,bar-necklace,product_type,47.3
2024-10-14,bar-necklace,product_type,52.1
2024-10-21,bar-necklace,product_type,46.1
2024-10-28,bar-necklace,product_type,45.1
2024-11-04,bar-necklace,product_type,45.3
2024-11-11,bar-necklace,product_type,47.8
2024-11-18,bar-necklace,product_type,44.9
2024-11-25,bar-necklace,product_type,41.1
2024-12-02,bar-necklace,product_type,43.4
2024-12-09,bar-necklace,product_type,45.0
2024-12-16,bar-necklace,product_type,46.6
2024-12-23,bar-necklace,product_type,43.1
2024-12-30,bar-necklace,product_type,43.7
2025-01-06,bar-necklace,product_type,44.8
2025-01-13,bar-necklace,product_type,42.1
2025-01-20,bar-necklace,product_type,44.0
2025-01-27,bar-necklace,product_type,45.4
2025-02-03,bar-necklace,product_type,42.5
2025-02-10,bar-necklace,product_type,46.7
2025-02-17,bar-necklace,product_type,42.3
2025-02-24,bar-necklace,product_type,42.2
2025-03-03,bar-necklace,product_type,53.2
2025-03-10,bar-necklace,product_type,59.1
2025-03-17,bar-necklace,product_type,49.6
2025-03-24,bar-necklace,product_type,53.1
2025-03-31,bar-necklace,product_type,54.1
2025-04-07,bar-necklace,product_type,78.3
2025-04-14,bar-necklace,product_type,80.2
2025-04-21,bar-necklace,product_type,72.8
2025-04-28,bar-necklace,product_type,75.3
2025-05-05,bar-necklace,product_type,85.8
2025-05-12,bar-necklace,product_type,85.4
2025-05-19,bar-necklace,product_type,86.1
2025-05-26,bar-necklace,product_type,80.1
2025-06-02,bar-necklace,product_type,71.7
2025-06-09,bar-necklace,product_type,72.9
2025-06-16,bar-necklace,product_type,68.6
2025-06-23,bar-necklace,product_type,72.2
2025-06-30,bar-necklace,product_type,65.2
2025-07-07,bar-necklace,product_type,50.8
2025-07-14,bar-necklace,product_type,54.3
2025-07-21,bar-necklace,product_type,49.4
2025-07-28,bar-necklace,product_type,46.8
2025-08-04,bar-necklace,product_type,36.2
2025-08-11,bar-necklace,product_type,41.5
2025-08-18,bar-necklace,product_type,42.9
2025-08-25,bar-necklace,product_type,39.7
2025-09-01,bar-necklace,product_type,36.4
2025-09-08,bar-necklace,product_type,31.8
2025-09-15,bar-necklace,product_type,37.7
2025-09-22,bar-necklace,product_type,35.1
2025-09-29,bar-necklace,product_type,35.1
2025-10-06,bar-necklace,product_type,41.4
2025-10-13,bar-necklace,product_type,31.0
2025-10-20,bar-necklace,product_type,31.2
2025-10-27,bar-necklace,product_type,36.7
2025-11-03,bar-necklace,product_type,34.6
2025-11-10,bar-necklace,product_type,34.0
2025-11-17,bar-necklace,product_type,36.2
2025-11-24,bar-necklace,product_type,35.9
2025-12-01,bar-necklace,product_type,32.0
2025-12-08,bar-necklace,product_type,33.0
2025-12-15,bar-necklace,product_type,34.7
2025-12-22,bar-necklace,product_type,34.9
2025-12-29,bar-necklace,product_type,35.6
2026-01-05,bar-necklace,product_type,32.4
2026-01-12,bar-necklace,product_type,35.0
2026-01-19,bar-necklace,product_type,36.6
2026-01-26,bar-necklace,product_type,33.7
2026-02-02,bar-necklace,product_type,34.7
2026-02-09,bar-necklace,product_type,34.0
2026-02-16,bar-necklace,product_type,32.7
2026-02-23,bar-necklace,product_type,31.5
2026-03-02,bar-necklace,product_type,40.8
2026-03-09,bar-necklace,product_type,42.8
2026-03-16,bar-necklace,product_type,38.5
2026-03-23,bar-necklace,product_type,40.7
2026-03-30,bar-necklace,product_type,40.1
2026-04-06,bar-necklace,product_type,61.3
2026-04-13,bar-necklace,product_type,57.8
2026-04-20,bar-necklace,product_type,57.4
2026-04-27,bar-necklace,product_type,57.7
2026-05-04,bar-necklace,product_type,62.5
2026-05-11,bar-necklace,product_type,67.8
2026-05-18,bar-necklace,product_type,63.7
2026-05-25,bar-necklace,product_type,62.7
2026-06-01,bar-necklace,product_type,49.5
2026-06-08,bar-necklace,product_type,51.6
2026-06-15,bar-necklace,product_type,47.1
2026-06-22,bar-necklace,product_type,51.3
2026-06-29,bar-necklace,product_type,50.0
2026-07-06,bar-necklace,product_type,35.8
2026-07-13,bar-necklace,product_type,32.6
2026-07-20,bar-necklace,product_type,38.6
2026-07-27,bar-necklace,product_type,38.0
2026-08-03,bar-necklace,product_type,34.5
2026-08-10,bar-necklace,product_type,34.2
2026-08-17,bar-necklace,product_type,29.5
2024-08-26,bead-bracelet,product_type,43.3
2024-09-02,bead-bracelet,product_type,41.0
2024-09-09,bead-bracelet,product_type,39.0
2024-09-16,bead-bracelet,product_type,39.4
2024-09-23,bead-bracelet,product_type,42.2
2024-09-30,bead-bracelet,product_type,52.6
2024-10-07,bead-bracelet,product_type,44.0
2024-10-14,bead-bracelet,product_type,41.3
2024-10-21,bead-bracelet,product_type,42.0
2024-10-28,bead-bracelet,product_type,42.0
2024-11-04,bead-bracelet,product_type,42.5
2024-11-11,bead-bracelet,product_type,45.1
2024-11-18,bead-bracelet,product_type,42.3
2024-11-25,bead-bracelet,product_type,39.8
2024-12-02,bead-bracelet,product_type,54.6
2024-12-09,bead-bracelet,product_type,55.1
2024-12-16,bead-bracelet,product_type,52.8
2024-12-23,bead-bracelet,product_type,54.2
2024-12-30,bead-bracelet,product_type,56.2
2025-01-06,bead-bracelet,product_type,75.2
2025-01-13,bead-bracelet,product_type,74.0
2025-01-20,bead-bracelet,product_type,73.2
2025-01-27,bead-bracelet,product_type,74.6
2025-02-03,bead-bracelet,product_type,93.8
2025-02-10,bead-bracelet,product_type,88.7
2025-02-17,bead-bracelet,product_type,90.4
2025-02-24,bead-bracelet,product_type,88.3
2025-03-03,bead-bracelet,product_type,74.3
2025-03-10,bead-bracelet,product_type,72.9
2025-03-17,bead-bracelet,product_type,75.9
2025-03-24,bead-bracelet,product_type,74.1
2025-03-31,bead-bracelet,product_type,79.5
2025-04-07,bead-bracelet,product_type,53.2
2025-04-14,bead-bracelet,product_type,53.4
2025-04-21,bead-bracelet,product_type,53.0
2025-04-28,bead-bracelet,product_type,54.7
2025-05-05,bead-bracelet,product_type,47.7
2025-05-12,bead-bracelet,product_type,40.1
2025-05-19,bead-bracelet,product_type,44.1
2025-05-26,bead-bracelet,product_type,38.5
2025-06-02,bead-bracelet,product_type,44.7
2025-06-09,bead-bracelet,product_type,40.7
2025-06-16,bead-bracelet,product_type,36.6
2025-06-23,bead-bracelet,product_type,37.3
2025-06-30,bead-bracelet,product_type,43.6
2025-07-07,bead-bracelet,product_type,35.9
2025-07-14,bead-bracelet,product_type,41.7
2025-07-21,bead-bracelet,product_type,39.6
2025-07-28,bead-bracelet,product_type,40.3
2025-08-04,bead-bracelet,product_type,38.9
2025-08-11,bead-bracelet,product_type,38.1
2025-08-18,bead-bracelet,product_type,39.5
2025-08-25,bead-bracelet,product_type,42.7
2025-09-01,bead-bracelet,product_type,40.1
2025-09-08,bead-bracelet,product_type,42.3
2025-09-15,bead-bracelet,product_type,40.3
2025-09-22,bead-bracelet,product_type,42.9
2025-09-29,bead-bracelet,product_type,42.3
2025-10-06,bead-bracelet,product_type,39.7
2025-10-13,bead-bracelet,product_type,38.5
2025-10-20,bead-bracelet,product_type,44.2
2025-10-27,bead-bracelet,product_type,38.9
2025-11-03,bead-bracelet,product_type,45.1
2025-11-10,bead-bracelet,product_type,43.7
2025-11-17,bead-bracelet,product_type,42.2
2025-11-24,bead-bracelet,product_type,44.9
2025-12-01,bead-bracelet,product_type,58.3
2025-12-08,bead-bracelet,product_type,56.1
2025-12-15,bead-bracelet,product_type,54.6
2025-12-22,bead-bracelet,product_type,59.1
2025-12-29,bead-bracelet,product_type,49.3
2026-01-05,bead-bracelet,product_type,73.4
2026-01-12,bead-bracelet,product_type,75.4
2026-01-19,bead-bracelet,product_type,81.1
2026-01-26,bead-bracelet,product_type,79.7
2026-02-02,bead-bracelet,product_type,85.8
2026-02-09,bead-bracelet,product_type,89.6
2026-02-16,bead-bracelet,product_type,87.0
2026-02-23,bead-bracelet,product_type,90.9
2026-03-02,bead-bracelet,product_type,79.7
2026-03-09,bead-bracelet,product_type,79.9
2026-03-16,bead-bracelet,product_type,77.8
2026-03-23,bead-bracelet,product_type,75.8
2026-03-30,bead-bracelet,product_type,76.8
2026-04-06,bead-bracelet,product_type,56.6
2026-04-13,bead-bracelet,product_type,61.6
2026-04-20,bead-bracelet,product_type,51.0
2026-04-27,bead-bracelet,product_type,59.4
2026-05-04,bead-bracelet,product_type,44.7
2026-05-11,bead-bracelet,product_type,46.5
2026-05-18,bead-bracelet,product_type,44.6
2026-05-25,bead-bracelet,product_type,48.3
2026-06-01,bead-bracelet,product_type,42.8
2026-06-08,bead-bracelet,product_type,39.9
2026-06-15,bead-bracelet,product_type,43.2
2026-06-22,bead-bracelet,product_type,45.2
2026-06-29,bead-bracelet,product_type,41.9
2026-07-06,bead-bracelet,product_type,35.4
2026-07-13,bead-bracelet,product_type,41.3
2026-07-20,bead-bracelet,product_type,42.0
2026-07-27,bead-bracelet,product_type,41.6
2026-08-03,bead-bracelet,product_type,40.2
2026-08-10,bead-bracelet,product_type,45.7
2026-08-17,bead-bracelet,product_type,34.6
2024-08-26,wallet-card,product_type,54.5
2024-09-02,wallet-card,product_type,43.4
2024-09-09,wallet-card,product_type,49.4
2024-09-16,wallet-card,product_type,43.1
2024-09-23,wallet-card,product_type,44.6
2024-09-30,wallet-card,product_type,43.7
2024-10-07,wallet-card,product_type,41.3
2024-10-14,wallet-card,product_type,46.3
2024-10-21,wallet-card,product_type,37.8
2024-10-28,wallet-card,product_type,39.2
2024-11-04,wallet-card,product_type,43.2
2024-11-11,wallet-card,product_type,41.8
2024-11-18,wallet-card,product_type,40.3
2024-11-25,wallet-card,product_type,41.0
2024-12-02,wallet-card,product_type,44.0
2024-12-09,wallet-card,product_type,42.8
2024-12-16,wallet-card,product_type,39.2
2024-12-23,wallet-card,product_type,42.1
2024-12-30,wallet-card,product_type,41.3
2025-01-06,wallet-card,product_type,43.0
2025-01-13,wallet-card,product_type,40.7
2025-01-20,wallet-card,product_type,38.1
2025-01-27,wallet-card,product_type,43.8
2025-02-03,wallet-card,product_type,43.7
2025-02-10,wallet-card,product_type,46.4
2025-02-17,wallet-card,product_type,38.2
2025-02-24,wallet-card,product_type,42.0
2025-03-03,wallet-card,product_type,44.1
2025-03-10,wallet-card,product_type,43.7
2025-03-17,wallet-card,product_type,40.3
2025-03-24,wallet-card,product_type,41.8
2025-03-31,wallet-card,product_type,45.9
2025-04-07,wallet-card,product_type,55.4
2025-04-14,wallet-card,product_type,54.5
2025-04-21,wallet-card,product_type,61.4
2025-04-28,wallet-card,product_type,64.3
2025-05-05,wallet-card,product_type,82.2
2025-05-12,wallet-card,product_type,78.0
2025-05-19,wallet-card,product_type,83.8
2025-05-26,wallet-card,product_type,76.5
2025-06-02,wallet-card,product_type,94.6
2025-06-09,wallet-card,product_type,100.1
2025-06-16,wallet-card,product_type,94.8
2025-06-23,wallet-card,product_type,98.2
2025-06-30,wallet-card,product_type,94.8
2025-07-07,wallet-card,product_type,83.6
2025-07-14,wallet-card,product_type,87.0
2025-07-21,wallet-card,product_type,81.9
2025-07-28,wallet-card,product_type,83.8
2025-08-04,wallet-card,product_type,55.9
2025-08-11,wallet-card,product_type,56.2
2025-08-18,wallet-card,product_type,56.1
2025-08-25,wallet-card,product_type,61.0
2025-09-01,wallet-card,product_type,42.3
2025-09-08,wallet-card,product_type,45.6
2025-09-15,wallet-card,product_type,47.9
2025-09-22,wallet-card,product_type,49.5
2025-09-29,wallet-card,product_type,48.2
2025-10-06,wallet-card,product_type,44.1
2025-10-13,wallet-card,product_type,42.7
2025-10-20,wallet-card,product_type,47.2
2025-10-27,wallet-card,product_type,41.9
2025-11-03,wallet-card,product_type,41.8
2025-11-10,wallet-card,product_type,48.4
2025-11-17,wallet-card,product_type,45.5
2025-11-24,wallet-card,product_type,45.7
2025-12-01,wallet-card,product_type,46.4
2025-12-08,wallet-card,product_type,44.3
2025-12-15,wallet-card,product_type,40.4
2025-12-22,wallet-card,product_type,45.5
2025-12-29,wallet-card,product_type,44.8
2026-01-05,wallet-card,product_type,42.3
2026-01-12,wallet-card,product_type,41.7
2026-01-19,wallet-card,product_type,44.9
2026-01-26,wallet-card,product_type,41.0
2026-02-02,wallet-card,product_type,45.0
2026-02-09,wallet-card,product_type,44.7
2026-02-16,wallet-card,product_type,45.2
2026-02-23,wallet-card,product_type,46.8
2026-03-02,wallet-card,product_type,50.2
2026-03-09,wallet-card,product_type,46.3
2026-03-16,wallet-card,product_type,51.1
2026-03-23,wallet-card,product_type,47.9
2026-03-30,wallet-card,product_type,53.9
2026-04-06,wallet-card,product_type,59.6
2026-04-13,wallet-card,product_type,56.7
2026-04-20,wallet-card,product_type,64.1
2026-04-27,wallet-card,product_type,62.9
2026-05-04,wallet-card,product_type,92.4
2026-05-11,wallet-card,product_type,89.8
2026-05-18,wallet-card,product_type,96.0
2026-05-25,wallet-card,product_type,88.6
2026-06-01,wallet-card,product_type,109.5
2026-06-08,wallet-card,product_type,104.9
2026-06-15,wallet-card,product_type,108.1
2026-06-22,wallet-card,product_type,108.8
2026-06-29,wallet-card,product_type,109.4
2026-07-06,wallet-card,product_type,92.2
2026-07-13,wallet-card,product_type,80.3
2026-07-20,wallet-card,product_type,89.9
2026-07-27,wallet-card,product_type,88.5
2026-08-03,wallet-card,product_type,61.7
2026-08-10,wallet-card,product_type,62.1
2026-08-17,wallet-card,product_type,66.0
2024-08-26,photo-puzzle,product_type,64.7
2024-09-02,photo-puzzle,product_type,66.2
2024-09-09,photo-puzzle,product_type,62.9
2024-09-16,photo-puzzle,product_type,71.4
2024-09-23,photo-puzzle,product_type,64.5
2024-09-30,photo-puzzle,product_type,65.6
2024-10-07,photo-puzzle,product_type,90.3
2024-10-14,photo-puzzle,product_type,81.5
2024-10-21,photo-puzzle,product_type,82.0
2024-10-28,photo-puzzle,product_type,83.0
2024-11-04,photo-puzzle,product_type,114.8
2024-11-11,photo-puzzle,product_type,113.7
2024-11-18,photo-puzzle,product_type,116.6
2024-11-25,photo-puzzle,product_type,115.9
2024-12-02,photo-puzzle,product_type,139.9
2024-12-09,photo-puzzle,product_type,135.7
2024-12-16,photo-puzzle,product_type,138.9
2024-12-23,photo-puzzle,product_type,130.2
2024-12-30,photo-puzzle,product_type,135.5
2025-01-06,photo-puzzle,product_type,113.6
2025-01-13,photo-puzzle,product_type,112.7
2025-01-20,photo-puzzle,product_type,110.4
2025-01-27,photo-puzzle,product_type,108.2
2025-02-03,photo-puzzle,product_type,74.2
2025-02-10,photo-puzzle,product_type,77.9
2025-02-17,photo-puzzle,product_type,71.9
2025-02-24,photo-puzzle,product_type,76.1
2025-03-03,photo-puzzle,product_type,60.1
2025-03-10,photo-puzzle,product_type,51.1
2025-03-17,photo-puzzle,product_type,55.5
2025-03-24,photo-puzzle,product_type,52.5
2025-03-31,photo-puzzle,product_type,50.5
2025-04-07,photo-puzzle,product_type,53.8
2025-04-14,photo-puzzle,product_type,52.4
2025-04-21,photo-puzzle,product_type,51.4
2025-04-28,photo-puzzle,product_type,47.0
2025-05-05,photo-puzzle,product_type,50.1
2025-05-12,photo-puzzle,product_type,45.1
2025-05-19,photo-puzzle,product_type,48.9
2025-05-26,photo-puzzle,product_type,46.3
2025-06-02,photo-puzzle,product_type,51.1
2025-06-09,photo-puzzle,product_type,46.4
2025-06-16,photo-puzzle,product_type,47.8
2025-06-23,photo-puzzle,product_type,47.4
2025-06-30,photo-puzzle,product_type,46.1
2025-07-07,photo-puzzle,product_type,46.2
2025-07-14,photo-puzzle,product_type,46.4
2025-07-21,photo-puzzle,product_type,42.5
2025-07-28,photo-puzzle,product_type,46.0
2025-08-04,photo-puzzle,product_type,47.3
2025-08-11,photo-puzzle,product_type,45.5
2025-08-18,photo-puzzle,product_type,42.8
2025-08-25,photo-puzzle,product_type,44.0
2025-09-01,photo-puzzle,product_type,44.7
2025-09-08,photo-puzzle,product_type,45.0
2025-09-15,photo-puzzle,product_type,41.4
2025-09-22,photo-puzzle,product_type,48.6
2025-09-29,photo-puzzle,product_type,49.9
2025-10-06,photo-puzzle,product_type,53.8
2025-10-13,photo-puzzle,product_type,57.7
2025-10-20,photo-puzzle,product_type,59.2
2025-10-27,photo-puzzle,product_type,51.4
2025-11-03,photo-puzzle,product_type,72.1
2025-11-10,photo-puzzle,product_type,82.3
2025-11-17,photo-puzzle,product_type,77.0
2025-11-24,photo-puzzle,product_type,74.7
2025-12-01,photo-puzzle,product_type,90.5
2025-12-08,photo-puzzle,product_type,88.3
2025-12-15,photo-puzzle,product_type,97.4
2025-12-22,photo-puzzle,product_type,85.9
2025-12-29,photo-puzzle,product_type,87.6
2026-01-05,photo-puzzle,product_type,75.4
2026-01-12,photo-puzzle,product_type,74.5
2026-01-19,photo-puzzle,product_type,73.2
2026-01-26,photo-puzzle,product_type,67.8
2026-02-02,photo-puzzle,product_type,46.2
2026-02-09,photo-puzzle,product_type,39.6
2026-02-16,photo-puzzle,product_type,45.4
2026-02-23,photo-puzzle,product_type,45.2
2026-03-02,photo-puzzle,product_type,37.0
2026-03-09,photo-puzzle,product_type,39.8
2026-03-16,photo-puzzle,product_type,36.1
2026-03-23,photo-puzzle,product_type,36.8
2026-03-30,photo-puzzle,product_type,33.1
2026-04-06,photo-puzzle,product_type,34.6
2026-04-13,photo-puzzle,product_type,30.4
2026-04-20,photo-puzzle,product_type,33.4
2026-04-27,photo-puzzle,product_type,32.0
2026-05-04,photo-puzzle,product_type,30.2
2026-05-11,photo-puzzle,product_type,24.0
2026-05-18,photo-puzzle,product_type,31.5
2026-05-25,photo-puzzle,product_type,28.9
2026-06-01,photo-puzzle,product_type,29.5
2026-06-08,photo-puzzle,product_type,28.0
2026-06-15,photo-puzzle,product_type,28.1
2026-06-22,photo-puzzle,product_type,30.1
2026-06-29,photo-puzzle,product_type,24.4
2026-07-06,photo-puzzle,product_type,26.8
2026-07-13,photo-puzzle,product_type,22.7
2026-07-20,photo-puzzle,product_type,26.4
2026-07-27,photo-puzzle,product_type,25.0
2026-08-03,photo-puzzle,product_type,22.1
2026-08-10,photo-puzzle,product_type,23.9
2026-08-17,photo-puzzle,product_type,21.5
2024-08-26,mouse-pad,product_type,111.5
2024-09-02,mouse-pad,product_type,100.6
2024-09-09,mouse-pad,product_type,100.3
2024-09-16,mouse-pad,product_type,93.7
2024-09-23,mouse-pad,product_type,100.6
2024-09-30,mouse-pad,product_type,98.6
2024-10-07,mouse-pad,product_type,77.3
2024-10-14,mouse-pad,product_type,75.1
2024-10-21,mouse-pad,product_type,78.4
2024-10-28,mouse-pad,product_type,76.9
2024-11-04,mouse-pad,product_type,72.4
2024-11-11,mouse-pad,product_type,63.3
2024-11-18,mouse-pad,product_type,65.7
2024-11-25,mouse-pad,product_type,65.5
2024-12-02,mouse-pad,product_type,67.2
2024-12-09,mouse-pad,product_type,70.0
2024-12-16,mouse-pad,product_type,67.9
2024-12-23,mouse-pad,product_type,63.2
2024-12-30,mouse-pad,product_type,65.1
2025-01-06,mouse-pad,product_type,63.8
2025-01-13,mouse-pad,product_type,67.8
2025-01-20,mouse-pad,product_type,64.9
2025-01-27,mouse-pad,product_type,62.0
2025-02-03,mouse-pad,product_type,68.0
2025-02-10,mouse-pad,product_type,70.0
2025-02-17,mouse-pad,product_type,65.7
2025-02-24,mouse-pad,product_type,66.6
2025-03-03,mouse-pad,product_type,61.7
2025-03-10,mouse-pad,product_type,60.1
2025-03-17,mouse-pad,product_type,60.7
2025-03-24,mouse-pad,product_type,66.1
2025-03-31,mouse-pad,product_type,65.3
2025-04-07,mouse-pad,product_type,68.1
2025-04-14,mouse-pad,product_type,65.8
2025-04-21,mouse-pad,product_type,69.4
2025-04-28,mouse-pad,product_type,69.0
2025-05-05,mouse-pad,product_type,67.6
2025-05-12,mouse-pad,product_type,65.5
2025-05-19,mouse-pad,product_type,62.8
2025-05-26,mouse-pad,product_type,72.8
2025-06-02,mouse-pad,product_type,75.6
2025-06-09,mouse-pad,product_type,74.0
2025-06-16,mouse-pad,product_type,78.9
2025-06-23,mouse-pad,product_type,74.0
2025-06-30,mouse-pad,product_type,78.9
2025-07-07,mouse-pad,product_type,98.5
2025-07-14,mouse-pad,product_type,102.2
2025-07-21,mouse-pad,product_type,102.0
2025-07-28,mouse-pad,product_type,102.8
2025-08-04,mouse-pad,product_type,113.2
2025-08-11,mouse-pad,product_type,110.0
2025-08-18,mouse-pad,product_type,109.5
2025-08-25,mouse-pad,product_type,111.0
2025-09-01,mouse-pad,product_type,105.4
2025-09-08,mouse-pad,product_type,98.7
2025-09-15,mouse-pad,product_type,99.9
2025-09-22,mouse-pad,product_type,104.0
2025-09-29,mouse-pad,product_type,100.2
2025-10-06,mouse-pad,product_type,76.2
2025-10-13,mouse-pad,product_type,80.7
2025-10-20,mouse-pad,product_type,77.2
2025-10-27,mouse-pad,product_type,79.3
2025-11-03,mouse-pad,product_type,70.1
2025-11-10,mouse-pad,product_type,67.0
2025-11-17,mouse-pad,product_type,69.1
2025-11-24,mouse-pad,product_type,73.3
2025-12-01,mouse-pad,product_type,64.5
2025-12-08,mouse-pad,product_type,70.4
2025-12-15,mouse-pad,product_type,64.6
2025-12-22,mouse-pad,product_type,71.8
2025-12-29,mouse-pad,product_type,63.8
2026-01-05,mouse-pad,product_type,65.0
2026-01-12,mouse-pad,product_type,70.7
2026-01-19,mouse-pad,product_type,70.9
2026-01-26,mouse-pad,product_type,68.7
2026-02-02,mouse-pad,product_type,63.0
2026-02-09,mouse-pad,product_type,66.5
2026-02-16,mouse-pad,product_type,66.2
2026-02-23,mouse-pad,product_type,63.6
2026-03-02,mouse-pad,product_type,68.3
2026-03-09,mouse-pad,product_type,63.9
2026-03-16,mouse-pad,product_type,62.3
2026-03-23,mouse-pad,product_type,61.3
2026-03-30,mouse-pad,product_type,71.3
2026-04-06,mouse-pad,product_type,64.9
2026-04-13,mouse-pad,product_type,64.9
2026-04-20,mouse-pad,product_type,63.3
2026-04-27,mouse-pad,product_type,70.5
2026-05-04,mouse-pad,product_type,64.4
2026-05-11,mouse-pad,product_type,64.9
2026-05-18,mouse-pad,product_type,67.5
2026-05-25,mouse-pad,product_type,68.4
2026-06-01,mouse-pad,product_type,80.4
2026-06-08,mouse-pad,product_type,76.4
2026-06-15,mouse-pad,product_type,83.1
2026-06-22,mouse-pad,product_type,76.4
2026-06-29,mouse-pad,product_type,75.4
2026-07-06,mouse-pad,product_type,96.1
2026-07-13,mouse-pad,product_type,97.1
2026-07-20,mouse-pad,product_type,95.9
2026-07-27,mouse-pad,product_type,101.7
2026-08-03,mouse-pad,product_type,109.5
2026-08-10,mouse-pad,product_type,112.1
2026-08-17,mouse-pad,product_type,109.4
2024-08-26,desk-nameplate,product_type,93.9
2024-09-02,desk-nameplate,product_type,90.3
2024-09-09,desk-nameplate,product_type,91.8
2024-09-16,desk-nameplate,product_type,90.8
2024-09-23,desk-nameplate,product_type,82.5
2024-09-30,desk-nameplate,product_type,82.9
2024-10-07,desk-nameplate,product_type,76.3
2024-10-14,desk-nameplate,product_type,69.5
2024-10-21,desk-nameplate,product_type,66.1
2024-10-28,desk-nameplate,product_type,73.5
2024-11-04,desk-nameplate,product_type,62.6
2024-11-11,desk-nameplate,product_type,64.1
2024-11-18,desk-nameplate,product_type,55.7
2024-11-25,desk-nameplate,product_type,61.4
2024-12-02,desk-nameplate,product_type,63.5
2024-12-09,desk-nameplate,product_type,58.7
2024-12-16,desk-nameplate,product_type,64.3
2024-12-23,desk-nameplate,product_type,56.7
2024-12-30,desk-nameplate,product_type,60.3
2025-01-06,desk-nameplate,product_type,65.3
2025-01-13,desk-nameplate,product_type,56.9
2025-01-20,desk-nameplate,product_type,61.1
2025-01-27,desk-nameplate,product_type,62.1
2025-02-03,desk-nameplate,product_type,60.6
2025-02-10,desk-nameplate,product_type,59.5
2025-02-17,desk-nameplate,product_type,57.6
2025-02-24,desk-nameplate,product_type,60.8
2025-03-03,desk-nameplate,product_type,59.9
2025-03-10,desk-nameplate,product_type,55.8
2025-03-17,desk-nameplate,product_type,63.4
2025-03-24,desk-nameplate,product_type,57.4
2025-03-31,desk-nameplate,product_type,55.8
2025-04-07,desk-nameplate,product_type,58.4
2025-04-14,desk-nameplate,product_type,57.5
2025-04-21,desk-nameplate,product_type,59.4
2025-04-28,desk-nameplate,product_type,56.4
2025-05-05,desk-nameplate,product_type,63.1
2025-05-12,desk-nameplate,product_type,65.8
2025-05-19,desk-nameplate,product_type,62.0
2025-05-26,desk-nameplate,product_type,57.3
2025-06-02,desk-nameplate,product_type,66.5
2025-06-09,desk-nameplate,product_type,69.9
2025-06-16,desk-nameplate,product_type,63.3
2025-06-23,desk-nameplate,product_type,65.5
2025-06-30,desk-nameplate,product_type,64.2
2025-07-07,desk-nameplate,product_type,85.7
2025-07-14,desk-nameplate,product_type,91.8
2025-07-21,desk-nameplate,product_type,81.5
2025-07-28,desk-nameplate,product_type,87.7
2025-08-04,desk-nameplate,product_type,93.7
2025-08-11,desk-nameplate,product_type,91.3
2025-08-18,desk-nameplate,product_type,100.0
2025-08-25,desk-nameplate,product_type,101.7
2025-09-01,desk-nameplate,product_type,86.3
2025-09-08,desk-nameplate,product_type,86.1
2025-09-15,desk-nameplate,product_type,85.2
2025-09-22,desk-nameplate,product_type,84.5
2025-09-29,desk-nameplate,product_type,85.9
2025-10-06,desk-nameplate,product_type,70.8
2025-10-13,desk-nameplate,product_type,73.7
2025-10-20,desk-nameplate,product_type,67.1
2025-10-27,desk-nameplate,product_type,69.0
2025-11-03,desk-nameplate,product_type,60.8
2025-11-10,desk-nameplate,product_type,64.1
2025-11-17,desk-nameplate,product_type,68.2
2025-11-24,desk-nameplate,product_type,64.1
2025-12-01,desk-nameplate,product_type,61.7
2025-12-08,desk-nameplate,product_type,62.0
2025-12-15,desk-nameplate,product_type,63.1
2025-12-22,desk-nameplate,product_type,66.5
2025-12-29,desk-nameplate,product_type,54.2
2026-01-05,desk-nameplate,product_type,60.8
2026-01-12,desk-nameplate,product_type,51.2
2026-01-19,desk-nameplate,product_type,61.8
2026-01-26,desk-nameplate,product_type,60.6
2026-02-02,desk-nameplate,product_type,57.3
2026-02-09,desk-nameplate,product_type,50.9
2026-02-16,desk-nameplate,product_type,58.8
2026-02-23,desk-nameplate,product_type,59.5
2026-03-02,desk-nameplate,product_type,58.6
2026-03-09,desk-nameplate,product_type,56.9
2026-03-16,desk-nameplate,product_type,56.1
2026-03-23,desk-nameplate,product_type,58.6
2026-03-30,desk-nameplate,product_type,56.3
2026-04-06,desk-nameplate,product_type,61.3
2026-04-13,desk-nameplate,product_type,58.6
2026-04-20,desk-nameplate,product_type,53.6
2026-04-27,desk-nameplate,product_type,59.3
2026-05-04,desk-nameplate,product_type,61.6
2026-05-11,desk-nameplate,product_type,65.1
2026-05-18,desk-nameplate,product_type,63.0
2026-05-25,desk-nameplate,product_type,57.5
2026-06-01,desk-nameplate,product_type,72.0
2026-06-08,desk-nameplate,product_type,63.5
2026-06-15,desk-nameplate,product_type,67.7
2026-06-22,desk-nameplate,product_type,69.9
2026-06-29,desk-nameplate,product_type,71.9
2026-07-06,desk-nameplate,product_type,89.1
2026-07-13,desk-nameplate,product_type,87.2
2026-07-20,desk-nameplate,product_type,82.9
2026-07-27,desk-nameplate,product_type,85.0
2026-08-03,desk-nameplate,product_type,93.8
2026-08-10,desk-nameplate,product_type,91.0
2026-08-17,desk-nameplate,product_type,92.7
